Date,Mkt-RF,SMB_Final,HML,BRF,RF,^GSPC,SMB
2016-07-05,-0.85,-0.307306728,-1.37,-0.010961328,0.001,-0.006847477,-0.61
2016-07-06,0.62,0.086065078,-0.14,0.005503166,0.001,0.005352963,0.17
2016-07-07,0.02,0.17026616,-0.19,0.002984371,0.001,-0.000871578,0.34
2016-07-08,1.6,0.448685292,0.33,0.01761873,0.001,0.015253349,0.89
2016-07-11,0.43,0.298365612,0.26,0.00522986,0.001,0.003408616,0.59
2016-07-12,0.75,0.307353949,0.98,0.008241456,0.001,0.007009293,0.61
2016-07-13,-0.05,-0.261229725,0.49,-0.002762549,0.001,0.000134768,-0.52
2016-07-14,0.51,-0.231852732,0.46,0.004364467,0.001,0.005259204,-0.46
2016-07-15,-0.05,0.151673574,0,-0.000435736,0.001,-0.000928947,0.3
2016-07-18,0.25,-0.010499158,-0.13,0.003772184,0.001,0.002382295,-0.02
2016-07-19,-0.22,-0.317630681,0.06,-0.006948309,0.001,-0.001435174,-0.63
2016-07-20,0.48,0.225554355,-0.9,0.008597477,0.001,0.004270301,0.45
2016-07-21,-0.38,-0.025098932,-0.01,-0.003391945,0.001,-0.003612529,-0.05
2016-07-22,0.48,0.124847804,-0.14,0.007740432,0.001,0.004553965,0.25
2016-07-25,-0.27,-0.014302564,-0.23,-0.003159112,0.001,-0.003011475,-0.03
2016-07-26,0.13,0.286481953,0.53,0.00444614,0.001,0.000322785,0.57
2016-07-27,-0.14,0.287333792,-0.43,0.000356762,0.001,-0.001198542,0.57
2016-07-28,0.18,-0.2115371,-0.31,0.00445108,0.001,0.001606209,-0.42
2016-07-29,0.17,-0.012162262,0.05,0.003912184,0.001,0.001631309,-0.02
2016-08-01,-0.16,0.091047086,-0.88,-0.000979318,0.001,-0.001269787,0.18
2016-08-02,-0.7,-0.290593923,0.18,-0.010396898,0.001,-0.00636162,-0.58
2016-08-03,0.45,0.238146347,0.82,0.005170738,0.001,0.003133943,0.47
2016-08-04,0.05,0.043299947,-0.35,-0.00142467,0.001,0.000212572,0.09
2016-08-05,0.93,0.199055125,0.98,0.004708566,0.001,0.008603496,0.39
2016-08-08,-0.06,0.01016829,0.53,-0.001548732,0.001,-0.000907165,0.02
2016-08-09,0.05,-0.010899129,-0.3,0.002716533,0.001,0.000389794,-0.02
2016-08-10,-0.29,-0.222162508,-0.15,-0.007930768,0.001,-0.002864686,-0.44
2016-08-11,0.54,0.071031768,0.03,0.00374576,0.001,0.004734588,0.14
2016-08-12,-0.06,0.043725971,-0.16,0.002785769,0.001,-0.000796046,0.09
2016-08-15,0.39,0.366223973,0.39,0.005455563,0.001,0.002792909,0.73
2016-08-16,-0.57,-0.13128668,0.61,-0.004968113,0.001,-0.005479077,-0.26
2016-08-17,0.12,-0.277104677,0.24,0.000865513,0.001,0.00186859,-0.55
2016-08-18,0.32,0.231674089,0.34,0.003895965,0.001,0.002199617,0.46
2016-08-19,-0.11,0.060619942,-0.15,0.001254751,0.001,-0.001440272,0.12
2016-08-22,-0.02,0.127151195,-0.41,-4.34E-06,0.001,-0.000563323,0.25
2016-08-23,0.27,0.283529591,-0.03,0.001647632,0.001,0.001951769,0.56
2016-08-24,-0.56,-0.236298276,0.39,-0.007205233,0.001,-0.005240277,-0.47
2016-08-25,-0.08,0.095977795,0.48,-0.000433385,0.001,-0.001365227,0.19
2016-08-26,-0.15,0.066521513,-0.09,-0.003429317,0.001,-0.001578817,0.13
2016-08-29,0.53,-0.033414062,0.35,0.002504238,0.001,0.005228047,-0.07
2016-08-30,-0.14,0.051680206,0.32,0.00401148,0.001,-0.001953681,0.1
2016-08-31,-0.24,-0.191716343,0.14,-0.00399703,0.001,-0.002375864,-0.38
2016-09-01,0.03,0.064258738,-0.48,0.003120329,0.001,-4.14E-05,0.13
2016-09-02,0.53,0.202950534,0.37,0.00384621,0.001,0.004201041,0.4
2016-09-06,0.26,0.03900558,-0.53,0.004290504,0.001,0.002981679,0.08
2016-09-07,0.09,0.310036095,0.05,-0.003919815,0.001,-0.000146385,0.61
2016-09-08,-0.18,-0.014131692,0.58,-0.002473197,0.001,-0.002223014,-0.03
2016-09-09,-2.47,-0.287284492,0.41,-0.028085882,0.001,-0.024522069,-0.57
2016-09-12,1.44,-0.000110546,-0.48,0.01596203,0.001,0.014677053,0
2016-09-13,-1.48,-0.13092911,-0.44,-0.017014787,0.001,-0.014830674,-0.26
2016-09-14,-0.08,0.060743445,-0.81,0.001896893,0.001,-0.000587677,0.12
2016-09-15,1.07,0.151153569,-0.32,0.011862684,0.001,0.010109273,0.3
2016-09-16,-0.36,0.172445341,-0.46,-0.004588669,0.001,-0.003772295,0.34
2016-09-19,0.05,0.209114114,0.15,0.008222878,0.001,-1.86E-05,0.41
2016-09-20,-0.02,-0.111412991,-0.43,-0.003029307,0.001,0.000299138,-0.22
2016-09-21,1.12,0.075175321,0.32,0.012747706,0.001,0.010917162,0.15
2016-09-22,0.7,0.428720111,-0.07,0.010051635,0.001,0.006499785,0.85
2016-09-23,-0.6,-0.050362188,-0.18,-0.006680479,0.001,-0.005736775,-0.1
2016-09-26,-0.88,-0.106619272,-0.35,-0.00928039,0.001,-0.008587762,-0.21
2016-09-27,0.64,-0.040153286,-0.5,0.006266972,0.001,0.00644417,-0.08
2016-09-28,0.56,0.111216562,1.1,0.007530119,0.001,0.005296554,0.22
2016-09-29,-0.98,-0.207159721,0.53,-0.010491786,0.001,-0.009321411,-0.41
2016-09-30,0.88,0.186487611,0.36,0.010129209,0.001,0.007967969,0.37
2016-10-03,-0.26,-0.01466594,-0.15,-0.004433682,0.001,-0.003260696,-0.03
2016-10-04,-0.46,0.013578617,0.13,-0.009565332,0.001,-0.004955562,0.02
2016-10-05,0.58,0.137679095,0.79,0.003733081,0.001,0.004296691,0.27
2016-10-06,-0.06,-0.130522072,0.33,-0.002843621,0.001,0.00048156,-0.26
2016-10-07,-0.38,-0.256289073,0.19,-0.010049053,0.001,-0.003253484,-0.51
2016-10-10,0.52,0.283984222,0.02,0.002990843,0.001,0.004605905,0.56
2016-10-11,-1.3,-0.302321935,0.45,-0.017115313,0.001,-0.012446472,-0.6
2016-10-12,0.06,-0.115281197,0.36,-0.000944224,0.001,0.001146589,-0.23
2016-10-13,-0.42,-0.339800701,-0.61,-0.000497964,0.001,-0.003099264,-0.67
2016-10-14,0.01,-0.190938025,0.58,-0.003455294,0.001,0.000201604,-0.38
2016-10-17,-0.29,-0.023880069,0.15,-0.004232883,0.001,-0.003037994,-0.05
2016-10-18,0.6,-0.086813067,0.03,0.008974731,0.001,0.006160403,-0.17
2016-10-19,0.25,0.01884366,0.91,0.000873227,0.001,0.002191971,0.04
2016-10-20,-0.16,-0.0107172,-0.12,-0.000641327,0.001,-0.001375724,-0.02
2016-10-21,0.02,-0.07477346,-0.31,-0.0017895,0.001,-8.41E-05,-0.15
2016-10-24,0.54,0.030021546,-0.21,0.003999866,0.001,0.00474984,0.06
2016-10-25,-0.46,-0.30305919,0.25,-0.007483074,0.001,-0.003797728,-0.6
2016-10-26,-0.23,-0.426197166,0.71,-0.000787751,0.001,-0.001740411,-0.85
2016-10-27,-0.33,-0.478376102,0.57,-0.007017071,0.001,-0.002986727,-0.95
2016-10-28,-0.29,-0.046801289,0.08,0.002504454,0.001,-0.003108299,-0.09
2016-10-31,0.02,0.016177835,0.09,0.0032522,0.001,-0.000122277,0.03
2016-11-01,-0.68,-0.182030533,0.2,-0.005902645,0.001,-0.006786883,-0.36
2016-11-02,-0.73,-0.325131637,0.34,-0.005828089,0.001,-0.006525501,-0.65
2016-11-03,-0.4,-0.233924681,1.04,-0.004590895,0.001,-0.004423401,-0.47
2016-11-04,-0.12,0.426718986,-0.47,0.003651845,0.001,-0.001666131,0.85
2016-11-07,2.23,0.09620428,-0.16,0.022580327,0.001,0.022223544,0.19
2016-11-08,0.4,-0.040815938,-0.22,-0.000226841,0.001,0.003771974,-0.08
2016-11-09,1.46,0.917316454,1.05,0.008180991,0.001,0.011077021,1.81
2016-11-10,0.32,0.572745658,1.85,0.001313694,0.001,0.001950746,1.12
2016-11-11,0.18,1.268676159,-0.05,-0.001702144,0.001,-0.00139795,2.51
2016-11-14,0.21,0.296741857,1.41,0.001421751,0.001,-0.000115503,0.58
2016-11-15,0.8,-0.276727632,0.14,0.003754534,0.001,0.007480798,-0.55
2016-11-16,-0.12,0.151196367,-0.58,-0.003777713,0.001,-0.001582264,0.3
2016-11-17,0.56,0.062232232,-0.16,0.004339307,0.001,0.00467637,0.12
2016-11-18,-0.16,0.288251862,0.38,-0.004885812,0.001,-0.002386798,0.57
2016-11-21,0.77,-0.127730982,0.08,0.009019248,0.001,0.007461401,-0.25
2016-11-22,0.31,0.277200349,0.54,0.003474476,0.001,0.002165432,0.55
2016-11-23,0.16,0.254972038,0.18,-0.003172651,0.001,0.000808025,0.5
2016-11-25,0.4,-0.040235351,-0.27,0.0053366,0.001,0.003914387,-0.08
2016-11-28,-0.64,-0.372871582,0.09,-0.009314775,0.001,-0.005254536,-0.74
2016-11-29,0.11,-0.18280596,-0.04,0.002010188,0.001,0.001335293,-0.36
2016-11-30,-0.25,-0.191382242,2.23,-0.006974733,0.001,-0.002653404,-0.38
2016-12-01,-0.36,-0.340722892,2.06,-0.010052095,0.001,-0.003515529,-0.68
2016-12-02,0,0.024483424,-0.31,-0.000528605,0.001,0.000397006,0.05
2016-12-05,0.75,0.539743274,0.26,0.009769558,0.001,0.005821305,1.07
2016-12-06,0.48,0.322862544,0.22,0.004467054,0.001,0.003410888,0.64
2016-12-07,1.26,-0.312908122,0.5,0.012864058,0.001,0.013163242,-0.62
2016-12-08,0.36,0.580785294,0.59,0.005158769,0.001,0.002159343,1.15
2016-12-09,0.46,-0.138709243,0.15,0.000488522,0.001,0.005938985,-0.28
2016-12-12,-0.3,-0.469549373,-0.12,-0.005660315,0.001,-0.001137435,-0.93
2016-12-13,0.6,-0.258484152,-0.29,0.005899741,0.001,0.006539775,-0.51
2016-12-14,-0.82,-0.186028771,-0.28,-0.010725679,0.001,-0.008117172,-0.37
2016-12-15,0.46,0.191911657,0.3,0.002214089,0.001,0.003883228,0.38
2016-12-16,-0.22,0.02982636,-0.42,0.00027218,0.001,-0.001750623,0.06
2016-12-19,0.22,0.161711305,0.07,0.004634942,0.001,0.001975121,0.32
2016-12-20,0.44,0.216665443,0.63,0.003766951,0.001,0.003637512,0.43
2016-12-21,-0.24,-0.187221973,0.21,-0.002303271,0.001,-0.002457361,-0.37
2016-12-22,-0.3,-0.374062258,0.26,-0.001646545,0.001,-0.001862974,-0.74
2016-12-23,0.19,0.282304429,-0.5,0.004210492,0.001,0.001251715,0.56
2016-12-27,0.27,0.10544272,0.12,0.001509029,0.001,0.002248373,0.21
2016-12-28,-0.87,-0.136194382,0.09,-0.008095971,0.001,-0.008356529,-0.27
2016-12-29,-0.04,0.069960788,-0.33,0.000932743,0.001,-0.000293305,0.14
2016-12-30,-0.52,-0.055979828,0.22,-0.003321258,0.001,-0.00463705,-0.11
2017-01-03,0.83,-0.063885557,0.1,0.010088832,0.002,0.008486575,-0.13
2017-01-04,0.79,0.479096055,-0.16,0.012297545,0.002,0.005722274,0.95
2017-01-05,-0.21,-0.441929356,-0.8,0.002024292,0.002,-0.00077067,-0.87
2017-01-06,0.29,-0.317617083,-0.31,0.00467962,0.002,0.003516959,-0.63
2017-01-09,-0.37,-0.14204394,-1.03,-0.004355219,0.002,-0.003548594,-0.28
2017-01-10,0.16,0.494231647,0.55,0.00458347,0.002,0,0.98
2017-01-11,0.31,-0.154621058,0.54,0.004982746,0.002,0.002829638,-0.31
2017-01-12,-0.3,-0.287673233,-0.85,-0.001698383,0.002,-0.002144809,-0.57
2017-01-13,0.29,0.319904593,-0.1,0.003597152,0.002,0.001849841,0.63
2017-01-17,-0.49,-0.431377222,-0.6,-0.005450065,0.002,-0.002967503,-0.85
2017-01-18,0.24,0.090824988,0.21,0.004515641,0.002,0.001763754,0.18
2017-01-19,-0.38,-0.248612235,-0.03,-0.003199796,0.002,-0.003609309,-0.49
2017-01-20,0.33,0.02515039,0.2,0.004788837,0.002,0.003366238,0.05
2017-01-23,-0.29,-0.02631334,-0.32,-0.003568419,0.002,-0.002690125,-0.05
2017-01-24,0.83,0.347820887,0.77,0.008752553,0.002,0.006564594,0.69
2017-01-25,0.84,0.076881507,0.39,0.007191838,0.002,0.008026091,0.15
2017-01-26,-0.1,-0.312973171,0.39,0.001024952,0.002,-0.000735384,-0.62
2017-01-27,-0.12,0.003492,-0.67,-0.00219693,0.002,-0.000866464,0.01
2017-01-30,-0.68,-0.358957809,-0.44,-0.005537801,0.002,-0.006009543,-0.71
2017-01-31,0,0.449036886,-0.57,0.00092471,0.002,-0.000889905,0.89
2017-02-01,0.04,-0.028701501,0.03,-0.002345919,0.002,0.000298364,-0.06
2017-02-02,-0.02,-0.13180145,-0.28,0.002097438,0.002,0.000570309,-0.26
2017-02-03,0.82,0.272569531,0.68,0.005632766,0.002,0.007264758,0.54
2017-02-06,-0.27,-0.292062963,-0.18,-0.003568955,0.002,-0.002115357,-0.58
2017-02-07,-0.01,-0.150973348,-0.51,-0.001699021,0.002,0.000226829,-0.3
2017-02-08,0.06,-0.122690399,-0.58,0.000787343,0.002,0.000693322,-0.24
2017-02-09,0.72,0.359612061,0.02,0.005483841,0.002,0.005752546,0.71
2017-02-10,0.38,0.202643612,0.12,-0.001139507,0.002,0.00356605,0.4
2017-02-13,0.49,-0.160778142,0.34,0.00743802,0.002,0.005245845,-0.32
2017-02-14,0.45,-0.120267441,0.35,0.006163957,0.002,0.004007335,-0.24
2017-02-15,0.54,0.089802264,-0.44,0.010989321,0.002,0.004992309,0.18
2017-02-16,-0.16,-0.110477995,-0.03,0.000369361,0.002,-0.000864118,-0.22
2017-02-17,0.2,-0.000914043,-0.56,0.003387678,0.002,0.001678556,0
2017-02-21,0.6,-0.015137925,0.12,0.007483611,0.002,0.006048066,-0.03
2017-02-22,-0.15,-0.191267715,0.1,-0.002935707,0.002,-0.0010822,-0.38
2017-02-23,-0.11,-0.332362917,0.26,0.00180811,0.002,0.000418987,-0.66
2017-02-24,0.15,0.027353977,-0.95,0.005649939,0.002,0.001493364,0.05
2017-02-27,0.22,0.41371852,-0.34,0.005418089,0.002,0.001017983,0.82
2017-02-28,-0.42,-0.694008145,0.17,-0.004944259,0.002,-0.002578376,-1.38
2017-03-01,1.47,0.214974796,0.73,0.007618081,0.001,0.013673855,0.42
2017-03-02,-0.7,-0.265950256,-0.9,-0.006389999,0.001,-0.00585988,-0.53
2017-03-03,0.09,-0.116076116,0.14,0.003762743,0.001,0.000503877,-0.23
2017-03-06,-0.38,-0.182587915,-0.08,-0.007706464,0.001,-0.003277241,-0.36
2017-03-07,-0.36,-0.151481444,-0.06,-0.005090703,0.001,-0.002913374,-0.3
2017-03-08,-0.19,-0.055058924,-0.84,-0.0035103,0.001,-0.002284216,-0.11
2017-03-09,0.04,-0.23178377,-0.26,-0.003480971,0.001,0.000799895,-0.46
2017-03-10,0.34,0.0426485,-0.5,0.004630094,0.001,0.00326867,0.08
2017-03-13,0.13,0.164227313,-0.06,0.001375911,0.001,0.000366633,0.33
2017-03-14,-0.36,-0.115185938,0,-0.004330459,0.001,-0.003379027,-0.23
2017-03-15,0.86,0.377169845,-0.42,0.011181037,0.001,0.008374753,0.75
2017-03-16,-0.06,0.227351322,0.24,-0.001271066,0.001,-0.00162671,0.45
2017-03-17,-0.08,0.310787501,-0.29,-0.001031272,0.001,-0.001314315,0.62
2017-03-20,-0.25,-0.041910522,-0.73,-0.001822568,0.001,-0.002009893,-0.08
2017-03-21,-1.48,-0.672114288,-0.68,-0.015210624,0.001,-0.012407973,-1.33
2017-03-22,0.16,-0.152633409,-0.56,0.004451961,0.001,0.001889886,-0.3
2017-03-23,-0.03,0.34861467,0.48,-0.001888081,0.001,-0.00106027,0.69
2017-03-24,-0.05,0.064861803,-0.23,0.003203008,0.001,-0.000843996,0.13
2017-03-27,-0.05,0.28304312,-0.49,-0.001122523,0.001,-0.001019587,0.56
2017-03-28,0.72,-0.07829304,0.72,0.005709984,0.001,0.007251474,-0.16
2017-03-29,0.18,0.196929769,-0.06,0.005146684,0.001,0.001085325,0.39
2017-03-30,0.36,0.169373095,0.92,0.001291628,0.001,0.00293511,0.33
2017-03-31,-0.16,0.292441172,-0.32,0.001460914,0.001,-0.002255048,0.58
2017-04-03,-0.28,-0.554639222,-0.11,-0.005116248,0.003,-0.001642126,-1.1
2017-04-04,0.05,-0.115925385,0.32,-0.001118252,0.003,0.000559522,-0.23
2017-04-05,-0.44,-0.397686223,-0.31,-0.004017942,0.003,-0.003054861,-0.79
2017-04-06,0.32,0.342833584,0.48,0.005119231,0.003,0.001929509,0.68
2017-04-07,-0.08,0.065473897,-0.26,-0.000444897,0.003,-0.00082713,0.13
2017-04-10,0.08,0.055670816,0.07,-0.000786314,0.003,0.000687686,0.11
2017-04-11,-0.05,0.408544641,0.21,-0.000799967,0.003,-0.001433879,0.81
2017-04-12,-0.49,-0.419543443,-0.53,-0.005309391,0.003,-0.003759951,-0.83
2017-04-13,-0.75,-0.117363815,-0.79,-0.004368732,0.003,-0.006814694,-0.23
2017-04-17,0.89,0.115625997,0.22,0.009083544,0.003,0.008613349,0.23
2017-04-18,-0.25,0.180680659,-0.18,-0.001675928,0.003,-0.00290338,0.36
2017-04-19,-0.08,0.297778742,-0.43,-0.000362694,0.003,-0.001716351,0.59
2017-04-20,0.83,0.25728395,0.26,0.006213673,0.003,0.007557263,0.51
2017-04-21,-0.28,0.054760622,-0.14,-0.002410017,0.003,-0.003035073,0.11
2017-04-24,1.18,0.091680705,0.49,0.012472241,0.003,0.010840069,0.18
2017-04-25,0.66,0.181806894,-0.05,0.008752216,0.003,0.006090687,0.36
2017-04-26,0.04,0.358673813,0.31,0.001265892,0.003,-0.000485703,0.71
2017-04-27,0.05,-0.072165808,-0.96,0.004245316,0.003,0.00055292,-0.14
2017-04-28,-0.3,-0.342672354,-0.61,-0.007187246,0.003,-0.001913147,-0.68
2017-05-01,0.21,0.133215274,-0.13,0.000998018,0.003,0.001732291,0.26
2017-05-02,0.03,-0.235377996,-0.19,0.001688052,0.003,0.00118905,-0.47
2017-05-03,-0.19,-0.276508473,0.22,-0.003348729,0.003,-0.001271361,-0.55
2017-05-04,0.02,-0.030966973,-0.38,-0.000881542,0.003,0.000582103,-0.06
2017-05-05,0.46,0.029147571,0.04,0.004099673,0.003,0.004088695,0.06
2017-05-08,-0.04,-0.125695678,0.26,-0.004684737,0.003,3.74E-05,-0.25
2017-05-09,-0.05,0.25053024,-0.8,0.001682175,0.003,-0.001025249,0.5
2017-05-10,0.21,0.094892665,0.04,0.001417166,0.003,0.001130601,0.19
2017-05-11,-0.26,-0.18102598,-0.15,0.000437187,0.003,-0.002162809,-0.36
2017-05-12,-0.18,-0.146454923,-0.61,-0.001001939,0.003,-0.001478441,-0.29
2017-05-15,0.53,0.129632798,0.21,0.007877049,0.003,0.004776514,0.26
2017-05-16,-0.03,0.074884376,-0.08,-0.000551445,0.003,-0.000686897,0.15
2017-05-17,-1.97,-0.439151482,-0.52,-0.01703846,0.003,-0.018178215,-0.87
2017-05-18,0.4,0.015341189,-0.4,0.003199541,0.003,0.003686819,0.03
2017-05-19,0.7,-0.191405966,0.39,0.010173891,0.003,0.0067675,-0.38
2017-05-22,0.56,0.135990515,-0.27,0.002170473,0.003,0.005160132,0.27
2017-05-23,0.18,-0.050110547,0.62,0.002000965,0.003,0.001837872,-0.1
2017-05-24,0.24,-0.071364851,-0.48,0.003330262,0.003,0.002489127,-0.14
2017-05-25,0.42,-0.146732187,-0.74,0.003066499,0.003,0.004441948,-0.29
2017-05-26,0.06,-0.011086884,0.09,-0.000633638,0.003,0.00031055,-0.02
2017-05-30,-0.19,-0.253197648,-0.33,-0.000914759,0.003,-0.001204624,-0.5
2017-05-31,-0.02,0.013766532,-0.55,0.003222224,0.003,-0.000459969,0.03
2017-06-01,0.95,0.504370895,0.04,0.010372194,0.003,0.007571113,1
2017-06-02,0.35,0.270832411,-0.81,0.006206186,0.003,0.003707731,0.54
2017-06-05,-0.17,-0.232054559,-0.01,-0.001365095,0.003,-0.001217665,-0.46
2017-06-06,-0.28,0.049919133,-0.03,-0.001106605,0.003,-0.00277904,0.1
2017-06-07,0.15,-0.095143677,-0.05,0.000918472,0.003,0.001568257,-0.19
2017-06-08,0.18,0.583474716,0.92,3.60E-05,0.003,0.000267205,1.15
2017-06-09,-0.12,0.013061087,2.46,-0.004718604,0.003,-0.000829989,0.02
2017-06-12,-0.11,-0.130509822,0.34,0.000403676,0.003,-0.000978763,-0.26
2017-06-13,0.55,0.044408801,-0.14,0.009823648,0.003,0.004511505,0.09
2017-06-14,-0.17,-0.241099595,-0.52,-0.001339284,0.003,-0.000995831,-0.48
2017-06-15,-0.3,-0.120515376,-0.11,-0.004487461,0.003,-0.002239598,-0.24
2017-06-16,-0.03,-0.104707979,-0.13,-0.001253853,0.003,0.000283639,-0.21
2017-06-19,0.86,0.05004075,-0.77,0.010338491,0.003,0.008347229,0.1
2017-06-20,-0.73,-0.201061216,-0.49,-0.006023627,0.003,-0.006696638,-0.4
2017-06-21,-0.07,-0.032435489,-1.69,0.004548861,0.003,-0.000582644,-0.06
2017-06-22,0.02,0.262995763,-0.38,0.001499347,0.003,-0.000455782,0.52
2017-06-23,0.24,0.418316636,-0.49,0.002007928,0.003,0.001560916,0.83
2017-06-26,0.04,-0.025641427,0.7,0.00084547,0.003,0.000315802,-0.05
2017-06-27,-0.85,-0.20040491,1.35,-0.010696553,0.003,-0.008072825,-0.4
2017-06-28,1.02,0.373504595,0.19,0.011053568,0.003,0.008808066,0.74
2017-06-29,-0.83,-0.052968548,1.38,-0.011404339,0.003,-0.008600023,-0.11
2017-06-30,0.14,-0.046199823,-0.28,0.003281078,0.003,0.001533232,-0.09
2017-07-03,0.24,0.17773559,1.21,0.001113789,0.004,0.002310834,0.35
2017-07-05,0.12,-0.348467293,-0.59,0.000877621,0.004,0.001453279,-0.69
2017-07-06,-0.95,-0.257477436,0.12,-0.008626052,0.004,-0.009368824,-0.51
2017-07-07,0.7,0.212792233,-0.41,0.00503819,0.004,0.006403126,0.42
2017-07-10,0.05,-0.22361862,-0.08,0.001653622,0.004,0.000927766,-0.44
2017-07-11,0,0.185811685,-0.55,0.000849488,0.004,-0.000782681,0.37
2017-07-12,0.72,0.060235552,-0.54,0.009685179,0.004,0.007305608,0.12
2017-07-13,0.17,-0.03978107,0.37,0.00027806,0.004,0.001874584,-0.08
2017-07-14,0.42,-0.066887137,-0.51,0.005374035,0.004,0.004673503,-0.13
2017-07-17,0,0.111801043,0.11,-0.003602584,0.004,-5.29E-05,0.22
2017-07-18,0.04,-0.151553623,-0.32,-0.000795047,0.004,0.000597857,-0.3
2017-07-19,0.59,0.261331426,0.03,0.004766703,0.004,0.005372639,0.52
2017-07-20,-0.01,0.024677653,-0.03,0.002707565,0.004,-0.000153659,0.05
2017-07-21,-0.08,-0.205960321,-0.23,-0.000970604,0.004,-0.000367872,-0.41
2017-07-24,-0.03,0.051926887,-0.19,-0.000839259,0.004,-0.001063735,0.1
2017-07-25,0.38,0.179389228,0.94,-0.000964848,0.004,0.002923172,0.35
2017-07-26,-0.06,-0.172722255,-0.76,0.001702408,0.004,0.000282664,-0.34
2017-07-27,-0.14,-0.316493883,0.41,-0.001921007,0.004,-0.000972688,-0.63
2017-07-28,-0.17,-0.021487645,0.24,0.004490571,0.004,-0.001341115,-0.04
2017-07-31,-0.11,-0.182093811,0.44,-0.000646214,0.004,-0.000728146,-0.36
2017-08-01,0.24,-0.09997067,0.11,0.006611118,0.004,0.002449115,-0.2
2017-08-02,-0.08,-0.592026348,0.14,-0.004922922,0.004,0.000492648,-1.17
2017-08-03,-0.21,-0.165711717,-0.31,-0.004228777,0.004,-0.002183654,-0.33
2017-08-04,0.25,0.153121015,0.36,0.002254056,0.004,0.001889104,0.3
2017-08-07,0.16,-0.044752072,-0.59,0.001766133,0.004,0.0016472,-0.09
2017-08-08,-0.24,-0.039629788,0.24,-0.000700025,0.004,-0.002414433,-0.08
2017-08-09,-0.14,-0.390288434,-0.1,-0.001392991,0.004,-0.000363609,-0.77
2017-08-10,-1.49,-0.152383399,0.25,-0.017396146,0.004,-0.014474442,-0.3
2017-08-11,0.2,0.120945755,-0.88,0.004299318,0.004,0.00127557,0.24
2017-08-14,1.03,0.131883124,0.1,0.015089862,0.004,0.010043755,0.26
2017-08-15,-0.11,-0.429318844,-0.03,-0.001811038,0.004,-0.000498808,-0.85
2017-08-16,0.18,-0.066424509,-0.44,0.004372902,0.004,0.001420103,-0.13
2017-08-17,-1.59,-0.07540676,-0.16,-0.014658089,0.004,-0.015436952,-0.15
2017-08-18,-0.15,0.064589886,0.23,-0.000723052,0.004,-0.001835367,0.13
2017-08-21,0.06,-0.128524795,-0.23,0.001704685,0.004,0.001162651,-0.25
2017-08-22,1.07,-0.003962827,-0.24,0.007446536,0.004,0.00994078,-0.01
2017-08-23,-0.32,0.050646487,0.41,-0.004187986,0.004,-0.003453593,0.1
2017-08-24,-0.14,0.302702205,0.18,-0.001745536,0.004,-0.002074462,0.6
2017-08-25,0.18,0.065401165,0.57,0.000121673,0.004,0.001672869,0.13
2017-08-28,0.08,0.182630879,-0.71,0.002894156,0.004,0.000487072,0.36
2017-08-29,0.1,0.066066319,-0.38,0.002686447,0.004,0.000842822,0.13
2017-08-30,0.53,-1.49E-05,-0.3,0.006981535,0.004,0.004615149,0
2017-08-31,0.62,0.242275774,-0.44,0.006222367,0.004,0.005720976,0.48
2017-09-01,0.27,0.206735666,0.41,0.005829216,0.005,0.001982541,0.41
2017-09-05,-0.81,0.053234345,-0.96,-0.006557351,0.005,-0.007550807,0.11
2017-09-06,0.28,-0.01582018,0.13,0.007644689,0.005,0.003128727,-0.03
2017-09-07,-0.07,0.070200413,-0.91,0.003976848,0.005,-0.000178436,0.14
2017-09-08,-0.16,0.016464523,0.37,0.000239406,0.005,-0.001488851,0.03
2017-09-11,1.08,-0.060470784,0.65,0.008731068,0.005,0.010839299,-0.12
2017-09-12,0.44,0.117372365,0.71,0.003984381,0.005,0.003363948,0.23
2017-09-13,0.11,0.157207802,0.37,-0.000884884,0.005,0.000757121,0.31
2017-09-14,-0.12,-0.021284396,-0.07,-0.001173388,0.005,-0.001100718,-0.04
2017-09-15,0.19,0.137045319,0.13,0.004046355,0.005,0.001847181,0.27
2017-09-18,0.24,0.19187218,0.2,0.000871696,0.005,0.001455921,0.38
2017-09-19,0.15,-0.151911225,0.39,-0.001000377,0.005,0.001110195,-0.3
2017-09-20,0.16,0.117628303,0.51,-0.002671753,0.005,0.000634348,0.23
2017-09-21,-0.28,0.056204114,0.36,-0.000968411,0.005,-0.003045917,0.11
2017-09-22,0.12,0.217991357,0.12,-0.001293616,0.005,0.000647794,0.43
2017-09-25,-0.25,0.162427364,0.61,-0.004925528,0.005,-0.00222205,0.32
2017-09-26,0.05,0.198848518,0.14,3.59E-05,0.005,7.22E-05,0.39
2017-09-27,0.63,0.693398716,0.2,0.006408076,0.005,0.004085144,1.37
2017-09-28,0.13,0.081300539,-0.05,0.002117663,0.005,0.001204616,0.16
2017-09-29,0.35,-0.066052068,-0.26,0.005739839,0.005,0.00370511,-0.13
2017-10-02,0.5,-0.047776555,0.14,0.008510634,0.004,0.003874004,0.84
2017-10-03,0.26,-0.056307791,-0.03,0.004939013,0.004,0.002158838,-0.04
2017-10-04,0.05,-0.056953733,-0.45,0.003139321,0.004,0.00124672,-0.28
2017-10-05,0.55,-0.053887285,0.36,0.000796379,0.004,0.005646787,-0.34
2017-10-06,-0.08,-0.056635833,-0.26,0.001484873,0.004,-0.001073634,-0.08
2017-10-09,-0.22,-0.056183292,-0.01,-0.003263658,0.004,-0.001804434,-0.28
2017-10-10,0.24,-0.057294582,0.42,0.004674765,0.004,0.002322413,-0.01
2017-10-11,0.16,-0.05648002,-0.21,0.001397867,0.004,0.001803507,-0.19
2017-10-12,-0.18,-0.054561605,-0.51,0.00034808,0.004,-0.001686753,0.05
2017-10-13,0.04,-0.057328691,0.11,-0.000229929,0.004,0.000878107,-0.25
2017-10-16,0.17,-0.053966497,0.33,-4.02E-05,0.004,0.001750753,-0.3
2017-10-17,0.01,-0.056864819,-0.28,0.00125805,0.004,0.000672579,-0.31
2017-10-18,0.14,-0.053411988,0.21,0.001174198,0.004,0.000742335,0.29
2017-10-19,0.02,-0.05664162,0.18,0.001263424,0.004,0.000327998,-0.38
2017-10-20,0.57,-0.05292182,0.29,0.003529828,0.004,0.005116843,-0.09
2017-10-23,-0.45,-0.057030534,0.19,-0.003118845,0.004,-0.003972484,-0.44
2017-10-24,0.2,-0.054892559,0.48,-0.001064859,0.004,0.001617909,-0.19
2017-10-25,-0.51,-0.053782685,0.13,-0.007739659,0.004,-0.00466305,0
2017-10-26,0.2,-0.052590121,0.26,0.000540732,0.004,0.001270946,0.04
2017-10-27,0.82,-0.051969635,-0.97,0.003121842,0.004,0.008073022,-0.01
2017-10-30,-0.46,-0.059680282,-0.05,-0.000431504,0.004,-0.00319247,-0.78
2017-10-31,0.23,-0.049528202,-0.25,0.002126548,0.004,0.000944459,0.84
2017-11-01,0.05,-0.058576354,0.11,-0.004958521,0.004,0.00159211,-0.76
2017-11-02,0.06,-0.052855168,0.5,-0.006251718,0.004,0.000189966,-0.04
2017-11-03,0.31,-0.056409802,-0.73,0.0089721,0.004,0.003097075,-0.41
2017-11-06,0.06,-0.055123481,0.19,0.004369538,0.004,0.001271251,0.23
2017-11-07,-0.2,-0.060235445,-0.4,-0.003730381,0.004,-0.000189103,-1.36
2017-11-08,0.12,-0.054409837,-0.58,0.005051554,0.004,0.001443655,0.07
2017-11-09,-0.41,-0.053744104,0.24,-0.002144583,0.004,-0.003761888,-0.01
2017-11-10,0.01,-0.052577648,-0.42,0.003930741,0.004,-0.000897644,0.06
2017-11-13,0.09,-0.053577106,0.07,-0.001194253,0.004,0.000983634,-0.31
2017-11-14,-0.22,-0.054806755,0,-0.002574881,0.004,-0.002309609,-0.13
2017-11-15,-0.52,-0.055411076,0.22,-0.003946163,0.004,-0.005525676,-0.05
2017-11-16,1.01,-0.052332124,-0.54,0.012584563,0.004,0.008196058,0.85
2017-11-17,-0.14,-0.053656537,0.29,0.001616712,0.004,-0.002625963,0.75
2017-11-20,0.21,-0.052323193,0.02,-0.001858942,0.004,0.001275683,0.56
2017-11-21,0.68,-0.052223108,-0.33,0.008115698,0.004,0.006541139,0.41
2017-11-22,-0.05,-0.054047528,-0.06,-0.002286016,0.004,-0.000750261,0.11
2017-11-24,0.21,-0.054422324,-0.44,0.000555625,0.004,0.002056095,0.02
2017-11-27,-0.06,-0.054916917,0.01,-0.006209204,0.004,-0.000384258,-0.37
2017-11-28,1.06,-0.051013453,0.87,0.008822582,0.004,0.009848513,0.39
2017-11-29,0.02,-0.053568176,1.46,-0.001749315,0.004,-0.000369226,0.03
2017-11-30,0.82,-0.055723582,-0.53,0.003145333,0.004,0.008190951,-0.56
2017-12-01,-0.22,-0.057520658,0.39,-0.000586023,0.004,-0.002024531,-0.36
2017-12-04,-0.1,-0.05453985,1.24,-0.004898737,0.004,-0.001052157,-0.35
2017-12-05,-0.43,-0.055801455,-0.22,-0.005699241,0.004,-0.003739382,-0.45
2017-12-06,-0.09,-0.05644716,-0.53,-0.00105382,0.004,-0.000114105,-0.46
2017-12-07,0.42,-0.056209373,-0.18,0.007418665,0.004,0.002932358,0.27
2017-12-08,0.51,-0.056904699,-0.12,0.005867261,0.004,0.005506306,-0.45
2017-12-11,0.26,-0.057001231,-0.17,-0.000260042,0.004,0.003201957,-0.41
2017-12-12,0.07,-0.056028853,0.52,0.000622182,0.004,0.001548922,-0.54
2017-12-13,0.02,-0.053144499,-0.88,0.00066451,0.004,-0.000472957,0.72
2017-12-14,-0.47,-0.059279313,-0.2,-0.004062115,0.004,-0.004070859,-0.69
2017-12-15,0.92,-0.051112506,0.04,0.009951109,0.004,0.008974344,0.68
2017-12-18,0.67,-0.053790299,0.26,0.007653388,0.004,0.005362807,0.74
2017-12-19,-0.3,-0.055999528,-0.25,-0.006558845,0.004,-0.003230269,-0.37
2017-12-20,0.01,-0.053153203,0.07,0.000278918,0.004,-0.000827893,0.35
2017-12-21,0.24,-0.053470854,0.64,0.002381589,0.004,0.001985656,0.27
2017-12-22,-0.07,-0.056232008,-0.21,0.00106621,0.004,-0.000458166,-0.21
2017-12-26,-0.07,-0.053909275,-0.07,-0.002287059,0.004,-0.001058415,0.34
2017-12-27,0.05,-0.055394933,-0.2,0.001580195,0.004,0.000790941,-0.13
2017-12-28,0.22,-0.052940629,0.04,3.93E-05,0.004,0.001833999,0.12
2017-12-29,-0.57,-0.056184407,0.01,-0.006612926,0.004,-0.005183153,-0.3
2018-01-02,0.85,-0.052422685,-0.23,0.008791384,0.005,0.008303362,0.34
2018-01-03,0.59,-0.057020257,-0.2,0.002346581,0.005,0.006398819,-0.39
2018-01-04,0.42,-0.057538138,0.25,0.004848819,0.005,0.004028636,-0.26
2018-01-05,0.66,-0.055183393,-0.26,0.009311813,0.005,0.007033767,-0.35
2018-01-08,0.19,-0.054475803,0.05,0.001955653,0.005,0.001662344,-0.16
2018-01-09,0.15,-0.055476098,-0.05,0.003214246,0.005,0.001302932,-0.35
2018-01-10,-0.07,-0.054229171,0.59,-0.004710697,0.005,-0.001112227,0.07
2018-01-11,0.87,-0.049758362,0.31,0.009652176,0.005,0.007033647,1.13
2018-01-12,0.66,-0.057156395,0.16,0.007311706,0.005,0.006749603,-0.31
2018-01-16,-0.49,-0.058401166,-0.01,-0.006864043,0.005,-0.003524487,-1.03
2018-01-17,0.95,-0.054765354,-0.12,0.011292689,0.005,0.009415052,-0.05
2018-01-18,-0.18,-0.057335965,-0.25,-0.004530569,0.005,-0.00161639,-0.5
2018-01-19,0.57,-0.050279936,-0.05,0.003367564,0.005,0.004385235,0.93
2018-01-22,0.77,-0.05561596,-0.16,0.005990488,0.005,0.008066727,-0.33
2018-01-23,0.22,-0.053735549,-0.36,0.002635186,0.005,0.002174365,0.14
2018-01-24,-0.13,-0.056874353,0.42,-0.001515876,0.005,-0.000559976,-0.81
2018-01-25,0.07,-0.052883218,-0.48,0.001311744,0.005,0.000602621,0.18
2018-01-26,1.11,-0.058901435,-0.55,0.013125601,0.005,0.011841196,-0.64
2018-01-29,-0.62,-0.055884287,-0.22,-0.005259811,0.005,-0.006731974,-0.01
2018-01-30,-1.06,-0.05577752,-0.21,-0.00855619,0.005,-0.010898815,0.14
2018-01-31,-0.07,-0.05875046,0.1,0.000181704,0.005,0.000488985,-0.75
2018-02-01,0.03,-0.054262073,0.55,8.98E-05,0.006,-0.000648089,0.09
2018-02-02,-2.13,-0.057202407,-0.29,-0.017982277,0.006,-0.021208548,0.05
2018-02-05,-4.03,-0.054248902,-0.56,-0.037056694,0.006,-0.040979225,0.78
2018-02-06,1.67,-0.05467283,-0.2,0.009816733,0.006,0.017440921,-0.52
2018-02-07,-0.37,-0.05185495,0.22,-0.003773607,0.006,-0.005001589,0.52
2018-02-08,-3.68,-0.051374547,0.5,-0.036954586,0.006,-0.03753642,0.81
2018-02-09,1.36,-0.057401942,0.14,0.014082082,0.006,0.01493609,-0.6
2018-02-12,1.36,-0.057021199,-0.28,0.015623128,0.006,0.013914585,-0.45
2018-02-13,0.31,-0.053745904,-0.25,0.004854872,0.006,0.00261293,0.06
2018-02-14,1.52,-0.051828187,0.48,0.011039156,0.006,0.013402458,0.25
2018-02-15,1.21,-0.056126247,-0.65,0.00904622,0.006,0.012069113,-0.13
2018-02-16,0.03,-0.054741902,0.16,0.001116203,0.006,0.00037347,0.35
2018-02-20,-0.62,-0.056257723,-0.23,-0.006410314,0.006,-0.005841389,-0.36
2018-02-21,-0.43,-0.050791272,0.21,-0.006768408,0.006,-0.005496503,0.77
2018-02-22,0.01,-0.055503967,-0.41,-5.25E-05,0.006,0.000973551,0.06
2018-02-23,1.54,-0.056107982,-0.12,0.013565662,0.006,0.016028376,-0.36
2018-02-26,1.12,-0.055882674,-0.06,0.008980319,0.006,0.011757015,-0.49
2018-02-27,-1.25,-0.055413423,0.03,-0.011751832,0.006,-0.012706889,-0.2
2018-02-28,-1.1,-0.055234282,-0.29,-0.009626399,0.006,-0.011095789,-0.41
2018-03-01,-1.18,-0.052398497,-0.01,-0.008913219,0.006,-0.013324399,1.01
2018-03-02,0.7,-0.049726724,-0.48,0.008974732,0.006,0.005071603,1.16
2018-03-05,1.06,-0.056480015,0.26,0.00978047,0.006,0.011032026,-0.38
2018-03-06,0.36,-0.051333209,0.09,0.004146399,0.006,0.002638859,0.67
2018-03-07,0.05,-0.051989417,-0.42,0.002647599,0.006,-0.000483875,0.8
2018-03-08,0.37,-0.057505739,-0.35,0.005338364,0.006,0.004463078,-0.47
2018-03-09,1.7,-0.052490173,0.28,0.013416011,0.006,0.017378831,-0.26
2018-03-12,-0.09,-0.052695528,-0.07,0.000483921,0.006,-0.001273985,0.46
2018-03-13,-0.67,-0.054808892,0.01,-0.004463153,0.006,-0.006363577,0.09
2018-03-14,-0.53,-0.055112004,-0.56,-0.00449392,0.006,-0.005724522,0.25
2018-03-15,-0.18,-0.056501412,0.31,-0.000894882,0.006,-0.00078193,-0.4
2018-03-16,0.25,-0.053855756,0.19,0.002555258,0.006,0.001703447,0.47
2018-03-19,-1.38,-0.053079852,0.42,-0.011401481,0.006,-0.014204195,0.35
2018-03-20,0.15,-0.056001073,-0.36,0.003340488,0.006,0.001481805,-0.07
2018-03-21,-0.06,-0.052040806,0.44,-0.00045977,0.006,-0.00184399,0.75
2018-03-22,-2.54,-0.05401793,-0.49,-0.021853958,0.006,-0.025162889,0.52
2018-03-23,-2.09,-0.055589184,-0.22,-0.020713275,0.006,-0.02096688,0.22
2018-03-26,2.67,-0.056529597,0.01,0.022437132,0.006,0.027157256,-0.7
2018-03-27,-1.87,-0.057271977,0.36,-0.014996711,0.006,-0.017276309,-0.23
2018-03-28,-0.35,-0.054484974,0.66,0.00028397,0.006,-0.002916657,0.13
2018-03-29,1.41,-0.05638578,-0.2,0.014046978,0.006,0.013769719,-0.3
2018-04-02,-2.29,-0.05702741,0.38,-0.025399432,0.007,-0.022337423,-0.15
2018-04-03,1.24,-0.055360212,0.17,0.014728142,0.007,0.012614866,-0.04
2018-04-04,1.17,-0.053108372,-0.31,0.013433995,0.007,0.011566483,0.32
2018-04-05,0.75,-0.052566063,0.47,0.002871939,0.007,0.006862864,0.03
2018-04-06,-2.19,-0.054486945,-0.05,-0.020002605,0.007,-0.021920249,0.4
2018-04-09,0.3,-0.056910441,-0.5,0.003606787,0.007,0.003336549,-0.16
2018-04-10,1.77,-0.05308455,-0.13,0.013757975,0.007,0.016726954,0.4
2018-04-11,-0.49,-0.053020852,-0.31,-0.004970046,0.007,-0.005525365,0.93
2018-04-12,0.84,-0.054480937,0.19,0.004961286,0.007,0.00825075,-0.23
2018-04-13,-0.37,-0.05441883,-0.26,-0.005181848,0.007,-0.002886625,0.03
2018-04-16,0.82,-0.052952978,-0.03,0.006514602,0.007,0.008109038,0.07
2018-04-17,1.09,-0.054830461,-1.18,0.009917254,0.007,0.010661505,0.17
2018-04-18,0.13,-0.053970651,0.04,0.003162248,0.007,0.000831366,0.23
2018-04-19,-0.49,-0.052872931,1.07,-0.008666116,0.007,-0.005726125,-0.47
2018-04-20,-0.81,-0.055225351,0.59,-0.007039429,0.007,-0.008536532,0.06
2018-04-23,-0.05,-0.055792499,0.21,-0.000567066,0.007,5.62E-05,-0.07
2018-04-24,-1.3,-0.053688921,1,-0.010758886,0.007,-0.013380561,0.52
2018-04-25,0.1,-0.056305294,0.04,0.001403121,0.007,0.001837059,-0.34
2018-04-26,0.96,-0.056803948,-0.87,0.006451871,0.007,0.010434205,-0.38
2018-04-27,0.01,-0.055655638,0.04,0.003938347,0.007,0.001113625,-0.26
2018-04-30,-0.8,-0.055100466,-0.09,-0.009139883,0.007,-0.008187491,0.04
2018-05-01,0.24,-0.055957122,-0.56,0.009421031,0.006,0.002549045,0.23
2018-05-02,-0.63,-0.048005397,-0.34,-0.006892023,0.006,-0.007205864,1.29
2018-05-03,-0.25,-0.056160269,-0.17,-0.001747044,0.006,-0.002253674,-0.5
2018-05-04,1.3,-0.054235632,-0.18,0.012594953,0.006,0.012811179,0.02
2018-05-07,0.42,-0.051584693,-0.35,0.004143485,0.006,0.003457946,0.41
2018-05-08,0.07,-0.052538596,0.26,-0.005294247,0.006,-0.000265641,0.49
2018-05-09,0.89,-0.055813666,0.26,0.002970627,0.006,0.00968222,-0.19
2018-05-10,0.84,-0.055633907,-0.06,0.011526915,0.006,0.009370644,-0.44
2018-05-11,0.19,-0.052014361,-0.37,0.006011277,0.006,0.001707596,0.11
2018-05-14,0.05,-0.055969225,0.11,4.87E-05,0.006,0.00088349,-0.35
2018-05-15,-0.55,-0.051390517,0.41,-0.006857036,0.006,-0.00684214,0.68
2018-05-16,0.5,-0.05211896,-0.25,0.007186918,0.006,0.004060562,0.7
2018-05-17,0.02,-0.051582268,0.29,-0.000169849,0.006,-0.000855872,0.9
2018-05-18,-0.23,-0.052734113,-0.61,-0.003484019,0.006,-0.002632195,0.58
2018-05-21,0.72,-0.053617604,0.42,0.005494734,0.006,0.007386753,-0.21
2018-05-22,-0.42,-0.058491763,0.62,-0.00492577,0.006,-0.003135762,-0.76
2018-05-23,0.29,-0.054127862,-0.7,-0.001679176,0.006,0.00324841,0.05
2018-05-24,-0.16,-0.053839121,-0.34,-0.001861837,0.006,-0.002023213,0.36
2018-05-25,-0.21,-0.054092631,-0.42,-0.000807075,0.006,-0.002357221,0.22
2018-05-29,-1.03,-0.049601469,-0.99,-0.011473209,0.006,-0.011564187,1.35
2018-05-30,1.31,-0.055340469,0.38,0.012488626,0.006,0.012695791,0.06
2018-05-31,-0.7,-0.055255255,-0.41,-0.007891283,0.006,-0.00687956,0.07
2018-06-01,1.06,-0.055809735,-0.11,0.010756483,0.006,0.01084923,-0.23
2018-06-04,0.48,-0.053968233,-0.46,0.000670078,0.006,0.004479598,0.15
2018-06-05,0.16,-0.051664375,-0.43,-0.000883853,0.006,0.000702593,0.82
2018-06-06,0.86,-0.055870334,0.19,0.006850885,0.006,0.008567393,-0.34
2018-06-07,-0.14,-0.056837845,0.91,-3.81E-05,0.006,-0.000714189,-0.3
2018-06-08,0.31,-0.055799755,-0.41,0.005094098,0.006,0.003125904,0.09
2018-06-11,0.12,-0.056856039,-0.17,0.004347738,0.006,0.001068708,0.17
2018-06-12,0.23,-0.053653894,-0.63,0.005268827,0.006,0.001743385,0.25
2018-06-13,-0.33,-0.053868181,-0.18,-0.000964224,0.006,-0.004026128,0.09
2018-06-14,0.27,-0.055127854,-0.99,0.002773578,0.006,0.00247155,0.32
2018-06-15,-0.08,-0.053977993,-0.24,0.000129296,0.006,-0.001017103,0.04
2018-06-18,-0.09,-0.050948367,0.08,-0.004862332,0.006,-0.002126128,0.73
2018-06-19,-0.38,-0.051831179,-0.15,-0.00380373,0.006,-0.004023402,0.56
2018-06-20,0.23,-0.051053585,-0.49,0.002828191,0.006,0.001712154,0.73
2018-06-21,-0.73,-0.056590912,0.34,-0.009740347,0.006,-0.00634551,-0.64
2018-06-22,0.11,-0.058356535,0.46,0.00571495,0.006,0.001861934,0.02
2018-06-25,-1.48,-0.056012128,0.57,-0.015963806,0.006,-0.013724669,-0.55
2018-06-26,0.27,-0.052307493,-0.24,0.00291571,0.006,0.002204577,0.63
2018-06-27,-1.02,-0.060160976,0.37,-0.009273172,0.006,-0.008604355,-0.98
2018-06-28,0.58,-0.054997864,-0.5,0.002675071,0.006,0.00617869,-0.17
2018-06-29,0.07,-0.05738117,-0.24,0.007860067,0.006,0.000758403,-0.2
2018-07-02,0.36,-0.050976157,-0.23,0.000954308,0.008,0.003067958,0.41
2018-07-03,-0.44,-0.053100193,0,-0.003014281,0.008,-0.004947351,0.8
2018-07-05,0.87,-0.054489393,-0.44,0.007692221,0.008,0.008620803,0.44
2018-07-06,0.88,-0.055153812,-0.31,0.009378706,0.008,0.008481282,0.05
2018-07-09,0.93,-0.054862172,0.84,0.00851808,0.008,0.008822986,-0.4
2018-07-10,0.21,-0.06059953,-0.15,0.004245972,0.008,0.003473267,-0.78
2018-07-11,-0.69,-0.054908422,-0.45,-0.010467453,0.008,-0.007094203,-0.02
2018-07-12,0.86,-0.057881731,-1.09,0.009611846,0.008,0.008749042,-0.31
2018-07-13,0.08,-0.055702215,-0.27,0.000908565,0.008,0.001079238,-0.12
2018-07-16,-0.16,-0.057340682,0.96,-0.003594986,0.008,-0.001028136,-0.78
2018-07-17,0.48,-0.053208972,-0.75,0.003917288,0.008,0.003973699,0.25
2018-07-18,0.27,-0.055019295,0.65,0.001848583,0.008,0.002160512,-0.28
2018-07-19,-0.34,-0.052688956,-0.36,0.001706199,0.008,-0.003952993,0.98
2018-07-20,-0.1,-0.056556909,0.12,-0.002089731,0.008,-0.000948448,-0.17
2018-07-23,0.15,-0.053855957,0.53,-0.003000361,0.008,0.001838049,-0.3
2018-07-24,0.22,-0.06031062,0.41,-0.002687889,0.008,0.004780911,-1.36
2018-07-25,0.83,-0.058739982,-1.04,0.009104366,0.008,0.009101605,-0.43
2018-07-26,-0.2,-0.05326955,0.56,0.003071751,0.008,-0.003032296,0.65
2018-07-27,-0.82,-0.062022321,1.08,-0.004544547,0.008,-0.006562209,-1.37
2018-07-30,-0.7,-0.056786182,1.58,-0.004462946,0.008,-0.00575417,-0.23
2018-07-31,0.51,-0.052403785,-1.11,0.010193183,0.008,0.004884729,0.83
2018-08-01,-0.13,-0.053242768,-0.2,-0.002091491,0.007,-0.001040352,0.07
2018-08-02,0.67,-0.054163619,-0.69,0.004476032,0.007,0.004926445,0.33
2018-08-03,0.31,-0.060125398,0.53,0.004881228,0.007,0.004644183,-1.06
2018-08-06,0.46,-0.051434747,-0.33,0.002646444,0.007,0.003538227,0.26
2018-08-07,0.29,-0.055579993,-0.16,0.004303734,0.007,0.002824182,0.01
2018-08-08,-0.04,-0.057640998,0.28,-0.000156984,0.007,-0.00026238,-0.14
2018-08-09,-0.05,-0.051550888,-0.37,-0.002882881,0.007,-0.001441674,0.37
2018-08-10,-0.6,-0.051949331,-0.2,-0.007702604,0.007,-0.007113888,0.42
2018-08-13,-0.46,-0.055084769,-0.29,-0.004826736,0.007,-0.004005992,-0.15
2018-08-14,0.69,-0.052736396,0.24,0.004972314,0.007,0.006389255,0.29
2018-08-15,-0.91,-0.056232924,-0.13,-0.012241187,0.007,-0.007602165,-0.54
2018-08-16,0.86,-0.054369233,0.25,0.008478564,0.007,0.007919408,-0.07
2018-08-17,0.3,-0.055093491,0.02,0.004348429,0.007,0.003323116,0.08
2018-08-20,0.25,-0.053845637,0.14,0.00141577,0.007,0.002428018,0.12
2018-08-21,0.33,-0.050682962,0.1,0.003264467,0.007,0.002068536,0.89
2018-08-22,0.05,-0.054126671,-0.35,-0.001618692,0.007,-0.000398152,0.37
2018-08-23,-0.19,-0.054335759,-0.33,-0.005228538,0.007,-0.001691262,-0.05
2018-08-24,0.62,-0.056020447,-0.58,0.00555142,0.007,0.00619884,-0.02
2018-08-27,0.74,-0.057267472,-0.16,0.007332352,0.007,0.007670409,-0.67
2018-08-28,-0.01,-0.055020942,-0.24,0.001837672,0.007,0.000269279,-0.12
2018-08-29,0.56,-0.054471528,-0.57,0.004238515,0.007,0.005701434,-0.04
2018-08-30,-0.41,-0.052373619,-0.41,-0.006953553,0.007,-0.004430329,0.29
2018-08-31,0.08,-0.052965552,-0.39,0.000727605,0.007,0.000134478,0.49
2018-09-04,-0.11,-0.054467611,-0.01,-0.004011068,0.008,-0.001654322,-0.37
2018-09-05,-0.41,-0.053080391,0.66,-0.011203038,0.008,-0.002803127,-0.17
2018-09-06,-0.44,-0.058574093,-0.23,-0.002910801,0.008,-0.003652305,-0.35
2018-09-07,-0.18,-0.05548632,-0.24,-0.004169052,0.008,-0.002213345,0.1
2018-09-10,0.23,-0.055348393,-0.37,0.001737209,0.008,0.001897827,0.11
2018-09-11,0.37,-0.053666782,-0.22,-0.002538849,0.008,0.003739842,-0.28
2018-09-12,0.03,-0.056143662,-0.21,0.00336352,0.008,0.000356672,-0.05
2018-09-13,0.45,-0.058709764,-0.41,0.006687578,0.008,0.005282254,-0.44
2018-09-14,0.12,-0.051667839,0.25,-0.002893984,0.008,0.000275482,0.26
2018-09-17,-0.71,-0.056545001,0.85,-0.009858669,0.008,-0.005569722,-0.45
2018-09-18,0.57,-0.054135603,-0.49,0.003761176,0.008,0.005369015,0.05
2018-09-19,0.06,-0.056346125,1.29,-0.001630488,0.008,0.001253273,-0.66
2018-09-20,0.77,-0.051388137,-0.23,0.005339302,0.008,0.007840592,0.3
2018-09-21,-0.13,-0.057883429,0.31,0.001900437,0.008,-0.000368533,-0.42
2018-09-24,-0.31,-0.054272843,-0.88,-0.005266723,0.008,-0.003515688,0.03
2018-09-25,-0.05,-0.052650542,-0.39,-0.00211414,0.008,-0.001305096,0.28
2018-09-26,-0.4,-0.057945106,-0.61,-0.003607669,0.008,-0.003289278,-0.38
2018-09-27,0.27,-0.056201002,-0.53,0.003705878,0.008,0.002763287,-0.26
2018-09-28,-0.03,-0.052449314,-0.2,-0.00475454,0.008,-6.87E-06,0.41
2018-10-01,0.16,-0.061303798,0.36,-0.004952763,0.008,0.003641105,-1.61
2018-10-02,-0.21,-0.059576988,0.61,0.001740826,0.008,-0.00039669,-0.98
2018-10-03,0.2,-0.050550415,0.49,-0.000292711,0.008,0.00071152,0.85
2018-10-04,-0.93,-0.058129201,1.58,-0.01400609,0.008,-0.008169483,-1.07
2018-10-05,-0.64,-0.056593835,0.4,-0.007776016,0.008,-0.005527979,-0.41
2018-10-08,-0.17,-0.05604424,1.21,-4.15E-05,0.008,-0.000395116,-0.4
2018-10-09,-0.18,-0.05705966,0.27,-0.004603888,0.008,-0.001417904,-0.28
2018-10-10,-3.33,-0.053891246,1.1,-0.030626688,0.008,-0.032864229,0.29
2018-10-11,-1.96,-0.054109817,-0.92,-0.015178913,0.008,-0.020573008,0.44
2018-10-12,1.38,-0.060076636,-1.71,0.013867246,0.008,0.014206198,-0.87
2018-10-15,-0.48,-0.05013636,0.53,-0.003756363,0.008,-0.005904979,0.9
2018-10-16,2.24,-0.053694412,-1.45,0.026029775,0.008,0.0214956,0.68
2018-10-17,-0.08,-0.056353438,0.26,-0.002907279,0.008,-0.000252662,-0.67
2018-10-18,-1.54,-0.057622008,0.44,-0.01655492,0.008,-0.014391922,-0.54
2018-10-19,-0.25,-0.061447788,0.73,0.001213002,0.008,-0.00036117,-1.3
2018-10-22,-0.38,-0.055313149,-1.23,-0.002257223,0.008,-0.004299527,0.47
2018-10-23,-0.62,-0.056084152,-0.43,-0.002199609,0.008,-0.00551183,-0.1
2018-10-24,-3.33,-0.059752365,0.78,-0.032558008,0.008,-0.030864434,-0.92
2018-10-25,1.93,-0.052182146,-0.6,0.015979481,0.008,0.01862504,0.4
2018-10-26,-1.65,-0.054377721,0.36,-0.010839255,0.008,-0.017327264,0.55
2018-10-29,-0.77,-0.059031189,1.62,0.002199862,0.008,-0.006559599,-0.31
2018-10-30,1.66,-0.054543104,0.05,0.018705185,0.008,0.01566678,0.41
2018-10-31,1.22,-0.057419982,-0.75,0.013850668,0.008,0.010851332,-0.68
2018-11-01,1.29,-0.050670818,-1.13,0.022603714,0.008,0.010557844,1.33
2018-11-02,-0.53,-0.05139581,0.67,-0.006663369,0.008,-0.006316686,0.81
2018-11-05,0.4,-0.058039039,1.56,0.002653896,0.008,0.005600317,-1.02
2018-11-06,0.58,-0.055867957,0.01,0.004507405,0.008,0.006259296,-0.15
2018-11-07,2.11,-0.05458478,-1.03,0.014141647,0.008,0.021208856,-0.34
2018-11-08,-0.28,-0.053981028,0.25,-0.00320036,0.008,-0.002508917,-0.22
2018-11-09,-1.04,-0.062980392,0.42,-0.008115372,0.008,-0.009199014,-0.85
2018-11-12,-2.06,-0.05644558,0.86,-0.021781571,0.008,-0.019701489,0.01
2018-11-13,-0.13,-0.057408321,0.15,0.006288435,0.008,-0.00148192,-0.14
2018-11-14,-0.77,-0.059089447,-0.26,-0.003247341,0.008,-0.007567411,0.02
2018-11-15,1.18,-0.052328345,-0.42,0.004731293,0.008,0.010593753,0.34
2018-11-16,0.15,-0.054981363,-0.06,0.003047052,0.008,0.002223306,0.01
2018-11-19,-1.88,-0.057294983,2.35,-0.013738592,0.008,-0.016643109,-0.69
2018-11-20,-1.85,-0.054875316,-0.54,-0.018429196,0.008,-0.018151241,0.12
2018-11-21,0.51,-0.051178577,-0.33,0.011419958,0.008,0.003043291,0.99
2018-11-23,-0.55,-0.052151505,-0.6,-0.003254845,0.008,-0.006554842,0.82
2018-11-26,1.62,-0.057820113,-0.2,0.014511943,0.008,0.015532368,-0.67
2018-11-27,0.11,-0.060207958,0.27,0.003186836,0.008,0.003261692,-1.07
2018-11-28,2.42,-0.051320621,-1.17,0.022648332,0.008,0.02297398,0.44
2018-11-29,-0.22,-0.054492618,-0.1,-0.003418009,0.008,-0.002183108,-0.11
2018-11-30,0.78,-0.055587299,-0.45,0.01047264,0.008,0.008170748,-0.32
2018-12-03,1.13,-0.056240855,-0.79,0.00934365,0.01,0.010941426,-0.07
2018-12-04,-3.45,-0.062677129,-0.18,-0.030956687,0.01,-0.032364903,-0.96
2018-12-06,-0.16,-0.055824404,-1.04,0.004041484,0.01,-0.001522228,0.12
2018-12-07,-2.36,-0.054031581,1.33,-0.026341501,0.01,-0.023320119,0.19
2018-12-10,0.1,-0.056887975,-1.65,-0.000804594,0.01,0.001762154,-0.15
2018-12-11,-0.08,-0.054985511,-0.39,-0.002360353,0.01,-0.000356346,-0.06
2018-12-12,0.68,-0.054088716,-0.2,0.00735417,0.01,0.005419504,0.55
2018-12-13,-0.26,-0.063204345,-0.18,-0.001513909,0.01,-0.00019993,-1.5
2018-12-14,-1.89,-0.05443529,0.51,-0.016139049,0.01,-0.01908671,-0.07
2018-12-17,-2.13,-0.055380009,1.03,-0.017462972,0.01,-0.020773481,-0.29
2018-12-18,-0.03,-0.055075252,-0.58,0.000359198,0.01,8.64E-05,0.01
2018-12-19,-1.58,-0.057053396,0.04,-0.015371593,0.01,-0.015395714,-0.61
2018-12-20,-1.62,-0.056494206,0.97,-0.010113687,0.01,-0.015772106,-0.3
2018-12-21,-2.17,-0.057772078,0.78,-0.021146907,0.01,-0.020588228,-0.56
2018-12-24,-2.55,-0.050658703,-0.46,-0.023834512,0.01,-0.027112254,0.99
2018-12-26,5.06,-0.052546288,-1.01,0.042835724,0.01,0.049593743,-0.04
2018-12-27,0.78,-0.057139139,-0.14,0.006610693,0.01,0.008562681,-0.65
2018-12-28,-0.03,-0.052017862,0.23,0.000287834,0.01,-0.001241583,0.76
2018-12-31,0.9,-0.056775706,-0.46,0.009836722,0.01,0.008492484,-0.09
2019-01-02,0.23,-0.048268906,1.1,0.001860718,0.01,0.001268497,0.56
2019-01-03,-2.45,-0.05396158,1.21,-0.019467564,0.01,-0.02475673,0.4
2019-01-04,3.55,-0.051994387,-0.7,0.034215981,0.01,0.034335714,0.41
2019-01-07,0.94,-0.051133592,-0.77,0.012756263,0.01,0.007010435,0.97
2019-01-08,1.01,-0.05177941,-0.64,0.009285785,0.01,0.009695285,0.53
2019-01-09,0.56,-0.053814998,0.09,0.008892985,0.01,0.004098046,0.45
2019-01-10,0.42,-0.056038453,-0.44,0.003804922,0.01,0.004518419,0.03
2019-01-11,-0.01,-0.053411248,0.22,0.001535816,0.01,-0.000146298,0.13
2019-01-14,-0.6,-0.053768245,0.95,-0.009788391,0.01,-0.005257525,-0.6
2019-01-15,1.06,-0.054980387,-0.87,0.008615926,0.01,0.010721689,0.01
2019-01-16,0.28,-0.051677297,0.92,-0.00372193,0.01,0.002221986,0.03
2019-01-17,0.75,-0.053910731,-0.25,0.007282347,0.01,0.0075914,0.11
2019-01-18,1.29,-0.056572474,0.12,0.017187471,0.01,0.013183053,-0.35
2019-01-22,-1.53,-0.055720101,0.33,-0.012147963,0.01,-0.014157306,-0.4
2019-01-23,0.15,-0.0558068,-0.15,-0.001463613,0.01,0.002202913,-0.39
2019-01-24,0.23,-0.056173476,-0.02,0.011310691,0.01,0.001375726,0.43
2019-01-25,0.9,-0.054235147,-0.34,0.011567795,0.01,0.008488694,0.45
2019-01-28,-0.8,-0.054799257,0.64,-0.005928938,0.01,-0.007846827,-0.17
2019-01-29,-0.19,-0.056987291,0.18,0.005264621,0.01,-0.001456247,-0.02
2019-01-30,1.51,-0.056156982,-0.95,0.014870127,0.01,0.015549261,-0.12
2019-01-31,0.92,-0.055177691,-1.07,0.008980269,0.01,0.008597396,0.14
2019-02-01,0.14,-0.055461313,0.4,0.002538554,0.01,0.00089861,-0.15
2019-02-04,0.72,-0.052702169,-0.47,0.004753417,0.01,0.006776237,0.49
2019-02-05,0.43,-0.055542985,-0.59,0.006747083,0.01,0.00470842,-0.08
2019-02-06,-0.22,-0.055734591,0.07,0.000757884,0.01,-0.002224438,-0.02
2019-02-07,-0.93,-0.057000281,0.38,-0.009152436,0.01,-0.00935714,-0.12
2019-02-08,0.09,-0.056361718,-0.7,0.000652992,0.01,0.000676201,0.05
2019-02-11,0.14,-0.050222887,0.22,0.004015461,0.01,0.000709103,0.65
2019-02-12,1.36,-0.052366647,-0.19,0.013464247,0.01,0.012890225,0.02
2019-02-13,0.28,-0.053822679,0.06,0.002233305,0.01,0.003023995,0.08
2019-02-14,-0.21,-0.054039043,-0.57,0.001348403,0.01,-0.002651642,0.53
2019-02-15,1.13,-0.05288027,0.47,0.010447494,0.01,0.010878753,0.24
2019-02-19,0.19,-0.053946805,0.29,0.001991768,0.01,0.001498743,0.28
2019-02-20,0.19,-0.053928965,0.55,0.002355437,0.01,0.001777111,0.23
2019-02-21,-0.37,-0.055334763,-0.21,-0.001235075,0.01,-0.003526437,-0.06
2019-02-22,0.65,-0.05371842,-1.46,0.005657743,0.01,0.006411102,0.56
2019-02-25,0.15,-0.056166194,-0.18,7.75E-06,0.01,0.001231862,-0.24
2019-02-26,-0.16,-0.0570492,-0.3,-0.00259197,0.01,-0.000790457,-0.63
2019-02-27,0.09,-0.05277236,-0.11,9.55E-05,0.01,-0.000544049,0.2
2019-02-28,-0.31,-0.057658351,-0.24,-0.003810576,0.01,-0.002825508,0.02
2019-03-01,0.72,-0.052832966,-0.41,0.004808851,0.009,0.006895321,0.29
2019-03-04,-0.52,-0.05418509,0.37,-0.000442319,0.009,-0.003880558,-0.42
2019-03-05,-0.17,-0.056883281,-0.23,-0.002134043,0.009,-0.001131533,-0.31
2019-03-06,-0.84,-0.062053804,0.07,-0.009167175,0.009,-0.006524099,-1.26
2019-03-07,-0.82,-0.054812449,-0.32,-0.00405155,0.009,-0.008125717,-0.06
2019-03-08,-0.22,-0.055855587,-0.17,-0.002163281,0.009,-0.002131689,0.06
2019-03-11,1.49,-0.053132657,-0.54,0.016874192,0.009,0.014666042,0.35
2019-03-12,0.25,-0.056368412,-0.09,0.003139075,0.009,0.002953318,-0.27
2019-03-13,0.68,-0.057158244,0.08,0.009416037,0.009,0.006949584,-0.32
2019-03-14,-0.1,-0.057459722,0.3,0.00048861,0.009,-0.000868023,-0.4
2019-03-15,0.48,-0.057872455,-0.27,0.007462186,0.009,0.004984903,-0.27
2019-03-18,0.46,-0.053882536,0.43,-0.000361927,0.009,0.003705947,0.13
2019-03-19,-0.09,-0.05819945,-0.92,-0.000439455,0.009,-0.000130562,-0.38
2019-03-20,-0.39,-0.057305942,-1.02,-0.006766001,0.009,-0.002944354,0.02
2019-03-21,1.11,-0.055915284,-1.24,0.013714534,0.009,0.010852481,0.3
2019-03-22,-2.17,-0.063394476,-0.06,-0.019902725,0.009,-0.018974501,-1.51
2019-03-25,-0.05,-0.052172124,-0.27,-0.003224375,0.009,-0.000839021,0.66
2019-03-26,0.76,-0.055384917,0.45,0.008932215,0.009,0.007182726,0.17
2019-03-27,-0.5,-0.053292977,0.49,-0.006308292,0.009,-0.004644325,0.09
2019-03-28,0.4,-0.053048123,0.02,0.003453641,0.009,0.003589481,0.35
2019-03-29,0.66,-0.056749183,-0.92,0.006452728,0.009,0.00673428,-0.21
2019-04-01,1.19,-0.05442879,0.97,0.013307978,0.01,0.0115686,-0.32
2019-04-02,-0.05,-0.054669584,-0.44,0.001733624,0.01,1.75E-05,-0.12
2019-04-03,0.27,-0.053831038,-0.39,0.005576783,0.01,0.002148377,0.21
2019-04-04,0.19,-0.053638219,0.93,0.003367602,0.01,0.002084635,0.2
2019-04-05,0.52,-0.053552985,-0.08,0.007385374,0.01,0.004636433,0.52
2019-04-08,0.08,-0.056575185,0.1,-0.00052202,0.01,0.00104746,-0.3
2019-04-09,-0.65,-0.057741962,-0.13,-0.00609404,0.01,-0.006067495,-0.57
2019-04-10,0.48,-0.049961188,-0.11,0.004962499,0.01,0.003477872,0.96
2019-04-11,0,-0.055976996,0.39,0.003358227,0.01,3.81E-05,-0.32
2019-04-12,0.65,-0.057500264,0.64,0.008670327,0.01,0.006609324,-0.52
2019-04-15,-0.09,-0.057161797,-0.54,0.002218677,0.01,-0.000629369,-0.21
2019-04-16,0.13,-0.052990208,0.69,-0.001567047,0.01,0.000509358,0.12
2019-04-17,-0.32,-0.058382944,0.8,-0.006468063,0.01,-0.002273812,-0.71
2019-04-18,0.11,-0.055346241,-0.49,0.003795856,0.01,0.001579092,-0.24
2019-04-22,0.11,-0.05624843,-0.54,-0.003012679,0.01,0.001012018,-0.45
2019-04-23,0.97,-0.051212053,-0.51,0.010008527,0.01,0.008841206,0.71
2019-04-24,-0.23,-0.051130933,-0.09,-6.66E-05,0.01,-0.002191763,0.28
2019-04-25,-0.14,-0.058667939,-0.19,-0.004542199,0.01,-0.000368974,-0.75
2019-04-26,0.53,-0.051489341,0.02,0.005392986,0.01,0.004685292,0.46
2019-04-29,0.18,-0.052387006,0.64,-0.00020135,0.01,0.001071522,0.1
2019-04-30,-0.04,-0.058925213,0.27,0.00701495,0.01,0.000951417,-0.69
2019-05-01,-0.83,-0.054897975,-0.02,-0.005869109,0.009,-0.007502163,-0.11
2019-05-02,-0.16,-0.053918671,-0.29,0.000928841,0.009,-0.002123985,0.46
2019-05-03,1.13,-0.05078083,-0.27,0.011449802,0.009,0.009638279,0.93
2019-05-06,-0.39,-0.052800722,-0.4,-0.00685973,0.009,-0.004470988,0.6
2019-05-07,-1.69,-0.057006538,0.51,-0.01657178,0.009,-0.016511651,-0.29
2019-05-08,-0.22,-0.051399096,-0.29,0.007806947,0.009,-0.001605425,-0.15
2019-05-09,-0.28,-0.055119167,0.12,-0.003909578,0.009,-0.003021425,0.08
2019-05-10,0.35,-0.055970882,0.07,0.004188013,0.009,0.003720297,-0.36
2019-05-13,-2.67,-0.057852184,0.3,-0.025195235,0.009,-0.024130557,-0.72
2019-05-14,0.93,-0.053298552,-0.06,0.01250407,0.009,0.008015945,0.4
2019-05-15,0.59,-0.055193078,-0.95,0.004388588,0.009,0.005838975,0.05
2019-05-16,0.91,-0.056856307,-0.3,0.005239515,0.009,0.008895287,-0.38
2019-05-17,-0.73,-0.059069085,0.3,-0.008534996,0.009,-0.005837333,-0.8
2019-05-20,-0.65,-0.055101144,0.74,-0.006728899,0.009,-0.006749378,-0.2
2019-05-21,0.9,-0.053789737,-0.34,0.013146849,0.009,0.008495836,0.41
2019-05-22,-0.4,-0.056912185,-0.6,-0.001910098,0.009,-0.002824396,-0.49
2019-05-23,-1.37,-0.05910874,-0.26,-0.013240306,0.009,-0.01191415,-0.69
2019-05-24,0.23,-0.052394302,0.3,0.001721008,0.009,0.001353559,0.5
2019-05-28,-0.78,-0.053655355,-0.62,-0.009297688,0.009,-0.008375677,0.28
2019-05-29,-0.71,-0.05831907,0.42,-0.004427924,0.009,-0.006911912,-0.27
2019-05-30,0.14,-0.058192328,-0.77,0.001996211,0.009,0.002098471,-0.27
2019-05-31,-1.37,-0.059567435,-0.11,-0.009576179,0.009,-0.013195373,-0.21
2019-06-03,-0.4,-0.053928536,1.67,0.005366421,0.009,-0.002765241,0.33
2019-06-04,2.33,-0.052008648,-0.05,0.023620994,0.009,0.021432371,0.4
2019-06-05,0.7,-0.059769973,-0.96,0.009932316,0.009,0.008161854,-0.98
2019-06-06,0.55,-0.061470343,0.02,0.003904699,0.009,0.006135587,-1.03
2019-06-07,1.04,-0.055084177,-1.22,0.009790288,0.009,0.010497698,0.03
2019-06-10,0.53,-0.052547639,0.06,0.006137673,0.009,0.004660044,-0.05
2019-06-11,-0.12,-0.057228227,0.55,-0.001436275,0.009,-0.00034988,-0.25
2019-06-12,-0.2,-0.05429143,-0.99,-0.002531991,0.009,-0.002037579,0.41
2019-06-13,0.52,-0.050078171,-0.03,0.0049323,0.009,0.004097382,0.67
2019-06-14,-0.27,-0.057030695,0.32,-0.003729221,0.009,-0.001611512,-0.75
2019-06-17,0.15,-0.053935511,-1.14,0.001936213,0.009,0.000931749,0.63
2019-06-18,1.04,-0.050544656,0.32,0.023200303,0.009,0.0097174,0.15
2019-06-19,0.32,-0.058406263,-0.59,0.006115773,0.009,0.002985164,0.12
2019-06-20,0.89,-0.057053108,-0.21,0.008997563,0.009,0.009472185,-0.36
2019-06-21,-0.21,-0.057789296,-0.01,-0.004151531,0.009,-0.001259223,-0.48
2019-06-24,-0.34,-0.06005011,0.08,-0.002881832,0.009,-0.001731887,-0.89
2019-06-25,-0.98,-0.053528438,0.71,-0.008519953,0.009,-0.009496397,0.35
2019-06-26,-0.06,-0.053241952,0.24,0.000676435,0.009,-0.001233934,-0.08
2019-06-27,0.6,-0.047935056,-0.11,0.006413229,0.009,0.003823176,1.41
2019-06-28,0.68,-0.04945347,0.59,0.008087878,0.009,0.005757453,0.63
2019-07-01,0.75,-0.058265725,-0.16,0.010399488,0.009,0.007672301,-0.54
2019-07-02,0.14,-0.060491988,-0.78,0.004706591,0.009,0.002928126,-0.8
2019-07-03,0.78,-0.055609545,-0.31,0.008469117,0.009,0.007672378,-0.06
2019-07-05,-0.1,-0.052280162,0.89,-0.006011478,0.009,-0.001805902,0.16
2019-07-08,-0.58,-0.05708532,0.05,-0.001672367,0.009,-0.004835444,-0.44
2019-07-09,0.18,-0.055734578,-0.45,0.003741347,0.009,0.001236557,-0.16
2019-07-10,0.4,-0.055244339,-0.39,0.003630868,0.009,0.004510689,-0.16
2019-07-11,0.19,-0.057797018,0.05,0.002297217,0.009,0.002285227,-0.8
2019-07-12,0.53,-0.051262907,0.4,0.005207048,0.009,0.004620175,0.2
2019-07-15,-0.04,-0.056805062,-1.01,0.000240926,0.009,0.000175869,-0.38
2019-07-16,-0.32,-0.052528454,0.13,-0.004557738,0.009,-0.003403779,0.34
2019-07-17,-0.64,-0.05685208,-0.65,-0.002694677,0.009,-0.006531244,-0.15
2019-07-18,0.35,-0.057364503,0,0.007144443,0.009,0.003581998,-0.32
2019-07-19,-0.56,-0.053406097,0.87,-0.007690398,0.009,-0.006176735,0.15
2019-07-22,0.25,-0.057033892,-0.49,0.004006184,0.009,0.002828695,-0.44
2019-07-23,0.65,-0.055596472,0.79,0.008094002,0.009,0.006847483,-0.21
2019-07-24,0.66,-0.047815006,0.83,0.009624714,0.009,0.004688148,0.75
2019-07-25,-0.63,-0.056437529,-0.19,-0.003427707,0.009,-0.005262401,-0.69
2019-07-26,0.82,-0.050944332,-0.2,0.003553926,0.009,0.007387691,0.4
2019-07-29,-0.32,-0.057588561,-0.44,-0.003797407,0.009,-0.001616114,-0.32
2019-07-30,-0.17,-0.046782951,0.84,-0.002929916,0.009,-0.002578655,1.32
2019-07-31,-1.09,-0.051203542,0.6,-0.00608393,0.009,-0.010885526,0.12
2019-08-01,-1.04,-0.058107941,-1.86,-0.008255196,0.007,-0.008998794,-0.48
2019-08-02,-0.87,-0.055012591,0.06,-0.012797818,0.007,-0.00728274,-0.32
2019-08-05,-3.07,-0.055559374,0.01,-0.027360395,0.007,-0.02977782,-0.03
2019-08-06,1.29,-0.055494672,-0.55,0.011887118,0.007,0.013017017,-0.43
2019-08-07,0.07,-0.05765334,-0.9,0.006011081,0.007,0.000766876,0.09
2019-08-08,1.97,-0.0520526,-0.33,0.017273603,0.007,0.018762304,0.09
2019-08-09,-0.78,-0.057674879,-0.25,-0.007986242,0.007,-0.006616607,-0.42
2019-08-12,-1.32,-0.055223221,-0.28,-0.014010851,0.007,-0.012317322,0.28
2019-08-13,1.47,-0.055361532,-0.54,0.012066648,0.007,0.015131688,-0.15
2019-08-14,-2.95,-0.056953902,-0.5,-0.026014132,0.007,-0.029292753,0.21
2019-08-15,0.16,-0.059351538,-0.53,0.001724168,0.007,0.002464268,-0.62
2019-08-16,1.55,-0.050493364,0.61,0.013790304,0.007,0.014426125,0.54
2019-08-19,1.14,-0.054764915,0.24,0.009419892,0.007,0.012105865,0
2019-08-20,-0.75,-0.055116623,-0.5,-0.007202524,0.007,-0.007914727,0.3
2019-08-21,0.85,-0.054664466,-0.34,0.010590953,0.007,0.008246799,0.07
2019-08-22,-0.1,-0.055027649,0.49,-0.001311957,0.007,-0.000506075,-0.55
2019-08-23,-2.66,-0.058739973,-0.18,-0.022023215,0.007,-0.025946337,-0.56
2019-08-26,1.08,-0.055054026,-0.19,0.008543643,0.007,0.010982988,-0.02
2019-08-27,-0.46,-0.061386111,-0.68,-0.004328661,0.007,-0.003203181,-0.88
2019-08-28,0.68,-0.050269895,0.62,0.00232049,0.007,0.00654548,0.48
2019-08-29,1.35,-0.05377029,0.33,0.014356197,0.007,0.012687292,0.32
2019-08-30,0.03,-0.055045614,0.25,0.000241206,0.007,0.000642787,-0.38
2019-09-03,-0.87,-0.06032378,0.1,-0.00727667,0.009,-0.0068991,-0.96
2019-09-04,1.08,-0.056341672,0.42,0.010657408,0.009,0.010842079,-0.23
2019-09-05,1.42,-0.050342424,0.69,0.012779863,0.009,0.013009814,0.4
2019-09-06,-0.02,-0.05635497,0.05,3.53E-05,0.009,0.000910605,-0.37
2019-09-09,0.08,-0.048897242,3.07,0.000860602,0.009,-9.40E-05,0.72
2019-09-10,0.17,-0.046222696,1.2,-0.001167134,0.009,0.000322304,1.02
2019-09-11,0.88,-0.048156832,-0.04,0.007078132,0.009,0.007229681,1.33
2019-09-12,0.22,-0.058421694,-0.17,0.001596308,0.009,0.002879153,-0.3
2019-09-13,-0.01,-0.052296464,0.75,-0.001025437,0.009,-0.000724414,0
2019-09-16,-0.23,-0.052498507,0.5,0.000827481,0.009,-0.003135587,0.93
2019-09-17,0.17,-0.058248792,-1.22,0.003326774,0.009,0.002581752,-0.6
2019-09-18,-0.05,-0.058102697,0.06,-0.000572773,0.009,0.000342692,-0.74
2019-09-19,-0.05,-0.056881638,-0.45,0.001501767,0.009,2.00E-05,-0.43
2019-09-20,-0.48,-0.053238697,0.16,-0.003864862,0.009,-0.004895577,0.3
2019-09-23,-0.02,-0.055658182,0.51,0.000446342,0.009,-9.69E-05,-0.18
2019-09-24,-1.01,-0.057255179,0.02,-0.011935362,0.009,-0.008416371,-0.75
2019-09-25,0.69,-0.050664559,0.53,0.004234587,0.009,0.006158572,0.36
2019-09-26,-0.41,-0.060656735,0.12,0.000661663,0.009,-0.002428916,-0.97
2019-09-27,-0.62,-0.055099633,0.88,-0.00633451,0.009,-0.005316352,-0.36
2019-09-30,0.5,-0.056889915,-0.48,0.005644227,0.009,0.005047607,-0.15
2019-10-01,-1.31,-0.059350516,-0.61,-0.013742274,0.007,-0.012258373,-0.47
2019-10-02,-1.73,-0.052002458,-0.35,-0.01685332,0.007,-0.017903203,0.87
2019-10-03,0.8,-0.055925189,-0.91,0.008382903,0.007,0.007971913,-0.2
2019-10-04,1.39,-0.056871527,-0.09,0.015519855,0.007,0.014216898,-0.49
2019-10-07,-0.41,-0.05519885,-0.02,-0.003439208,0.007,-0.004478295,0.16
2019-10-08,-1.61,-0.05529415,-0.12,-0.01704795,0.007,-0.015560819,-0.14
2019-10-09,0.92,-0.057443451,-0.12,0.010012813,0.007,0.009104492,-0.53
2019-10-10,0.59,-0.057300846,0.27,0.005361146,0.007,0.006415696,-0.4
2019-10-11,1.23,-0.053065811,0.19,0.013496295,0.007,0.010938978,0.49
2019-10-14,-0.18,-0.056275077,-0.06,0.001344731,0.007,-0.001387119,-0.33
2019-10-15,1.03,-0.052743592,-0.23,0.009337179,0.007,0.009955677,0.26
2019-10-16,-0.24,-0.052769282,0.23,-0.002823588,0.007,-0.001999543,0.39
2019-10-17,0.37,-0.050512613,-0.28,0.00406433,0.007,0.002762832,0.81
2019-10-18,-0.49,-0.057087771,0.9,-0.002603027,0.007,-0.003919345,-0.38
2019-10-21,0.71,-0.052992462,0.33,0.006939853,0.007,0.006871616,0.18
2019-10-22,-0.34,-0.054129176,0.88,-0.003700241,0.007,-0.003568667,0.21
2019-10-23,0.25,-0.053164119,0.25,-0.000762014,0.007,0.002847149,-0.09
2019-10-24,0.26,-0.056040237,-0.91,0.004763264,0.007,0.001920446,-0.26
2019-10-25,0.5,-0.051631635,0.08,0.002889158,0.007,0.004072701,0.28
2019-10-28,0.62,-0.052295836,-0.25,0.001025206,0.007,0.005581338,0.27
2019-10-29,-0.13,-0.052597579,0.46,0.002450452,0.007,-0.000832405,0.28
2019-10-30,0.27,-0.059607402,-1.17,0.002593983,0.007,0.00325337,-0.39
2019-10-31,-0.38,-0.05626442,-0.31,-0.004949712,0.007,-0.003022861,-0.27
2019-11-01,1.08,-0.051750151,0.79,0.012698992,0.006,0.009662312,0.45
2019-11-04,0.4,-0.053841832,1.39,-0.000539696,0.006,0.003704089,0.05
2019-11-05,-0.03,-0.05088271,0.49,0.000419862,0.006,-0.001185699,0.24
2019-11-06,-0.05,-0.056938385,0.18,0.001305566,0.006,0.000702497,-0.7
2019-11-07,0.38,-0.053128205,0.53,0.004031035,0.006,0.002730095,-0.12
2019-11-08,0.31,-0.052920003,-0.38,0.002783255,0.006,0.002560676,0.1
2019-11-11,-0.19,-0.056826795,-0.21,0.000767314,0.006,-0.001962467,-0.01
2019-11-12,0.16,-0.056341307,-0.14,0.002658514,0.006,0.001564646,-0.11
2019-11-13,0.01,-0.057955483,-0.82,4.99E-05,0.006,0.000711535,-0.22
2019-11-14,0.07,-0.056430555,-0.26,0.003661213,0.006,0.000837043,-0.12
2019-11-15,0.74,-0.057430069,-0.35,0.008152706,0.006,0.007695488,-0.21
2019-11-18,0.02,-0.057268318,-0.51,0.001273004,0.006,0.000503153,-0.36
2019-11-19,0.02,-0.054125014,-0.96,-0.000319831,0.006,-0.000592594,0.59
2019-11-20,-0.33,-0.054684879,-0.45,-0.000785252,0.006,-0.003756184,0.02
2019-11-21,-0.14,-0.053988831,0.12,-0.007299418,0.006,-0.001582752,-0.32
2019-11-22,0.24,-0.054705112,0.24,0.005917295,0.006,0.002174936,0.05
2019-11-25,0.92,-0.048535811,-0.4,0.00623657,0.006,0.007507292,1.31
2019-11-26,0.19,-0.054492078,-0.89,0.002162414,0.006,0.00219557,0.05
2019-11-27,0.44,-0.054776662,-0.05,0.005192536,0.006,0.004174424,0.23
2019-11-29,-0.42,-0.055468574,-0.33,-0.003127652,0.006,-0.00401122,-0.04
2019-12-02,-0.87,-0.057347475,0.52,-0.006940036,0.007,-0.008631021,-0.25
2019-12-03,-0.66,-0.054066358,-0.83,-0.005193753,0.007,-0.006638095,0.6
2019-12-04,0.6,-0.05646153,0.25,0.007932002,0.007,0.006323568,0.11
2019-12-05,0.13,-0.054814292,0.48,-0.000818379,0.007,0.001500251,-0.24
2019-12-06,0.91,-0.052481766,0.4,0.004699449,0.007,0.009135724,0.24
2019-12-09,-0.33,-0.053869917,0.12,-0.005795764,0.007,-0.003162821,0.36
2019-12-10,-0.08,-0.054914152,-0.11,-0.002318779,0.007,-0.001096934,0.29
2019-12-11,0.28,-0.056804288,0.1,0.00646272,0.007,0.002908158,-0.08
2019-12-12,0.9,-0.054136627,1.16,0.006211091,0.007,0.008575226,-0.11
2019-12-13,-0.03,-0.056374733,-0.54,0.004089413,0.007,7.26E-05,-0.3
2019-12-16,0.74,-0.055585346,-0.04,0.009053527,0.007,0.007147785,0.07
2019-12-17,0.1,-0.054087054,0.68,0.00270026,0.007,0.000335292,0.42
2019-12-18,-0.05,-0.05409141,0.1,-0.000746,0.007,-0.0004323,0.18
2019-12-19,0.43,-0.053779028,-0.43,0.003444138,0.007,0.004459292,-0.01
2019-12-20,0.48,-0.057670273,-0.28,0.007814682,0.007,0.004944781,-0.3
2019-12-23,0.1,-0.053696638,-0.31,0.000529586,0.007,0.000866144,0.2
2019-12-24,0.01,-0.054557939,-0.02,0.000666591,0.007,-0.000195448,0.37
2019-12-26,0.48,-0.056503498,-0.02,0.002205749,0.007,0.005128167,-0.53
2019-12-27,-0.1,-0.058597642,-0.07,-0.000595149,0.007,3.40E-05,-0.53
2019-12-30,-0.57,-0.053879069,0.59,-0.005525229,0.007,-0.005780823,0.17
2019-12-31,0.28,-0.054164128,0.11,0.000844534,0.007,0.002946022,-0.01
2020-01-02,0.86,-0.05819232,-0.36,0.008623928,0.006,0.008378803,-0.85
2020-01-03,-0.67,-0.053946855,0.02,-0.005763134,0.006,-0.007059871,0.37
2020-01-06,0.36,-0.054348043,-0.56,0.001166466,0.006,0.003533373,-0.06
2020-01-07,-0.19,-0.055839662,-0.21,-0.001467983,0.006,-0.002803238,-0.01
2020-01-08,0.47,-0.05439961,-0.63,0.005158517,0.006,0.004902451,-0.05
2020-01-09,0.65,-0.055691081,-0.48,0.002689983,0.006,0.006655262,-0.63
2020-01-10,-0.34,-0.056457039,-0.34,-0.000900791,0.006,-0.002855179,-0.16
2020-01-13,0.73,-0.054031401,-0.12,0.007350451,0.006,0.006976215,-0.09
2020-01-14,-0.06,-0.05354593,-0.14,0.002509956,0.006,-0.001514533,0.38
2020-01-15,0.16,-0.052015653,-0.83,0.001951731,0.006,0.001870197,0.46
2020-01-16,0.88,-0.051728438,-0.11,0.010737006,0.006,0.008366553,0.5
2020-01-17,0.28,-0.058875415,-0.1,0.002536362,0.006,0.003862162,-0.63
2020-01-21,-0.32,-0.058310964,-0.6,-0.000997857,0.006,-0.002651978,-0.51
2020-01-22,0.08,-0.055686881,0,-0.001234767,0.006,0.000289076,-0.28
2020-01-23,0.08,-0.055481104,-0.14,0.002680791,0.006,0.001140977,-0.05
2020-01-24,-0.97,-0.057562227,-0.32,-0.007969515,0.006,-0.009042161,-0.42
2020-01-27,-1.56,-0.054237666,-0.42,-0.013276742,0.006,-0.015730712,0.37
2020-01-28,1.02,-0.056318977,-0.43,0.009569657,0.006,0.010053584,-0.13
2020-01-29,-0.1,-0.056622478,-0.96,-0.004337877,0.006,-0.000866874,-0.26
2020-01-30,0.34,-0.058156156,0.63,0.003977789,0.006,0.003134359,-0.69
2020-01-31,-1.74,-0.057316919,-0.34,-0.019317348,0.006,-0.01770582,-0.43
2020-02-03,0.84,-0.054584804,-0.71,0.008542642,0.006,0.007254614,0.63
2020-02-04,1.57,-0.0555343,-0.67,0.018881548,0.006,0.014980414,-0.01
2020-02-05,0.97,-0.053252534,1.48,0.011645073,0.006,0.011250596,0.29
2020-02-06,0.27,-0.056327773,-0.86,0.00446489,0.006,0.003325673,-0.45
2020-02-07,-0.55,-0.058744982,0,-0.003186737,0.006,-0.005400854,-0.78
2020-02-10,0.73,-0.055537822,-0.9,0.009141759,0.006,0.007326398,-0.01
2020-02-11,0.28,-0.053339165,1.07,0.005832411,0.006,0.001688473,0.05
2020-02-12,0.66,-0.055178729,-0.36,0.008718569,0.006,0.006462646,0.17
2020-02-13,-0.09,-0.053669691,-0.02,-0.001021987,0.006,-0.001630446,0.17
2020-02-14,0.15,-0.055519972,-0.68,0.001353795,0.006,0.001843533,-0.39
2020-02-18,-0.19,-0.055554831,-0.68,0.000475038,0.006,-0.002919943,0.16
2020-02-19,0.6,-0.054578471,-0.04,0.008269416,0.006,0.004705786,0.23
2020-02-20,-0.35,-0.050713801,0.67,-0.002682047,0.006,-0.00381552,0.46
2020-02-21,-1.12,-0.056281793,0.02,-0.009154589,0.006,-0.010518103,-0.08
2020-02-24,-3.39,-0.055577596,-0.01,-0.02973331,0.006,-0.033513627,0.17
2020-02-25,-3.09,-0.058349758,-0.72,-0.031906277,0.006,-0.030279996,-0.09
2020-02-26,-0.52,-0.057974011,-1.21,-0.005334391,0.006,-0.00377854,-0.41
2020-02-27,-4.22,-0.051859239,0.12,-0.041961635,0.006,-0.044163243,0.75
2020-02-28,-0.78,-0.051901187,-0.78,-0.010790408,0.006,-0.00823834,0.28
2020-03-02,4.31,-0.062335628,-0.4,0.039853399,0.006,0.046039229,-1.76
2020-03-03,-2.79,-0.051847755,-0.62,-0.014498296,0.006,-0.028107896,0.78
2020-03-04,4.03,-0.059702026,-1.1,0.03927448,0.006,0.042202591,-1.05
2020-03-05,-3.38,-0.056817803,-1.37,-0.028968698,0.006,-0.033922077,0.19
2020-03-06,-1.78,-0.054205734,-1.42,-0.016195629,0.006,-0.017053852,0.04
2020-03-09,-7.79,-0.062038531,-4.7,-0.084701253,0.006,-0.075969697,-0.45
2020-03-10,4.74,-0.06924685,0.78,0.049527173,0.006,0.049396306,-2.47
2020-03-11,-5.05,-0.05808965,-0.79,-0.05030119,0.006,-0.048868445,-0.84
2020-03-12,-9.63,-0.06375369,-1.21,-0.101764988,0.006,-0.095112681,-0.52
2020-03-13,8.96,-0.06417975,2.99,0.094142844,0.006,0.09287125,-2.71
2020-03-16,-12,-0.068838444,-0.77,-0.120890634,0.006,-0.119840552,-0.33
2020-03-17,5.87,-0.058399999,-0.85,0.057749543,0.006,0.059954849,0.72
2020-03-18,-5.56,-0.078791733,-4.71,-0.070825133,0.006,-0.051830762,-3.59
2020-03-19,1.31,-0.019603409,0.99,-0.00790193,0.006,0.004707808,5.54
2020-03-20,-4.15,-0.050928392,-0.9,-0.025116536,0.006,-0.043359512,0.39
2020-03-23,-2.55,-0.04255957,-3.5,-0.038503792,0.006,-0.029293868,2.2
2020-03-24,9.34,-0.054773556,2.35,0.10812863,0.006,0.09382774,-1.18
2020-03-25,1.18,-0.0486906,1.86,0.038695356,0.006,0.011535012,-0.68
2020-03-26,6.02,-0.049562896,1.2,0.052052562,0.006,0.062414163,-0.67
2020-03-27,-3.48,-0.056995487,-0.69,-0.039114162,0.006,-0.033687352,-0.78
2020-03-30,3.16,-0.062458667,-2.16,0.024587537,0.006,0.033516009,-0.35
2020-03-31,-1.44,-0.049912451,-0.42,-0.012169567,0.006,-0.016012722,1.81
2020-04-01,-4.51,-0.068003276,-1.41,-0.047313627,0,-0.04414243,-1.54
2020-04-02,2.1,-0.059183538,-0.28,0.012990026,0,0.022829347,-0.99
2020-04-03,-1.64,-0.065240955,-1.13,-0.017105765,0,-0.015137125,-1.1
2020-04-06,7.06,-0.043501928,0.27,0.077655333,0,0.070331319,0.73
2020-04-07,-0.11,-0.051410654,2.16,0.006644204,0,-0.001603053,-0.53
2020-04-08,3.4,-0.04318524,1.25,0.038316584,0,0.034056453,0.35
2020-04-09,1.59,-0.041312143,3.19,0.016391426,0,0.01448741,1.93
2020-04-13,-0.92,-0.059930387,-2.42,-0.016004134,0,-0.010104661,-0.72
2020-04-14,3.02,-0.058184576,-3.17,0.024836932,0,0.030572589,-0.12
2020-04-15,-2.15,-0.062575547,-2.5,-0.036095862,0,-0.022030439,-1.18
2020-04-16,0.62,-0.061096065,-2.99,-0.000451899,0,0.00581669,-0.22
2020-04-17,2.72,-0.046161851,2.71,0.038095737,0,0.026793595,0.72
2020-04-20,-1.56,-0.053728209,-0.93,-0.021706109,0,-0.017881048,0.79
2020-04-21,-3.08,-0.050819737,0.11,-0.031376272,0,-0.030674796,0.96
2020-04-22,2.31,-0.061432964,-1.65,0.025457437,0,0.022930248,-0.7
2020-04-23,0.13,-0.047855029,0.54,0.001833235,0,-0.000539422,1.16
2020-04-24,1.44,-0.052553532,-0.12,0.012080068,0,0.013918057,0.32
2020-04-27,1.73,-0.040724851,2.68,0.01994162,0,0.01471407,1.62
2020-04-28,-0.45,-0.044779821,2.82,0.014370958,0,-0.00524238,0.88
2020-04-29,2.92,-0.0389442,2,0.031321351,0,0.026583916,1.85
2020-04-30,-1.18,-0.06357193,-1.64,-0.021249626,0,-0.009212446,-1.39
2020-05-01,-2.91,-0.06065448,-1,-0.027356103,0,-0.028059034,-0.56
2020-05-04,0.53,-0.057976992,-1.37,0.007017217,0,0.004249827,0.17
2020-05-05,0.95,-0.056678801,-1.98,0.014488529,0,0.009040556,0.09
2020-05-06,-0.52,-0.05726473,-2.78,-0.005696918,0,-0.00697941,0.59
2020-05-07,1.33,-0.052691371,0.39,0.011712109,0,0.011504631,-0.04
2020-05-08,1.9,-0.045170425,2.48,0.02746109,0,0.016871539,1.41
2020-05-11,0.07,-0.059729508,-3.75,-0.001216715,0,0.000133078,0.49
2020-05-12,-2.06,-0.062943047,-1.35,-0.018021177,0,-0.020500317,-0.86
2020-05-13,-1.89,-0.065192028,-2.12,-0.024435956,0,-0.017462725,-0.94
2020-05-14,1.14,-0.057834786,0.93,0.011880627,0,0.011524823,-1.49
2020-05-15,0.57,-0.044077642,-1.19,-0.008490134,0,0.003926363,1.62
2020-05-18,3.24,-0.036706075,4.58,0.045177203,0,0.031501192,1.5
2020-05-19,-1.01,-0.058459006,-1.46,-0.009955895,0,-0.010484399,-0.56
2020-05-20,1.8,-0.047432918,1.29,0.017730995,0,0.0166511,1.07
2020-05-21,-0.7,-0.047654787,0.41,-0.011965528,0,-0.007773596,0.65
2020-05-22,0.27,-0.052151058,-0.87,-0.004081977,0,0.002353711,0.47
2020-05-26,1.23,-0.048817436,4.59,0.03080021,0,0.012289184,0.04
2020-05-27,1.54,-0.046004013,3.62,0.017833842,0,0.014827297,0.61
2020-05-28,-0.41,-0.065835621,-2.41,-0.009885298,0,-0.002107915,-1.47
2020-05-29,0.6,-0.061131321,-1.97,0.002717977,0,0.004812336,-0.28
2020-06-01,0.52,-0.058210205,0.45,0.017955628,0,0.003751235,-0.02
2020-06-02,0.81,-0.055189221,0.45,0.015580123,0,0.008210833,-0.05
2020-06-03,1.42,-0.049471453,2.66,0.019256582,0,0.013648979,0.11
2020-06-04,-0.34,-0.049491474,2.98,-0.00072383,0,-0.003368702,-0.24
2020-06-05,2.5,-0.048352186,2.67,0.030131827,0,0.026211651,0.73
2020-06-08,1.39,-0.048963222,2.15,0.005828468,0,0.012041579,0.37
2020-06-09,-0.85,-0.058365734,-1.94,-0.008851307,0,-0.007799171,-0.3
2020-06-10,-0.56,-0.064283616,-4.16,-0.008433346,0,-0.005313091,-0.82
2020-06-11,-5.91,-0.065711399,-3.06,-0.061322016,0,-0.058944059,-0.83
2020-06-12,1.29,-0.050340955,1.86,0.020287854,0,0.013060844,0.36
2020-06-15,1.09,-0.048616292,-0.41,0.012758972,0,0.008312217,1.42
2020-06-16,1.86,-0.050534543,0.48,0.019360762,0,0.018962398,0.63
2020-06-17,-0.4,-0.062634382,-1.98,-0.006464014,0,-0.0036003,-0.91
2020-06-18,0.19,-0.055510271,-0.56,-0.000261398,0,0.00059422,0.1
2020-06-19,-0.45,-0.053880158,-0.64,-0.006012039,0,-0.005649495,0.09
2020-06-22,0.71,-0.052544447,-1.44,0.00340449,0,0.006495095,0.83
2020-06-23,0.42,-0.050965635,-0.56,0.006854602,0,0.00430742,0.14
2020-06-24,-2.61,-0.058087126,-1.3,-0.024045364,0,-0.025855146,-0.5
2020-06-25,1.12,-0.052868773,0.49,0.017485544,0,0.010959447,0.26
2020-06-26,-2.44,-0.057201759,-1.42,-0.018311454,0,-0.024226905,0.18
2020-06-29,1.51,-0.043218445,1.77,0.020475049,0,0.014685678,1.22
2020-06-30,1.58,-0.053550594,0,0.012087728,0,0.015409876,0.07
2020-07-01,0.41,-0.062183906,-2.51,-0.001285895,0,0.005022133,-1.24
2020-07-02,0.5,-0.056210852,-0.09,0.0052378,0,0.004541251,-0.01
2020-07-06,1.65,-0.057460368,0.37,0.018128364,0,0.015881726,-0.61
2020-07-07,-1.03,-0.058657103,-1.53,-0.013173313,0,-0.010818532,-0.51
2020-07-08,0.91,-0.053750553,-0.46,0.008213988,0,0.007827462,0.31
2020-07-09,-0.53,-0.060117993,-2.59,-0.008185525,0,-0.005643606,-0.9
2020-07-10,1.11,-0.052434233,3.03,0.01322402,0,0.010466201,-0.13
2020-07-13,-1.2,-0.057036743,1.99,-0.008615884,0,-0.009362541,-0.78
2020-07-14,1.35,-0.054550918,-0.34,0.019405914,0,0.013406371,0.36
2020-07-15,1.14,-0.043035613,1.28,0.016381758,0,0.009082051,2.4
2020-07-16,-0.37,-0.056694334,0.79,-0.001004212,0,-0.003406101,-0.37
2020-07-17,0.3,-0.055898869,-1.41,0.004330766,0,0.002848612,0.18
2020-07-20,1.01,-0.058864038,-2.38,0.004167584,0,0.008406939,-0.43
2020-07-21,0.16,-0.048426231,3.23,-0.000982626,0,0.001679037,0.83
2020-07-22,0.49,-0.058358288,-0.34,0.011253641,0,0.005747082,-0.58
2020-07-23,-1.2,-0.051791398,1.92,-0.004060874,0,-0.01231986,0.72
2020-07-24,-0.75,-0.057650301,0.46,-0.007084691,0,-0.0061904,-0.79
2020-07-27,0.88,-0.054135259,-1.94,0.013787603,0,0.007395139,0.78
2020-07-28,-0.81,-0.055883892,0.97,-0.008853073,0,-0.006473392,-0.7
2020-07-29,1.35,-0.046023462,0.87,0.017938728,0,0.012428382,0.52
2020-07-30,-0.29,-0.054869322,-1.83,-0.004788121,0,-0.003750252,0.5
2020-07-31,0.61,-0.06100481,-0.65,0.000227539,0,0.007670505,-1.54
2020-08-03,0.98,-0.049518784,-0.79,0.010387744,0,0.007181023,1.2
2020-08-04,0.37,-0.054150985,0.05,0.002678779,0,0.003611931,0.45
2020-08-05,0.78,-0.048892623,0.85,0.013613062,0,0.006429743,1.01
2020-08-06,0.53,-0.05494856,-0.79,0.002680385,0,0.006427695,-0.42
2020-08-07,0.02,-0.047606248,2.34,0.001004389,0,0.000633029,0.85
2020-08-10,0.24,-0.053222713,1.66,0.006200095,0,0.002742218,0.81
2020-08-11,-0.83,-0.050730906,1.57,-0.015735631,0,-0.007969132,-0.34
2020-08-12,1.4,-0.060333274,-1.3,0.011219858,0,0.01399655,-0.48
2020-08-13,-0.01,-0.053256298,-1.3,-0.003986784,0,-0.002047174,0.21
2020-08-14,-0.04,-0.053600001,1.03,-0.001377745,0,-0.000171883,-0.09
2020-08-17,0.45,-0.056198374,-1.94,0.007261335,0,0.002709842,0.58
2020-08-18,0.22,-0.06057497,-1.39,-0.000791326,0,0.002303389,-1.06
2020-08-19,-0.38,-0.052931373,0.08,-0.007702133,0,-0.004404395,0.47
2020-08-20,0.31,-0.057341645,-1.52,-0.004447995,0,0.003158633,-0.49
2020-08-21,0.25,-0.058923109,-0.42,-0.001646552,0,0.003441107,-1.06
2020-08-24,0.92,-0.05448886,2.56,0.01063136,0,0.010043718,-0.33
2020-08-25,0.36,-0.056132597,-0.61,0.003159265,0,0.003596351,0.14
2020-08-26,1,-0.058894512,-1.74,0.003379636,0,0.010195626,-1.11
2020-08-27,0.18,-0.055855755,0.98,0.001418734,0,0.001673044,-0.36
2020-08-28,0.7,-0.053971196,-0.22,0.008694158,0,0.006732565,0.3
2020-08-31,-0.04,-0.057622211,-1.75,-0.006125187,0,-0.002194963,-0.44
2020-09-01,0.92,-0.05070193,-0.33,0.003248087,0,0.007525003,0.49
2020-09-02,1.27,-0.057779297,-0.43,0.010699686,0,0.01536591,-0.52
2020-09-03,-3.7,-0.057896877,2.57,-0.02861578,0,-0.035125844,-0.25
2020-09-04,-0.87,-0.055915817,2.09,-0.003556388,0,-0.008133027,-0.2
2020-09-08,-2.91,-0.055099192,-0.18,-0.017074778,0,-0.027756342,0.65
2020-09-09,2.07,-0.05528732,-1.96,0.014701057,0,0.020144986,-0.16
2020-09-10,-1.64,-0.052866494,-0.05,-0.013530989,0,-0.017584797,0.32
2020-09-11,-0.06,-0.060329131,0.91,0.006821685,0,0.000533072,-0.84
2020-09-14,1.59,-0.048910962,-0.78,0.014888706,0,0.012741829,1.14
2020-09-15,0.57,-0.055298844,-1.42,0.004566356,0,0.00521936,-0.28
2020-09-16,-0.39,-0.049614644,1.34,0.005153767,0,-0.004618947,0.71
2020-09-17,-0.85,-0.056905755,0.19,-0.005625338,0,-0.008412366,0.37
2020-09-18,-0.88,-0.049755298,-0.18,-0.014065279,0,-0.011182582,0.75
2020-09-21,-1.08,-0.061695337,-1.91,-0.019455445,0,-0.011571098,-1.91
2020-09-22,1.02,-0.055549593,-1.65,0.007980988,0,0.010517945,-0.12
2020-09-23,-2.48,-0.062341135,0.17,-0.017207689,0,-0.023721455,-0.69
2020-09-24,0.25,-0.054909772,0.32,0.003349212,0,0.002987459,-0.21
2020-09-25,1.72,-0.054881406,-1.35,0.014237501,0,0.015976724,0.13
2020-09-28,1.66,-0.051063397,1.02,0.022650831,0,0.01611059,0.71
2020-09-29,-0.42,-0.054323266,-1.3,-0.002400583,0,-0.004812665,0.75
2020-09-30,0.79,-0.056694271,0.18,0.004574942,0,0.008253718,-0.69
2020-10-01,0.79,-0.051295176,-0.57,0.006887231,0,0.005292908,1.06
2020-10-02,-0.96,-0.050980492,2.44,-0.000127439,0,-0.009577652,1.08
2020-10-05,1.93,-0.051512232,-0.1,0.021610548,0,0.017972709,0.99
2020-10-06,-1.28,-0.052652109,0.24,-0.00750065,0,-0.013973516,0.76
2020-10-07,1.84,-0.052953814,0.24,0.018349764,0,0.017396755,0.46
2020-10-08,0.8,-0.053583883,1,0.012290105,0,0.008010124,0.01
2020-10-09,0.93,-0.05380027,-1.42,0.006997663,0,0.008793533,0.01
2020-10-12,1.53,-0.053365716,-0.14,0.009236038,0,0.016415813,-0.82
2020-10-13,-0.41,-0.055075415,-1.69,-0.005104059,0,-0.006306919,0.19
2020-10-14,-0.65,-0.054488944,0.06,-0.00431326,0,-0.006623142,0.1
2020-10-15,-0.08,-0.049066383,1.12,-0.000372972,0,-0.001527755,0.88
2020-10-16,-0.06,-0.056461118,0.06,0.000731815,0,0.00013492,-0.21
2020-10-19,-1.53,-0.053015244,0.28,-0.013583212,0,-0.016329862,0.36
2020-10-20,0.34,-0.055761052,1.28,0.005186125,0,0.004727334,-0.25
2020-10-21,-0.36,-0.056648345,0.3,-0.008705963,0,-0.0021957,-0.43
2020-10-22,0.67,-0.051521561,1.07,0.002543554,0,0.005218925,0.59
2020-10-23,0.38,-0.053414558,0.05,0.004394998,0,0.003445762,0.43
2020-10-26,-1.85,-0.056430799,-0.39,-0.022351608,0,-0.018589516,-0.28
2020-10-27,-0.23,-0.056633058,-2.36,-0.011906782,0,-0.003025619,-0.04
2020-10-28,-3.41,-0.053297449,0.57,-0.027974336,0,-0.035287879,0.06
2020-10-29,1.13,-0.053278418,0.22,0.008039013,0,0.011947331,0.17
2020-10-30,-1.45,-0.059930122,1.85,-0.004787439,0,-0.01212955,-0.79
2020-11-02,1.17,-0.050780659,0.98,0.015063158,0,0.012318203,0.45
2020-11-03,1.93,-0.051767743,-0.21,0.018551025,0,0.01779929,0.94
2020-11-04,2.25,-0.059375538,-4.89,0.020746055,0,0.022047048,-1.43
2020-11-05,2.13,-0.049025484,0.49,0.014051272,0,0.019460194,1
2020-11-06,0.01,-0.058412965,-0.95,-0.00654636,0,-0.000287715,-0.83
2020-11-09,0.87,-0.047052763,6.7,0.011319717,0,0.011699889,0.7
2020-11-10,-0.17,-0.050128623,2.17,0.009838421,0,-0.001399795,1.47
2020-11-11,0.88,-0.060811371,-1.75,0.009179189,0,0.007651855,-0.55
2020-11-12,-0.94,-0.057922133,-1.18,-0.006396263,0,-0.009978532,-0.23
2020-11-13,1.31,-0.052531965,1.13,0.018947511,0,0.013610335,0.58
2020-11-16,1.22,-0.049427812,1.91,0.01775351,0,0.011648051,0.74
2020-11-17,-0.19,-0.049861763,0.02,-0.004033573,0,-0.004791926,0.61
2020-11-18,-0.93,-0.053890348,0,-0.009139691,0,-0.01156383,-0.01
2020-11-19,0.59,-0.05384836,-0.72,0.002531314,0,0.003946442,0.49
2020-11-20,-0.51,-0.053123134,-0.61,-0.006370061,0,-0.006792563,0.7
2020-11-23,0.83,-0.049151256,1.55,0.012648047,0,0.005635931,0.85
2020-11-24,1.56,-0.051743977,2.73,0.010016143,0,0.016161668,-0.15
2020-11-25,0.03,-0.055168375,-1.27,-0.003684859,0,-0.001584418,0.01
2020-11-27,0.43,-0.053156695,-1.64,0.000902863,0,0.002396979,0.45
2020-11-30,-0.53,-0.062263542,-2.05,-0.010762683,0,-0.004595549,-0.98
2020-12-01,0.98,-0.055432191,0.54,0.012832888,0,0.011271187,-0.23
2020-12-02,0.11,-0.054656046,1.05,-0.003160181,0,0.001791167,-0.09
2020-12-03,0.18,-0.053740701,-0.05,0.006267961,0,-0.000624157,0.46
2020-12-04,1.02,-0.050704539,0.85,0.011839416,0,0.008836275,1.4
2020-12-07,0.03,-0.056096192,-1.01,-0.000772546,0,-0.001935638,0.22
2020-12-08,0.47,-0.051237628,-0.75,0.002804137,0,0.002787148,0.97
2020-12-09,-1.03,-0.054346958,1.34,-0.006876282,0,-0.007949202,-0.06
2020-12-10,0.24,-0.051373687,-0.47,0.005443051,0,-0.001285108,1.09
2020-12-11,-0.2,-0.057065263,-0.72,-0.003356295,0,-0.001264997,-0.36
2020-12-14,-0.28,-0.05356831,-1.54,-0.001937803,0,-0.004359259,0.6
2020-12-15,1.28,-0.048269657,0.4,0.010805769,0,0.012921249,1.05
2020-12-16,0.17,-0.056819091,-0.37,0.00063295,0,0.001772795,-0.42
2020-12-17,0.79,-0.052512897,-0.67,0.009982453,0,0.005757655,0.71
2020-12-18,-0.12,-0.053893003,-1.15,-0.00303332,0,-0.003511118,0.11
2020-12-21,-0.23,-0.054258653,-0.03,-0.0081518,0,-0.003906279,0.13
2020-12-22,0.06,-0.049521393,-1.62,0.001477758,0,-0.002073093,1.23
2020-12-23,0.1,-0.052492725,2,0.002407925,0,0.000745811,0.34
2020-12-24,0.21,-0.056155502,-0.17,0.004436586,0,0.003536589,-0.39
2020-12-28,0.46,-0.056043442,0.32,-0.000297283,0,0.008722529,-0.72
2020-12-29,-0.4,-0.061939831,0.24,-0.000918029,0,-0.00222738,-1.52
2020-12-30,0.27,-0.052776054,0.04,0.005713073,0,0.001341547,0.99
2020-12-31,0.39,-0.057922624,0.45,0.004718574,0,0.006438845,-0.87
2021-01-04,-1.41,-0.054707272,0.53,-0.014937353,0,-0.014754828,0.25
2021-01-05,0.86,-0.049374079,0.51,0.006717743,0,0.007082595,1.22
2021-01-06,0.79,-0.039516195,3.89,0.0082298,0,0.005709843,2.11
2021-01-07,1.76,-0.052316576,-0.85,0.014987515,0,0.014847404,0.32
2021-01-08,0.51,-0.06171302,-1.35,-0.000902221,0,0.005491863,-0.71
2021-01-11,-0.51,-0.052184978,1.24,-0.001922468,0,-0.006554751,0.26
2021-01-12,0.38,-0.048795904,1.23,0.00255041,0,0.000415788,1.25
2021-01-13,0.07,-0.057775592,-0.42,-0.002602824,0,0.002275642,-0.93
2021-01-14,-0.11,-0.046036888,1.11,-0.000155001,0,-0.003753451,1.99
2021-01-15,-0.86,-0.058822768,-0.74,-0.006964865,0,-0.007190028,-0.47
2021-01-19,0.92,-0.051556102,-0.84,0.008236552,0,0.008136379,0.85
2021-01-20,1.26,-0.056250226,-1.12,0.009850897,0,0.013935626,-0.4
2021-01-21,-0.04,-0.056717099,-0.94,-0.005007963,0,0.000316723,-0.54
2021-01-22,-0.07,-0.045448088,-0.16,-0.007481423,0,-0.003010611,1.82
2021-01-25,0.29,-0.051877419,-0.45,-0.007693288,0,0.003615839,-0.07
2021-01-26,-0.32,-0.058590698,0.03,-5.08E-05,0,-0.001488834,0
2021-01-27,-2.53,-0.047585506,1.47,-0.038259686,0,-0.025677884,1.3
2021-01-28,0.92,-0.060976965,-0.79,0.017735368,0,0.009760626,-1.86
2021-01-29,-1.84,-0.054907006,0.56,-0.019152158,0,-0.019311475,0.57
2021-02-01,1.73,-0.048804604,-1.5,0.021772298,0,0.016051768,0.93
2021-02-02,1.48,-0.055551618,-1.07,0.012323463,0,0.013898224,-0.82
2021-02-03,0.15,-0.053697319,0.87,-0.002529362,0,0.001008769,0.48
2021-02-04,1.23,-0.051364371,0.33,0.010704571,0,0.010853322,0.4
2021-02-05,0.58,-0.050986188,-0.47,0.000653366,0,0.003897495,1.07
2021-02-08,0.96,-0.047934517,0.36,0.013210838,0,0.007399348,2.04
2021-02-09,0.05,-0.053178578,-0.18,0.00053717,0,-0.001113525,0.68
2021-02-10,-0.08,-0.056867481,0.67,-0.001169016,0,-0.000345185,-0.48
2021-02-11,0.19,-0.055396229,-0.45,0.003655129,0,0.001662455,-0.18
2021-02-12,0.49,-0.056944537,0.48,0.00661857,0,0.004711033,-0.14
2021-02-16,-0.14,-0.057969346,1.9,-0.002836963,0,-0.000569272,-0.6
2021-02-17,-0.21,-0.056635711,0.6,0.002177804,0,-0.000320402,-0.88
2021-02-18,-0.64,-0.060208554,-0.22,-0.000962529,0,-0.004415836,-1.49
2021-02-19,0.16,-0.047356284,0.68,0.006228856,0,-0.001854897,1.74
2021-02-22,-1.13,-0.053856494,3.14,-0.0060473,0,-0.007732839,-0.09
2021-02-23,-0.15,-0.060575882,0.9,0.000393508,0,0.001256318,-1.28
2021-02-24,1.15,-0.048989495,1.34,0.009094696,0,0.011351614,1.2
2021-02-25,-2.74,-0.059029465,0.87,-0.022206418,0,-0.024478808,-1.12
2021-02-26,-0.28,-0.052334329,-1.56,-0.007092046,0,-0.004750214,0.72
2021-03-01,2.63,-0.048277337,0.24,0.020555868,0,0.023790764,1.06
2021-03-02,-1.05,-0.061004983,1.25,-0.006843269,0,-0.008080852,-1.08
2021-03-03,-1.57,-0.051847799,3.5,-0.008839761,0,-0.013066222,-0.18
2021-03-04,-1.7,-0.061050763,1.68,-0.015994374,0,-0.013417214,-1.34
2021-03-05,1.85,-0.054834843,0.62,0.020695658,0,0.019495968,0.17
2021-03-08,-0.67,-0.046024743,3.66,-0.005886131,0,-0.005359231,0.58
2021-03-09,1.79,-0.051669987,-3.15,0.011945872,0,0.014154642,1.23
2021-03-10,0.68,-0.050635449,1.84,0.008397232,0,0.006030314,0.71
2021-03-11,1.44,-0.050307208,-2.01,0.01118359,0,0.010395487,1.61
2021-03-12,0.1,-0.053354201,1.29,0.002184331,0,0.001015398,0.11
2021-03-15,0.7,-0.058578844,-1.26,0.010683017,0,0.006491921,-0.09
2021-03-16,-0.43,-0.061534245,-0.84,-0.002040199,0,-0.001569684,-1.09
2021-03-17,0.33,-0.053710817,0.35,0.007274771,0,0.002879382,0.47
2021-03-18,-1.88,-0.059698132,2.19,-0.015609695,0,-0.014760539,-1.74
2021-03-19,0.25,-0.050971029,-0.98,-0.00072822,0,-0.000602704,1.25
2021-03-22,0.55,-0.061628263,-2.2,0.007711495,0,0.007025118,-1.15
2021-03-23,-1.17,-0.065687572,-1.05,-0.012251695,0,-0.007630854,-2.67
2021-03-24,-1.01,-0.062331595,1.46,-0.0035261,0,-0.005467336,-1.98
2021-03-25,0.67,-0.046101839,1.36,0.001987738,0,0.005240266,1.63
2021-03-26,1.55,-0.053301646,0.65,0.020704106,0,0.016631202,0.2
2021-03-29,-0.49,-0.066127741,-0.21,-0.006912588,0,-0.000868013,-2.39
2021-03-30,-0.02,-0.048019096,0.99,0.004444679,0,-0.003157833,1.52
2021-03-31,0.63,-0.049891813,-2.32,0.001494212,0,0.003622499,1.1
2021-04-01,1.27,-0.050989573,0.01,0.011310533,0,0.011825202,0.33
2021-04-05,1.27,-0.05799041,-0.71,0.008663379,0,0.014438226,-0.56
2021-04-06,0.01,-0.055645763,0.11,-0.000967388,0,-0.000973531,-0.29
2021-04-07,-0.12,-0.062616489,0.35,-0.004865453,0,0.001475233,-1.59
2021-04-08,0.62,-0.053928271,-1.16,0.00291362,0,0.004220633,0.6
2021-04-09,0.65,-0.055406521,0.16,0.006923763,0,0.007719934,-0.66
2021-04-12,-0.05,-0.055965638,0.57,0.000957458,0,-0.000196079,-0.6
2021-04-13,0.41,-0.056553231,-1.57,0.000595684,0,0.003294487,-0.28
2021-04-14,-0.35,-0.050377339,1.42,-0.002060044,0,-0.004087727,0.75
2021-04-15,1.04,-0.057784388,-1.17,0.009139554,0,0.011094191,-0.43
2021-04-16,0.27,-0.056093914,0.64,0.007236889,0,0.00360882,-0.32
2021-04-19,-0.73,-0.058487409,0.78,-0.004874347,0,-0.00530656,-0.75
2021-04-20,-0.94,-0.061914986,-1.52,-0.004846589,0,-0.00680232,-1.19
2021-04-21,1.11,-0.049616324,0.1,0.011590006,0,0.009306056,1.37
2021-04-22,-0.77,-0.053718963,-0.76,-0.006399176,0,-0.009210658,0.66
2021-04-23,1.26,-0.051286346,0.68,0.007643879,0,0.010928697,0.75
2021-04-26,0.43,-0.052522358,-0.48,0.005260024,0,0.001782271,0.85
2021-04-27,-0.03,-0.054638096,0.85,-0.000158831,0,-0.000214896,-0.17
2021-04-28,-0.06,-0.054505402,0.23,-0.002849215,0,-0.00084554,0.18
2021-04-29,0.39,-0.058366192,1.11,0.008111889,0,0.006762807,-1.12
2021-04-30,-0.83,-0.057857095,-0.33,-0.009036844,0,-0.007194707,-0.42
2021-05-03,0.17,-0.051553577,1.71,0.006202452,0,0.002748091,0.41
2021-05-04,-0.89,-0.05842701,2.02,-0.008483823,0,-0.006678338,-0.77
2021-05-05,-0.06,-0.056040658,1.4,4.57E-05,0,0.000703464,-0.5
2021-05-06,0.48,-0.058373414,1.21,0.011204322,0,0.008165456,-0.8
2021-05-07,0.84,-0.053327359,-0.09,0.009901986,0,0.007373342,0.45
2021-05-10,-1.36,-0.062960064,1.7,-0.008247549,0,-0.010435647,-1.67
2021-05-11,-0.63,-0.052506332,-0.93,-0.012089195,0,-0.008673913,0.94
2021-05-12,-2.34,-0.060591152,0.68,-0.020169524,0,-0.021449401,-1.31
2021-05-13,1.02,-0.048863133,1.1,0.007633917,0,0.012173141,0.28
2021-05-14,1.81,-0.050813538,-0.19,0.018783392,0,0.014917957,0.98
2021-05-17,-0.24,-0.054115229,0.84,-0.00373569,0,-0.002530052,0.57
2021-05-18,-0.69,-0.05438074,-0.93,-0.005376815,0,-0.008517293,0.28
2021-05-19,-0.36,-0.055894034,-0.45,-0.003627597,0,-0.002943411,-0.35
2021-05-20,1.14,-0.057658378,-1.43,0.014142385,0,0.010554742,-0.09
2021-05-21,-0.04,-0.053574527,0.97,-0.001288855,0,-0.000783881,0.2
2021-05-24,1,-0.055901472,-0.69,0.008986257,0,0.009911292,-0.38
2021-05-25,-0.3,-0.059622176,-1.22,-0.001773592,0,-0.002125284,-0.6
2021-05-26,0.47,-0.045226577,0.52,8.96E-05,0,0.001876816,1.77
2021-05-27,0.28,-0.052791212,0.95,0.004074052,0,0.001165315,0.8
2021-05-28,0.04,-0.056168224,-0.27,0.000445248,0,0.000768882,-0.3
2021-06-01,0.04,-0.051097587,1.41,0.004042463,0,-0.000492333,1.07
2021-06-02,0.13,-0.057295756,0.3,0.001868026,0,0.001446935,-0.14
2021-06-03,-0.53,-0.056256843,0.79,-0.000366082,0,-0.003628703,-0.53
2021-06-04,0.9,-0.058064448,-0.9,0.007947263,0,0.008834096,-0.35
2021-06-07,0.14,-0.048702652,-0.95,-0.001740071,0,-0.000796739,1.55
2021-06-08,0.19,-0.049308701,-0.32,0.000691194,0,0.000175025,1.15
2021-06-09,-0.3,-0.056320937,-0.82,-0.001051385,0,-0.001823867,-0.31
2021-06-10,0.41,-0.061427245,-1.98,0.006138606,0,0.004652243,-0.85
2021-06-11,0.37,-0.051712793,0.18,0.002691516,0,0.001948435,0.69
2021-06-14,0.14,-0.05754776,-1.61,-0.000200234,0,0.001815202,-0.29
2021-06-15,-0.31,-0.054258109,1.3,-0.002663652,0,-0.002011694,-0.03
2021-06-16,-0.45,-0.051617694,0.17,-0.008300152,0,-0.005390125,0.45
2021-06-17,0.01,-0.058668889,-3.53,-0.003247128,0,-0.000435716,-0.46
2021-06-18,-1.23,-0.05770827,-1.43,-0.011644892,0,-0.013124469,-0.41
2021-06-21,1.34,-0.052079307,1.07,0.015614468,0,0.01400229,0.6
2021-06-22,0.58,-0.054505134,-0.48,0.001913829,0,0.005124492,0.04
2021-06-23,0.03,-0.052764577,-0.29,-0.001658786,0,-0.001083283,0.55
2021-06-24,0.68,-0.051191559,0.23,0.006635919,0,0.00581125,0.62
2021-06-25,0.32,-0.057910376,0.46,0.006591615,0,0.003330597,-0.68
2021-06-28,0.23,-0.054242697,-1.59,-0.00366911,0,0.002314964,-0.48
2021-06-29,0.01,-0.056529172,-0.27,-0.000418491,0,0.000277336,-0.23
2021-06-30,0.08,-0.055660203,0.78,-0.000557684,0,0.00132816,-0.11
