Date,FTSE 100,FTSE 100 Balanced,FTSE 100 Screened
2016-07-04,-0.008437471745158964,,-0.016973147001730728
2016-07-05,0.0035417103921369097,-0.015628614546928116,-0.018896008550321277
2016-07-06,-0.012497296609028541,-0.008769140525792073,-0.00721236886168599
2016-07-07,0.010860775099889253,0.016588023363333725,0.01772158391413981
2016-07-08,0.008693301707305645,0.017917008636968785,0.02027307680219503
2016-07-11,0.014004764760042088,0.0263193738375328,0.028816551270367412
2016-07-12,-0.00032915456347648586,0.006028934444826199,0.007692006785640278
2016-07-13,-0.0015417984192299672,0.0004518487073877762,0.0006523960671442324
2016-07-14,-0.0023836504907648326,0.0026933831455713967,0.0027756203149380404
2016-07-15,0.0022090607859344136,0.00045831086434029305,0.000523220582628884
2016-07-18,0.003928463119107217,0.0034088980316302033,0.004203074827040484
2016-07-19,0.0002987125532865065,-0.00047433983037959934,-0.001025310559425575
2016-07-20,0.0047182635742810675,0.00651967465960119,0.007165475136178897
2016-07-21,-0.00432457987813939,-0.002173387096886165,-0.0019157335116496595
2016-07-22,0.0045672470406408205,-0.0007353512910381768,-0.002097616411489013
2016-07-25,-0.003030963821409993,0.003654788809789007,0.005093653143910786
2016-07-26,0.002071489515356628,0.00016079586876768857,0.0009392196481604956
2016-07-27,0.003926219809637033,0.010810560619803589,0.013313380864237265
2016-07-28,-0.004340454554598638,-0.0026818474669813345,-0.0038216812607799015
2016-07-29,0.0004909618889592515,0.002658447027316741,0.0013230829116255838
2016-08-01,-0.0045208349359111555,-0.005282251138915176,-0.0056387666741485095
2016-08-02,-0.007260247684493515,-0.00454327820616558,-0.0046459608199113395
2016-08-03,-0.001655280368708767,-0.0024042571529573078,-0.0029216851643795432
2016-08-04,0.01594722877167931,0.012958134010671406,0.01155847860533478
2016-08-05,0.007907748057622843,0.010289800765114845,0.009238671611869982
2016-08-08,0.0022963270773534994,0.006373079743177899,0.006917996119249132
2016-08-09,0.006197545401395166,0.008169326943646789,0.007784077216939191
2016-08-10,0.002203975512643508,0.0032522802380953006,0.0027639459030969586
2016-08-11,0.007034296529383921,0.008319950026521876,0.006925902398468964
2016-08-12,0.0001879770580566209,0.002349310809185467,0.002503530736952272
2016-08-15,0.0036437528918451534,0.002588864335411422,0.0017181721230543606
2016-08-16,-0.0068144257003383,-0.007399053302531754,-0.007539445993002561
2016-08-17,-0.005033392926104385,-0.006908433848104184,-0.006724619265537718
2016-08-18,0.001428709575664877,0.005981107661307571,0.006441194568260969
2016-08-19,-0.0014558159848595542,-0.002872064900112991,-0.003711437813617057
2016-08-22,-0.004446712348738835,-0.0014294075538287092,-6.987939506435115e-05
2016-08-23,0.005857801859852074,0.009748943729186393,0.010126548320027868
2016-08-24,-0.004760893208124117,-0.0024334079143634646,-0.0010365637485742797
2016-08-25,-0.002764841501966764,-0.005188301213402302,-0.00545357260725134
2016-08-26,0.003109946794698004,0.003636540650644309,0.003899133668833531
2016-08-30,-0.0025299853397965366,-0.0056056447713250775,-0.006064773543929843
2016-08-31,-0.00576175904931131,-0.005656895867158556,-0.0057273893115145115
2016-09-01,-0.0052348300523482605,0.00253803073357892,0.005149342620034943
2016-09-02,0.02202788289356672,0.01691055138039863,0.015192981881104833
2016-09-05,-0.002204652305274557,-0.0013002213221706862,-0.0013403673281677138
2016-09-06,-0.007747740320271701,-0.0025686290587388595,-0.0003640927884903996
2016-09-07,0.0030031789317015445,0.002619364709338729,0.002070118883222869
2016-09-08,0.0017673147002603695,0.002087218852676471,0.0021776538792004797
2016-09-09,-0.011911906436668507,-0.014979442132187722,-0.016204382789891385
2016-09-12,-0.011229171904972635,-0.013557130936179539,-0.014766554356762468
2016-09-13,-0.00526791990870723,-0.005500658457545935,-0.005386965899982662
2016-09-14,0.001155140855556347,0.000981820630697033,0.0009130536749582391
2016-09-15,0.008541501455890277,0.008322099227543912,0.00779566047799247
2016-09-16,-0.002971635822989871,-0.003852780565878482,-0.0033356566035452617
2016-09-19,0.015394288780216536,0.013303878879556794,0.012617572279454765
2016-09-20,0.0025243200000903965,0.0026738100175389594,0.001292930978671102
2016-09-21,0.0005855829645413646,0.000826485610231002,0.00042295230610039404
2016-09-22,0.011207365129255464,0.01124828657594156,0.011795838138763476
2016-09-23,-0.0002893769754838127,-0.003934533241782678,-0.0050397985992478925
2016-09-26,-0.013228341577615543,-0.015124788296447403,-0.01470012326800015
2016-09-27,-0.0015106783514226008,-0.001697178961500881,-0.0012729146903739524
2016-09-28,0.006125373592483552,0.007765503429762566,0.00914715122303059
2016-09-29,0.010219873419795578,0.00655794636845086,0.005926739724135842
2016-09-30,-0.0029048902050291536,0.002196084915406408,0.0033893322905786376
2016-10-03,0.012204165260216726,0.012517596410356838,0.012026987263240547
2016-10-04,0.01300204839979946,0.011324124777509293,0.011091566388241337
2016-10-05,-0.005795626582156155,-0.005700968355220155,-0.005954423369031717
2016-10-06,-0.004734592001371385,-0.005529755671774355,-0.006506964871713622
2016-10-07,0.006342843142856935,-0.0019394301255184672,-0.002967218215229196
2016-10-10,0.007537916463959515,0.002165796208577835,0.0014091588154651093
2016-10-11,-0.0037478123282846942,0.0011935500887023378,0.0030313999733799744
2016-10-12,-0.006632805251101548,-0.007270552424561401,-0.0078143639709046
2016-10-13,-0.006591657887243696,-0.0067480419410316395,-0.0060237666326123564
2016-10-14,0.005144947761688723,0.0045512752165459604,0.0036687743096841825
2016-10-17,-0.009410288450694582,-0.010578645063397606,-0.01032828572077593
2016-10-18,0.007556566189685254,0.010853462480017697,0.012282515084159307
2016-10-19,0.0031142131819268393,0.005964787740733608,0.006673948677680952
2016-10-20,0.0007120579999404519,-0.0005090003653246723,-0.0019525431641624208
2016-10-21,-0.000910771761268081,-0.000928076716868216,-0.0009173817880992838
2016-10-24,-0.004857217861975793,-0.005708603435426536,-0.0067240865162667
2016-10-25,0.004465847423229974,0.0012996991958444922,0.0013580670248670348
2016-10-26,-0.008478682052138753,-0.008273607103646495,-0.008526572756130257
2016-10-27,0.004095945674623458,0.0013332255060726345,-0.0003107286940054726
2016-10-28,0.0013883300695534118,0.005207146925527122,0.006481096608992017
2016-10-31,-0.00601741079905016,-0.0038013934368512857,-0.0036285884593706616
2016-11-01,-0.0053349193235296966,-0.003405660370906907,-0.0030856889560244623
2016-11-02,-0.010365643836892424,-0.006312006147665002,-0.005056649861992743
2016-11-03,-0.00801997002161392,-0.001235029682397561,-0.0005758695110684858
2016-11-04,-0.014314144024740516,-0.01825888755048834,-0.020235430226444896
2016-11-07,0.01697221106323954,0.011998957906576901,0.010866294997487619
2016-11-08,0.005318161941732846,0.005152929592869236,0.00595989765995531
2016-11-09,0.010039266708969707,0.01153959779650699,0.013422872078185577
2016-11-10,-0.012124165537806597,-0.007948076067802581,-0.008089277753062866
2016-11-11,-0.014294097539543138,-0.011375368359728239,-0.011171961050584779
2016-11-14,0.0033876579894198677,0.0026205517632071763,0.0012452454154872738
2016-11-15,0.005849078786268613,0.008737426195766342,0.010306376321667098
2016-11-16,-0.006330325020328709,-0.00559849243337407,-0.006539246858175106
2016-11-17,0.006666962783522523,0.008893659823553975,0.00928694227758662
2016-11-18,-0.0027816370785438416,-0.0011887411628589352,-0.0017631318883574686
2016-11-21,0.00032471369628961355,-0.00174434502759123,-0.0018659332229883762
2016-11-22,0.006152286072587776,0.009374443179599479,0.009218811517987256
2016-11-23,-0.0002932680239325913,-0.0008600721993178142,-0.0010849876244781991
2016-11-24,0.0016867858179556716,0.0014248840725131341,-0.00010172147348821298
2016-11-25,0.00169853125824182,0.0009107786209858788,0.0012049040313808317
2016-11-28,-0.006037277244952177,-0.004605285880737667,-0.004049205523927587
2016-11-29,-0.004044415030517001,0.00040731698288686214,0.0012200905514476428
2016-11-30,0.0017424401949202029,-0.0035518122005899636,-0.003610634769330016
2016-12-01,-0.004554955023470142,-0.0048583948724932454,-0.005194554980149592
2016-12-02,-0.0032874331505230447,-0.0026255290413115468,-0.001528910560548007
2016-12-05,0.0023919665909291066,0.003069797109699462,0.002665924104576221
2016-12-06,0.004891207825011179,0.0023620942912296545,0.002746277221492035
2016-12-07,0.018053687943666352,0.016114641763942398,0.015080371246477826
2016-12-08,0.004259497286285274,0.0059672952033498015,0.0066488731394008585
2016-12-09,0.0032604444400248234,0.002452641976271936,0.0025359519737454487
2016-12-12,-0.009174353802163027,-0.009870688206298227,-0.010081077663958172
2016-12-13,0.011349152024877851,0.00994654136487856,0.009657128730934699
2016-12-14,-0.0027839024663746104,-0.0029998444719790645,-0.0029543422816161683
2016-12-15,0.007166264261005306,0.008464112007714644,0.007875731711901306
2016-12-16,0.0018002711815974237,-5.476223976933275e-05,-0.0003316546517590415
2016-12-19,0.0007986903020320568,-0.0010546103600209424,-0.001229913696815339
2016-12-20,0.003819159245178172,0.0018475871180432559,0.0014036998443568358
2016-12-21,-0.00036912237365149814,-0.0005181575651630752,-4.002128943905378e-06
2016-12-22,0.003167025493562292,0.005978641628217073,0.00626130356838068
2016-12-23,0.0006370598802005745,0.0014500813167316418,0.001364786579394938
2016-12-28,0.005362030213407198,0.004043208735119551,0.0038351064985172705
2016-12-29,0.00199824190542941,0.0017966546185225235,0.0016649011589658699
2016-12-30,0.003159979300899618,0.00335911967937932,0.0034918150353461727
2017-01-03,0.00491405302657788,0.005053334746566685,0.0043680833060130795
2017-01-04,0.001643975697782185,-0.0006146607871176229,-0.0031635471559157344
2017-01-05,0.0007788377607029773,0.0055600927079453065,0.007990735052518082
2017-01-06,0.0020569390297977552,0.001832973005682753,0.0018733970787141348
2017-01-09,0.0038417922946287764,0.0034181686568277316,0.0035824174694408725
2017-01-10,0.005208792176588872,0.007699419273486891,0.008888492323882127
2017-01-11,0.002061713971548418,0.0011115541408727805,0.0010711438919742168
2017-01-12,0.0002605996845208569,0.001090968772278409,0.0016002185291563616
2017-01-13,0.006225646372951754,0.005721768442492327,0.005511739979235817
2017-01-16,-0.0014581628395896606,-0.002806335953100224,-0.0024621953406186673
2017-01-17,-0.014562404576556331,-0.007331810037820102,-0.005140327452151244
2017-01-18,0.003767131511991151,0.0006191895133219668,-0.0008586461317474248
2017-01-19,-0.005408713983932278,-0.004692542828115423,-0.004823929823177694
2017-01-20,-0.0013872704256079338,-0.003444771665052745,-0.003573870568110458
2017-01-23,-0.0065569720552598465,-0.00246624419777551,-0.0005677029338668153
2017-01-24,-0.00012590753656016584,-0.0014651474195753749,-0.0019283555235814695
2017-01-25,0.001971958852709843,0.001105066032021565,0.0007727635943861628
2017-01-26,-0.0004047655127668026,-0.0008474264766362222,-0.0027961625237234704
2017-01-27,0.003211617677860712,0.004744908786464251,0.005413829838212959
2017-01-30,-0.009186443037093706,-0.007837861036310116,-0.007668337189638013
2017-01-31,-0.0027112179532203795,0.0007060362486786953,0.0022216675279841374
2017-02-01,0.0011973179747750695,0.0040893460018354534,0.004277849724655631
2017-02-02,0.004656866369136425,0.005577742178331503,0.005149341555636551
2017-02-03,0.00665191593338621,0.007135695060823054,0.0055069557461887315
2017-02-06,-0.0022396965119346746,-0.00418204319823007,-0.004930468597803248
2017-02-07,0.0019519812079087373,0.00872418156418765,0.010729332098676792
2017-02-08,0.0003617502893682456,0.004236013467560407,0.004948313327024181
2017-02-09,0.005661611966394142,0.003009539678589722,0.0019281590665145391
2017-02-10,0.00405281208935615,0.003524785026590449,0.002664304871122557
2017-02-13,0.002769066173467616,0.0035872042473326232,0.004210094014628267
2017-02-14,-0.0014150220690860582,-0.0008389251525935495,-0.0002919146424475074
2017-02-15,0.004650111925857514,0.0031502860881063854,0.0033514409237563776
2017-02-16,-0.0033550613947189722,-0.001045610806465858,-0.0012767365260558765
2017-02-17,0.0030366037315143757,0.000833518552119645,0.0006146953959592534
2017-02-20,-1.371205479461235e-05,0.0019820425096380477,0.00209807977959579
2017-02-21,-0.003438416599811589,-7.978838815746485e-05,0.0007426991630734448
2017-02-22,0.0037801727521216133,-0.0020009813670792765,-0.0024783322271807514
2017-02-23,-0.004231530315811249,-0.0025260816824361544,-0.00310574537255936
2017-02-24,-0.003809404980240516,-0.004933315931191537,-0.0053191287673018395
2017-02-27,0.00128384730864739,0.0019335256242890007,0.002174818839303705
2017-02-28,0.0014338759134149281,0.004897686421005964,0.005188919150318072
2017-03-01,0.01645235036103343,0.016367680389875176,0.016873109362155088
2017-03-02,-6.772406596822211e-05,-0.0010909387506389129,-0.0009184806818352161
2017-03-03,-0.0010972173151720943,-0.005140072662739459,-0.006230269866672028
2017-03-06,-0.0032816277666919413,-0.0005584161468271599,-0.000855041449625565
2017-03-07,-0.0015101968479342975,-0.001925999058129087,-0.0006836837366659826
2017-03-08,-0.000599523368306154,0.0008892774776135894,5.732100830943554e-05
2017-03-09,-0.0026722790251844097,0.00021830296026661159,7.049406659751303e-05
2017-03-10,0.0038414351332878294,0.0005311537404551421,-0.0005733349327285212
2017-03-13,0.0032683743486674466,0.004214378369378816,0.004688139829486347
2017-03-14,-0.0012488219078901075,-0.0025037747319546035,-0.003427417828683334
2017-03-15,0.0014542459319260015,0.0018573393331273204,0.0019414214261767905
2017-03-16,0.006432687534890791,0.006145324491385832,0.005916145249055697
2017-03-17,0.0012135922330096527,0.0032407266232285354,0.0031665951376410994
2017-03-20,0.0006464383838382659,0.002978686434515481,0.0036577671744844123
2017-03-21,-0.006931546118556509,-0.007978484801495581,-0.00892969256072851
2017-03-22,-0.007264493367927005,-0.00738647781327275,-0.007018918822338346
2017-03-23,0.0021843897462072714,0.007261485064716249,0.007486365654729505
2017-03-24,-0.0005313375967400669,-0.0009273693625145656,-0.001758983254698178
2017-03-27,-0.005901729112261056,-0.005808296502568686,-0.00570795577786218
2017-03-28,0.006841694933845011,0.005065615639342439,0.005184885309997831
2017-03-29,0.004126194052396448,0.00244304618405452,0.0029223732615887652
2017-03-30,-0.0005696183583444592,0.0028642524822820293,0.003189781833147968
2017-03-31,-0.006323373091797424,-0.002474324621354331,-0.001416187720506475
2017-04-03,-0.005489588487891162,-0.004453392569509579,-0.0038427666467033116
2017-04-04,0.00536883421712786,0.005158232388858233,0.005459133139817239
2017-04-05,0.0013521798278668395,0.0010724740556482158,0.0014146537963606962
2017-04-06,-0.0038872293249846424,0.0007530610469374458,0.0017997569730239561
2017-04-07,0.006325953796477934,0.0047005737503451545,0.003979503147590616
2017-04-10,-6.803276548661419e-05,0.0018963249398726266,0.0028780899461046377
2017-04-11,0.002258854824717771,0.004616333648715211,0.005314207698017473
2017-04-12,-0.002240173783178312,-0.00045711219430587615,-0.00021023001598209114
2017-04-13,-0.0029119474758469988,0.002803324112591806,0.00361801503137686
2017-04-18,-0.02457831972150848,-0.018229876776086916,-0.016361052050634803
2017-04-19,-0.004631003567681091,0.0008347846164920888,0.0013911279368590997
2017-04-20,0.000576309745934811,0.0010476180218577066,0.0009224796446582213
2017-04-21,-0.0005478544637211868,-0.0011210483123148777,-0.0011014453659795032
2017-04-24,0.021097474901252022,0.019963577356432005,0.019190359439663573
2017-04-25,0.0015003926806920198,0.00046881292469682414,-0.00018121835058372386
2017-04-26,0.0018005520951598353,0.004344929638916188,0.0045796242525794045
2017-04-27,-0.0070657316973098405,-0.003535745961953778,-0.002576780518082626
2017-04-28,-0.004601267355158645,-0.002441296027092164,-0.0014250881535638523
2017-05-02,0.006413220148599574,0.008275568340353118,0.00799656532012539
2017-05-03,-0.0021517079473570844,-0.005429097100536204,-0.004547864077210188
2017-05-04,0.001879894671366511,0.0003740844274508459,0.0002572184019249066
2017-05-05,0.006801755402578102,0.007191305890786924,0.008653475920686892
2017-05-08,0.00047962288582281687,-0.0006193578722249609,-0.0013512159903784505
2017-05-09,0.00565687703630724,0.005885364373689265,0.005541746075976543
2017-05-10,0.005856555100374861,0.004635922074285545,0.004115178505367205
2017-05-11,0.0001895551864590228,-0.002058470778545908,-0.003645404639712668
2017-05-12,0.006606531198732668,0.001696697748314014,-0.0010376345860910099
2017-05-15,0.002555343391132059,0.001431904094119379,0.001462004651520514
2017-05-16,0.00906848289449358,0.006442386231785571,0.005488956329261236
2017-05-17,-0.0024594522733315527,-0.004947844580270075,-0.0054366393287659815
2017-05-18,-0.008942506563603736,-0.003417441225461504,-0.002660918469382453
2017-05-19,0.0046124863444712005,0.003905568083962205,0.004364884544018699
2017-05-22,0.003426668094261398,0.004467134762095322,0.004347397366482701
2017-05-23,-0.0014673906175234341,0.0003374562250390441,0.0010717008644027942
2017-05-24,0.003954430386372332,0.0038478662568681267,0.0037190052789709462
2017-05-25,0.0003726321090791185,0.004431513375437446,0.0060768097799863766
2017-05-26,0.003977267279145602,0.0032936742033239175,0.002411893999367193
2017-05-30,-0.002795603599293983,-0.0023184942377950032,-0.0015227158858409987
2017-05-31,-0.0008636152262007091,-0.00042153568860591134,-0.0006502918510675592
2017-06-01,0.003164867686170192,0.00559142999416682,0.005295984572272622
2017-06-02,0.0005037637660376681,-0.0007793593178777474,-0.0006308688331321342
2017-06-05,-0.0028883741476681823,-0.005236353867751296,-0.0057722791481499836
2017-06-06,-0.00010627508314375866,-0.0043475013367715535,-0.005741175670001051
2017-06-07,-0.0061660999335546585,-0.0022683105122378784,-0.0017305073701179927
2017-06-08,-0.003824258233522837,0.00017854171884167553,0.0015465583285471773
2017-06-09,0.01037581275167776,0.006981949663558858,0.005391568699665847
2017-06-12,-0.002045873473748294,-0.00607709018638668,-0.006623889994188373
2017-06-13,-0.0015309043184851268,0.003106794090409304,0.0033256511244117368
2017-06-14,-0.0034664818329309677,0.0011574476762825764,0.0017101233361952132
2017-06-15,-0.007358450273082573,-0.01555812891984009,-0.01711221800964827
2017-06-16,0.005943890150484243,0.006184198191522687,0.00745535752977293
2017-06-19,0.008079293227038153,0.008110806930517293,0.007343456689108449
2017-06-20,-0.006791729089607124,-0.006682133787160114,-0.007295440943921988
2017-06-21,-0.0033321810523940787,-0.002357477991357688,-0.0015728307447805939
2017-06-22,-0.0011412766484799608,-0.0016560697550670963,-0.0012642564183990412
2017-06-23,-0.002043163657658109,0.0011426899041351785,0.002231133337987145
2017-06-26,0.00305757017016961,0.0036838373212545886,0.0032082230996714704
2017-06-27,-0.001665131778039064,-0.007448083969786703,-0.007771604732818644
2017-06-28,-0.0062681719593081775,-0.002931659343845108,-0.0026239591126157105
2017-06-29,-0.00507593613657753,-0.00771900934113406,-0.00861562010922059
2017-06-30,-0.005115384541787282,-0.0019050187756790662,-0.0009116028627576874
2017-07-03,0.00880658324322292,0.0034679741207348427,0.0022882412326637926
2017-07-04,-0.0026975237878900105,-0.0023649596406364343,-0.0018297201532578907
2017-07-05,0.0014135680319080635,0.004863944559825447,0.00593708047512315
2017-07-06,-0.004112640832423353,-0.003348745062094332,-0.0038456323859798244
2017-07-07,0.0018535561257468913,0.0012502137420197078,0.0011184091493568697
2017-07-10,0.0025983346603324353,0.0016634582705185525,0.0015206539217052142
2017-07-11,-0.0054545719131615655,-0.0009375797083594086,-0.0005601925282368685
2017-07-12,0.011883011721627756,0.0006618815594119195,-0.0003973195128799279
2017-07-13,-0.00047189527245150575,0.004607617716653339,0.0060877595594193475
2017-07-14,-0.004721180627333732,-0.0026193501343078416,-0.0024905544575354703
2017-07-17,0.0034831665864349937,0.005076330159301009,0.006112539209243159
2017-07-18,-0.0018773251058228357,-0.0004728679795151007,0.00010259691331483516
2017-07-19,0.005507253650250954,0.005620395766021514,0.006672764716918796
2017-07-20,0.007670672563448111,0.0054557876081548495,0.004990923337840826
2017-07-21,-0.004674207782966122,-0.003269393232140858,-0.002862380804122905
2017-07-24,-0.010089992887173826,-0.009958001067139297,-0.011038387688047994
2017-07-25,0.007739486356289849,0.00743693747755074,0.007065831990813185
2017-07-26,0.0023537957253711994,0.005529951885466952,0.006970379956249207
2017-07-27,-0.0012479107447824767,0.0046556499789473516,0.005539813004244283
2017-07-28,-0.010022853419320299,-0.009685234216345366,-0.009975610721039136
2017-07-31,0.0004885861310301998,0.002183405812533381,0.0031460615395636354
2017-08-01,0.007013048697775304,0.006983343495822465,0.006660933132179225
2017-08-02,-0.001656895170454975,-0.0030291287143444506,-0.0048579694179376135
2017-08-03,0.008554376209397585,0.008652610978367711,0.008424044403808818
2017-08-04,0.004936639236186258,0.003983546109919887,0.003247770177021528
2017-08-07,0.0026890992019947824,0.0018669420146221597,0.0029340310311729186
2017-08-08,0.0014339400603469166,-0.001294097292253411,-4.310643895607917e-05
2017-08-09,-0.0059130146826682495,-0.004270598280975203,-0.004102009592070771
2017-08-10,-0.014430348299679596,-0.007023439911226936,-0.0064587513324879196
2017-08-11,-0.010812041172354014,-0.008090540447914563,-0.006573879574579996
2017-08-14,0.006005458549931397,0.0065520040074792925,0.006851523929313744
2017-08-15,0.004079468091731986,0.002493696857018923,0.0014443988634918938
2017-08-16,0.00664961587395041,0.00794295503203074,0.008863234679333537
2017-08-17,-0.006067549845284681,-0.004477211219088204,-0.0035669628410702117
2017-08-18,-0.00864926472307792,-0.010695969584923292,-0.010806117889875516
2017-08-21,-0.0006963541780449223,0.0016338004759504704,0.0020722004662241875
2017-08-22,0.008580564543974711,0.00933982278461929,0.010784834277571749
2017-08-23,0.0001354701455740237,-0.0018819613158839383,-0.0021723825239947075
2017-08-24,0.0033050106811225444,0.0028242639796759107,0.0025278124854289496
2017-08-25,-0.0007560445958483264,-0.001579913957992699,-0.0011909199883963044
2017-08-29,-0.0086604199148822,-0.007951752570713778,-0.007160054577166045
2017-08-30,0.003802423661329435,0.005951065661426723,0.006006247002018071
2017-08-31,0.008865938214174474,0.010646291458007887,0.01042259161441459
2017-09-01,0.0010631580082105518,0.0005597398346628348,-0.0004447562971820751
2017-09-04,-0.003629764065335772,-0.004931422084391571,-0.00470711255515586
2017-09-05,-0.005208135735006558,0.0011295796589670846,0.0026343245092339818
2017-09-06,-0.0025498520595537144,-0.005826667265972074,-0.006360733858927476
2017-09-07,0.005833467239814372,0.004708356266628025,0.004319344105983095
2017-09-08,-0.0026226716236310565,-0.0013598550748434844,-0.0015865013138855102
2017-09-11,0.0048796355890528,0.003566746288606243,0.003168447788392202
2017-09-12,-0.0017400322150477043,0.0006551505679038902,0.0008205571427638628
2017-09-13,-0.0028375693443423167,-0.004627121915744172,-0.005271790845110555
2017-09-14,-0.011423267988192487,-0.0070572112799743335,-0.006567983212935681
2017-09-15,-0.01095209352102755,-0.008760828769354618,-0.008706731661199502
2017-09-18,0.005238695170119767,0.005885619766824072,0.005712408577778666
2017-09-19,0.003033102255725728,0.003099345550923466,0.002700563516289752
2017-09-20,-0.00045356275183761063,0.0007278399326973765,0.0010582494923791711
2017-09-21,-0.0011138748624863748,-0.0029755803016973687,-0.0039465409932762235
2017-09-22,0.006429080332886139,0.006272533833937555,0.005191110023479849
2017-09-25,-0.001272165468679587,-0.00036956866009500337,-2.1933383319273914e-05
2017-09-26,-0.0021365524518410783,-0.0029929659224780156,-0.0034705077153771337
2017-09-27,0.0038156668893785106,0.0040901243049071565,0.0038572661845952642
2017-09-28,0.001271594311888835,0.0028030131947436713,0.003614016278532514
2017-09-29,0.006827989475536311,0.0083650161649262,0.008917372617964877
2017-10-02,0.008951823153429572,0.008550056728215707,0.008930345621479626
2017-10-03,0.003938846825842335,0.004511990108571519,0.00455131374778397
2017-10-04,-6.695143255164293e-05,4.8680856340961115e-05,0.00039351395079788125
2017-10-05,0.005410024836603133,0.0036619088179518982,0.00282039916908622
2017-10-06,0.001984536760788469,0.00259263401503072,0.0017777435821827135
2017-10-09,-0.0019939119482385026,-0.002400525052948201,-0.002568817993698508
2017-10-10,0.00404905544783607,0.002076646741478698,0.0017360402532034108
2017-10-11,-0.0005969515827713989,0.0004338920357782032,-0.00015240272927973496
2017-10-12,0.002973318986407625,0.006036602621933338,0.00629984321677214
2017-10-13,-0.0027527450918736207,-0.0014390493068502544,-0.0008828359528275671
2017-10-16,-0.0011147254438041987,-0.0034040848582107177,-0.004887802457606855
2017-10-17,-0.0014348086887205902,-0.0022726231739701153,-0.002607950633973224
2017-10-18,0.0035522878991116613,0.007210575372736031,0.008047266465037584
2017-10-19,-0.002638229627669131,-0.0020017710121213476,-0.002441761748657097
2017-10-20,2.661105941781372e-05,0.0008776444678373561,0.0006318326673893215
2017-10-23,0.00017277288471784225,0.0005026322734750219,0.0004187831515823897
2017-10-24,0.00026579839191964716,-0.001329296065729569,-0.0010533432354189274
2017-10-25,-0.010536079851192426,-0.007008412741480172,-0.006276472496846021
2017-10-26,0.005277124821538415,0.005819576798282153,0.007055670733432511
2017-10-27,0.0024711146730782563,-0.0024677027392815704,-0.004631341622960108
2017-10-30,-0.0022918314457028854,-0.0009272164822778261,-0.0003109820612762267
2017-10-31,0.0007078571994487692,0.0007225500854074682,0.0009948981805765669
2017-11-01,-0.0006806392458792443,-0.002525844337451143,-0.004258076963033385
2017-11-02,0.00898768763354707,0.0043747944701784955,0.0033769200437636943
2017-11-03,0.0006750356877465169,0.0036692769476444715,0.0042081548235965004
2017-11-06,0.0002512966277745665,-0.0010120589873434682,-0.0009426062121308081
2017-11-07,-0.006505918605272609,-0.006951783738087282,-0.007003203883872728
2017-11-08,0.0022094870005018308,0.0006717010148289456,-4.703117488212907e-05
2017-11-09,-0.006056030893538011,-0.010286660771503949,-0.012368719452458292
2017-11-10,-0.006827821291922165,-0.004028616083283329,-0.003966581801592151
2017-11-13,-0.0023946999865464003,-0.007508253297779148,-0.00846405577328582
2017-11-14,-0.00010792601399223223,0.0026114990469775904,0.0031868496572797344
2017-11-15,-0.0056376516714080616,-0.005106096767360427,-0.005501866388851683
2017-11-16,0.0019395876366437026,0.0091673448893764,0.009513772103359144
2017-11-17,-0.0008392840138959912,-0.0013245678963911816,-0.0018145683255143177
2017-11-20,0.0011922723816855108,0.0031284360551277098,0.0032515522652053416
2017-11-21,0.002950105555179494,0.000646588131214018,-0.0008578173096119197
2017-11-22,0.0010389803681676302,0.000363503684931615,0.0014851695624738884
2017-11-23,-0.00024259401536586012,0.00225068844584444,0.0026579555326551995
2017-11-24,-0.0010246584695290384,-0.0023155010060672515,-0.0034980796162471413
2017-11-27,-0.0034684997381894123,-0.0012713885860748263,-0.0005435191436678165
2017-11-28,0.010401047416582543,0.009165245205397304,0.009910885857481249
2017-11-29,-0.008993806914392333,-0.0016780273334046662,0.0002460351968417637
2017-11-30,-0.00904835291512418,-0.005835078580976986,-0.00484887347957981
2017-12-01,-0.0035759884126117525,-0.006368826272036949,-0.008571793694907565
2017-12-04,0.005273611396479749,0.0043830382967803986,0.0044389884862432345
2017-12-05,-0.0015669709769723372,0.00018120214187068118,0.0009971099853703733
2017-12-06,0.0027976799727056356,0.001986575044319179,0.0010827963287822068
2017-12-07,-0.003701714071856377,-0.001232783612259904,-0.0009526103157786597
2017-12-08,0.009998934126023373,0.011219803743943229,0.011821922556045052
2017-12-11,0.008047065187990254,0.0030664235734691233,0.0023903566611427982
2017-12-12,0.006292332729590067,0.0028540148549027486,0.0023778035779330083
2017-12-13,-0.0005199592089695226,8.80282501021351e-05,-0.0008215019944768122
2017-12-14,-0.0064563332221702074,-0.002012481393141167,-0.0006951517749496598
2017-12-15,0.005706153172056805,0.002975990600847461,0.002412164088481168
2017-12-18,0.006194417188602586,0.00926121493049686,0.009750239777579883
2017-12-19,0.0009420323736235581,0.001825450507224073,0.0017655062111943572
2017-12-20,-0.0025052561278993135,-0.00011663431838847218,7.065473836323326e-05
2017-12-21,0.010471456301236692,0.005671311681568919,0.004369416048829644
2017-12-22,-0.001486034324039931,0.0007531991348530777,0.002195780895213854
2017-12-27,0.003687752615128881,0.005753257315798776,0.005980402462381008
2017-12-28,0.00028864893562441374,0.001156437695757787,0.0009775054448924961
2017-12-29,0.008513807584299204,0.006393789412502895,0.00570461250329663
2018-01-02,-0.005163988137955822,-0.004271956742260945,-0.004059760950279344
2018-01-03,0.0030072828160310205,0.004060150282290604,0.00438515872764173
2018-01-04,0.0032328875497875664,0.002902567150812161,0.0028771161439535807
2018-01-05,0.0036773208280225234,0.0054630720486148355,0.007258146824262356
2018-01-08,-0.0035861570519535313,-0.002488105752405603,-0.002671082298397834
2018-01-09,0.00448255700643152,0.0028530506283344775,0.0021800591808089197
2018-01-10,0.0022636140214720157,-0.004327810823885589,-0.0064566210237379275
2018-01-11,0.0018584115635282838,2.653723793401105e-05,-0.0004106366652496807
2018-01-12,0.002022465341328994,0.006164577533607521,0.00734078106121161
2018-01-15,-0.001221299447241475,-0.0008277508480612987,-0.00028478607112379303
2018-01-16,-0.001699063705383308,0.0023662543898341905,0.0029444368761483066
2018-01-17,-0.0039324901539968815,-0.0047551482460415915,-0.004919101645558484
2018-01-18,-0.003158399864022887,-0.0022328589604816,-0.002206211828757321
2018-01-19,0.00386960199974018,0.004094151419292729,0.004044349682159805
2018-01-22,-0.0019920193755424975,-0.0010425968859210978,-0.0009240185711550369
2018-01-23,0.0021256063468271247,0.001212388219624343,0.0013322234646744781
2018-01-24,-0.01143328917321862,-0.009261855933018556,-0.00879361491379137
2018-01-25,-0.0036109712109629877,-0.003681905803082494,-0.0035473695234949053
2018-01-26,0.006525932439475524,0.007420508418764573,0.007696682457797945
2018-01-29,0.0007827278064054255,0.0004379901639468604,0.0005829002564487276
2018-01-30,-0.01088444241673725,-0.009357584370212549,-0.009136857119265283
2018-01-31,-0.007169201634159128,-0.0038672384548563057,-0.0034807940564660425
2018-02-01,-0.005734336232085191,-0.0013773474880446725,0.0002580458789602953
2018-02-02,-0.006274698362560116,-0.009090160106441836,-0.010658616829270134
2018-02-05,-0.01456322425601142,-0.014063615819412942,-0.013679860841860538
2018-02-06,-0.02639401472392644,-0.024733543961502624,-0.024096471139357707
2018-02-07,0.019323942349363854,0.019105291102306445,0.01886304256136904
2018-02-08,-0.014932509336399225,-0.01763024117979895,-0.019327772234009975
2018-02-09,-0.010919476602103462,-0.0101122717678289,-0.010948726421130381
2018-02-12,0.011942388637182777,0.011023784950347093,0.011056755480386924
2018-02-13,-0.0012679352211538708,-0.002326157325307301,-0.0026940341262193575
2018-02-14,0.0064174107142858094,0.008678720810025797,0.009541324926757206
2018-02-15,0.002883255475464308,0.008837837210825952,0.010442402920069496
2018-02-16,0.00827948134219314,0.010481412426422473,0.010590564709297045
2018-02-19,-0.00644303381134359,-0.006052495696773941,-0.007264044509760394
2018-02-20,-0.0001242311320522882,0.007131285142600635,0.008269319029870527
2018-02-21,0.004802160117075349,0.0037704179393032436,0.0031496114300389004
2018-02-22,-0.0040101345318348525,-0.0023002688144658084,-0.002614623743989155
2018-02-23,-0.0011030831322186296,-0.0009511489291046838,-0.00016376028907011397
2018-02-26,0.006239329221392476,0.004391737221140373,0.004251589559423985
2018-02-27,-0.0009740037731217344,-0.00025155413509674843,-0.00023870397318049782
2018-02-28,-0.006948176862341393,-0.00878446988134241,-0.009071647052574227
2018-03-01,-0.007784925782010399,-0.014737484377222054,-0.017521572840804217
2018-03-02,-0.014730502613915508,-0.010084637980014242,-0.008909667132873434
2018-03-05,0.006520615374902228,0.007730121029528674,0.009183904642906322
2018-03-06,0.0043282469083754105,0.009149444956326696,0.010421385348704779
2018-03-07,0.0015391504309809623,0.004497665318735495,0.005959638240847378
2018-03-08,0.006342785665545803,0.008580495370484411,0.009153812642530408
2018-03-09,0.0029569919512697496,0.005883310167887734,0.006044302129493457
2018-03-12,-0.0013426804623157818,-0.0003296432606562001,-0.0006532378608419265
2018-03-13,-0.01053390281838873,-0.011596747163712572,-0.011168571465237313
2018-03-14,-0.000854430739986145,0.00017550650448756093,-0.00021824316881511284
2018-03-15,0.0009953607758497185,0.004949016313733622,0.005627413412341881
2018-03-16,0.0034034978099783952,-0.002160571144154874,-0.002943280612946268
2018-03-19,-0.016917713926671296,-0.009301599787169828,-0.00898101802014353
2018-03-20,0.0026125464305939428,0.0017318606889477378,0.0025345488178952005
2018-03-21,-0.003158031186299315,-0.004049572802640757,-0.004484304984921476
2018-03-22,-0.01227445688307982,-0.011173767994551422,-0.011273013197397918
2018-03-23,-0.004415642431215505,-0.0041904810296736535,-0.0032285205532203206
2018-03-26,-0.004796328677103001,-0.005789621230243817,-0.0045336076135768805
2018-03-27,0.01617139661279743,0.012664956079773332,0.011586358410474541
2018-03-28,0.006371351320067831,0.003726609333081731,0.0037129004040345054
2018-03-29,0.001689199351371462,0.002401378803457854,0.002637295626012486
2018-04-03,-0.0036986789158419686,-0.00511220285409752,-0.005162092113963299
2018-04-04,0.0004978308797383146,-0.004068530000804625,-0.005707210668534085
2018-04-05,0.023528575490474823,0.021744313470884204,0.021693661219899227
2018-04-06,-0.002208473088408769,-0.0003563805554707649,0.00025758139599349125
2018-04-09,0.001559066045883739,0.0013123549842217752,0.0011893221348304294
2018-04-10,0.010007227713266342,0.009995956505752565,0.009484906947993267
2018-04-11,-0.0013347976083398772,-0.001411749407676093,-0.0009699522459950399
2018-04-12,0.0001653149307296875,0.001862606746407232,0.0022822100997312404
2018-04-13,0.0008680122300350757,0.003207762810714134,0.0039038337580245153
2018-04-16,-0.009140200713633306,-0.0060876182926930915,-0.005716865059856359
2018-04-17,0.0038759554116569728,0.007756803918652359,0.00927826957756387
2018-04-18,0.012620875128098508,0.009512475746561572,0.00910374719088417
2018-04-19,0.0015852974880259385,0.004218529522642162,0.0051870940636901935
2018-04-20,0.005362372733358933,0.003652649373097122,0.002611045155027027
2018-04-23,0.004166513692289708,0.0026735113328771117,0.0012104536259882476
2018-04-24,0.0035816135305246632,-0.0028914797739980724,-0.002455047739583079
2018-04-25,-0.0062084328936388156,-0.0064800639947921075,-0.006895714337960573
2018-04-26,0.005705161480425769,0.010220114318939579,0.0113364590897619
2018-04-27,0.010887473262049419,0.011052858131585292,0.011267238223088977
2018-04-30,0.0009463370498605794,0.0033925377092071593,0.0020038858446048066
2018-05-01,0.001478180028530618,0.004181670938074731,0.004733903426332108
2018-05-02,0.003031792630327823,0.0031224172299521877,0.005347719467809939
2018-05-03,-0.005369073994197504,-0.004634396269597212,-0.00440020913107975
2018-05-04,0.008583563427326801,0.006585257825610518,0.007208789527096969
2018-05-08,-0.00017183504686890672,0.005108925133004145,0.006920001903989432
2018-05-09,0.012781225712064748,0.007578724867794834,0.0051263181868387835
2018-05-10,0.0050244698205546,0.006919246205442309,0.007013760141791085
2018-05-11,0.0030645497987276116,0.0032997364326969266,0.0043055949411198655
2018-05-14,-0.0017606216279755227,-0.0026449377320170143,-0.005086166546965875
2018-05-15,0.001556218389313857,0.00014732283614589463,0.001107880494001649
2018-05-16,0.0014502388968018476,0.0024772662433591177,0.0018098228354879436
2018-05-17,0.006956091598815828,0.01415508631782945,0.015687089932331873
2018-05-18,-0.00118132960965589,0.0012141916632568079,0.001765724484737401
2018-05-21,0.010335834835127233,0.011029114346200538,0.010706741393385042
2018-05-22,0.0023284564008996256,0.004200239713526045,0.004733015696373279
2018-05-23,-0.011310707457949931,-0.008813545781547517,-0.008782171242079893
2018-05-24,-0.009205961160467235,-0.005185706629571473,-0.005475815058390603
2018-05-25,0.0017623608091981158,0.0065095822785334375,0.00702977266188338
2018-05-29,-0.012638540478961291,-0.015708456261779653,-0.015615113389628331
2018-05-30,0.007467966258960068,0.0030592985827233763,0.0008573556876225567
2018-05-31,-0.0014825092143563312,0.002486875027968068,0.002778756888055633
2018-06-01,0.003073586179137111,0.005551402052778777,0.005720760437330509
2018-06-04,0.005128671349566405,0.005639134865443529,0.0055583729377346475
2018-06-05,-0.007040161390571509,-0.0043662341137417175,-0.0036986183777416286
2018-06-06,0.0033303972588627495,0.006369974401657335,0.007885727816088007
2018-06-07,-0.0010372906101413504,0.0011210920405167473,0.0018839074228530275
2018-06-08,-0.0030242204839275866,-0.002377402057017623,-0.001733896815031534
2018-06-11,0.007329653732107699,0.008350571274304075,0.008808353701401803
2018-06-12,-0.0043425565985434345,-0.004612343063982316,-0.004011952347488974
2018-06-13,-1.2929982933229667e-05,0.0016245289965729037,0.0029821865382177737
2018-06-14,0.008061010738749097,0.008730432840497565,0.008793146918065386
2018-06-15,-0.016984715845375864,-0.013689490179180638,-0.012706573066748213
2018-06-18,-0.00034059878088243956,-0.0019322042011727725,-0.002758655731298505
2018-06-19,-0.003590463446613401,-0.00776007289233993,-0.0092476567160172
2018-06-20,0.0030905193785912832,0.005430527114740923,0.005786223642361482
2018-06-21,-0.009308545626588005,-0.010794089574482196,-0.010586504728225648
2018-06-22,0.016661360519931945,0.013655884876436583,0.013092514306501435
2018-06-25,-0.022454213500979092,-0.01804861449853136,-0.016954381488356193
2018-06-26,0.003741790424465208,0.001390597493538404,0.0015336705592222319
2018-06-27,0.011117193659969882,0.008824334051654127,0.008153370458409472
2018-06-28,-0.0008003590857590392,-0.004980909151595741,-0.006791640891917014
2018-06-29,0.0027968648203562374,0.007355536748162424,0.00845696393789904
2018-07-02,-0.011653943503527109,-0.013593561132684177,-0.014395013097911918
2018-07-03,0.006014905283517447,0.006074397061679533,0.005244360584418814
2018-07-04,-0.002660201430041975,-0.0035147227210690565,-0.005242892842864536
2018-07-05,0.003974607044735734,0.0026349051771579987,0.0023803843534083696
2018-07-06,0.0019070917019303746,0.0011907737792555607,0.00173464911702928
2018-07-09,0.009228481457716375,0.007693159345884466,0.006964651552266181
2018-07-10,0.0005202913631634498,0.0034548775835843717,0.004007606702282918
2018-07-11,-0.013000520020800876,-0.009372533034190125,-0.009093763738887666
2018-07-12,0.007810827845100121,0.00791802190476995,0.006902060832826663
2018-07-13,0.0013853982029397027,0.00241651668206079,0.0031796926729041625
2018-07-16,-0.008013665381346402,-0.005849550107467226,-0.004924126006849348
2018-07-17,0.003394487862640627,0.005285390776178596,0.005882416374891437
2018-07-18,0.006556259428355915,0.004816543477009047,0.004459949332588272
2018-07-19,0.0010031128532765887,-0.002790019638124949,-0.003737743943667368
2018-07-20,-0.0006767562467465682,0.0006246810392558612,0.00043490733754181915
2018-07-23,-0.002995259752054391,-0.005297536525691247,-0.006232292115837259
2018-07-24,0.006962080299590667,0.0051406359357119725,0.005543675208027737
2018-07-25,-0.0065896527939987015,-0.0049101441918578724,-0.003713825412466761
2018-07-26,0.000639879624038997,0.0016121891055137136,0.0012788357977439983
2018-07-27,0.004971762322594442,0.004591474143778235,0.005524834716614425
2018-07-30,-5.1926689016990046e-05,-0.0016603093999626466,-0.0038465528108025653
2018-07-31,0.006220039684915246,0.005512605161784659,0.004254453488692
2018-08-01,-0.012376097642646577,-0.009247793826616559,-0.008734121676746366
2018-08-02,-0.010061545425398388,-0.008601960928891096,-0.007819657785948234
2018-08-03,0.010982219548338668,0.012067011654567356,0.013171515340814503
2018-08-06,0.0006136108602661228,0.0012150633408132753,0.0011249237083314264
2018-08-07,0.007137477020774163,0.003101259637772475,0.0019333367723210083
2018-08-08,0.0075403504566951,0.0069234450339994,0.007174660527613695
2018-08-09,-0.0044878147703880655,0.003617785664547777,0.004364690898103393
2018-08-10,-0.009661810804212578,-0.010354863249369654,-0.010297273567122702
2018-08-13,-0.0031955132385548257,-0.0028431038817307683,-0.0022631005575879572
2018-08-14,-0.0040431667648019864,-0.004694540815025251,-0.005139215293440382
2018-08-15,-0.014937752185624764,-0.013664077191974267,-0.013832176221855293
2018-08-16,0.0078021847136684475,0.010233130558452413,0.010461438555163263
2018-08-17,0.00029116987302635344,0.0010579020068172194,0.0017265229292979852
2018-08-20,0.004326159153287046,0.005317416096742619,0.005455630933444155
2018-08-21,-0.0033722301394469856,-0.0009366713369284533,-0.0006235707902472517
2018-08-22,0.0011234915184212824,0.0001155451296808543,-0.0002392960124107217
2018-08-23,-0.0014522985552007928,-0.00017549196700733855,0.0005838963850211439
2018-08-24,0.0018907082493271332,0.0009982369012367304,0.0017152029410620988
2018-08-28,0.005239220719234661,0.008383481189946617,0.00958800618058945
2018-08-29,-0.007089218954156706,-0.004901645562484635,-0.00426963321222878
2018-08-30,-0.006240770280178998,-0.005215500184752684,-0.0049088656155269975
2018-08-31,-0.011122950771687123,-0.0072268350170922105,-0.006217824620026026
2018-09-03,0.009714250706635674,0.007107738507322421,0.005939170497894077
2018-09-04,-0.006222876021394819,-0.009919181370601212,-0.010948703499116844
2018-09-05,-0.010002828943841635,-0.00883004906959814,-0.008826371711873537
2018-09-06,-0.008708816748367099,-0.005027254636691668,-0.003980234240999001
2018-09-07,-0.005642820740538235,-0.005685926615083581,-0.006293214602517402
2018-09-10,0.00021979608353439595,0.0007494786419184186,0.0007488363236956043
2018-09-11,-0.0007967531432097053,-0.00023667121753288687,0.0002515901120285005
2018-09-12,0.005485653674297097,0.0023232668114173487,0.0005736455048130171
2018-09-13,-0.004348156045904439,-0.0045774518239474335,-0.005035966480359172
2018-09-14,0.0030762334787035606,0.004014810036038466,0.004771510891009448
2018-09-17,-0.00026011801752456876,-0.0005743341882768801,0.0005760248284647981
2018-09-18,-0.0002601858334592144,-0.00041882970664770786,0.00020141830746801988
2018-09-19,0.004232747345910282,0.003447686203730036,0.0025623108617635216
2018-09-20,0.004937827408723283,0.006473955868007722,0.00782857748490337
2018-09-21,0.016681877112777688,0.00663143328031314,0.0040022391878083
2018-09-24,-0.004245586522671152,-0.005865180198057156,-0.005542346984189376
2018-09-25,0.0065966154465395554,0.003430810450559117,0.003170023949530608
2018-09-26,0.0005194605398652907,4.369812348679821e-05,-0.000510799376628561
2018-09-27,0.004513066897423812,0.0030687103719361296,0.003285400176276078
2018-09-28,-0.0046650551935184525,-0.004329062250068128,-0.0028074464600378636
2018-10-01,-0.001930707520906516,-0.0008185379054958574,-0.0009495616266957836
2018-10-02,-0.002814960103937225,-0.00617715362344442,-0.007080861594569936
2018-10-03,0.004776136051686697,0.005624311385947388,0.005213431367270047
2018-10-04,-0.01224984386625294,-0.016386743575754793,-0.018669367850464445
2018-10-05,-0.013453191111625573,-0.010939889242784613,-0.010455484498504343
2018-10-08,-0.011641756507481116,-0.013461592892395405,-0.013409744344540371
2018-10-09,0.0005945133087155163,-0.00210992524862255,-0.002190088031073293
2018-10-10,-0.012697565733895022,-0.01795224953162915,-0.02127849472255071
2018-10-11,-0.019424309614489932,-0.016373077301614268,-0.015283191005995681
2018-10-12,-0.0015698811391411382,0.003748577084866141,0.00525070826371541
2018-10-15,0.004759972764973641,-0.0018225434649888992,-0.0034291095255528526
2018-10-16,0.004296321937377723,0.012170513725861136,0.014872163455611714
2018-10-17,-0.0006799167162407915,-0.0037398203067940073,-0.0053625670582683645
2018-10-18,-0.003912354721258504,-0.0032136663627368857,-0.0038554335212825416
2018-10-19,0.0032446001138466407,-0.006753313044435032,-0.009528359528634674
2018-10-22,-0.0009929359972796759,-0.002000142667977274,-0.0006208167211797736
2018-10-23,-0.012438179761663615,-0.014461244551233227,-0.01473185538634253
2018-10-24,0.0011214350099666426,0.0014759827412169383,0.001300844802167198
2018-10-25,0.0059026422519030675,0.0098509488715276,0.010707782540958494
2018-10-26,-0.00920889180587492,-0.010823672448452969,-0.011446373892422031
2018-10-29,0.012493473078511563,0.014471921806493033,0.013877872424401163
2018-10-30,0.0013663090483511109,0.004131612834704617,0.005642633167984029
2018-10-31,0.013104250669312867,0.012541866574247145,0.01249948217235437
2018-11-01,-0.0018798702060539574,0.010157877226379501,0.01306638109728821
2018-11-02,-0.0028954272752739207,0.004865021578590307,0.00680386451239676
2018-11-05,0.0013672920970952962,-0.00870192635212809,-0.01031336803769707
2018-11-06,-0.008882515235801969,-0.005354058451229112,-0.004158422395200942
2018-11-07,0.010879544346228176,0.01096043952573858,0.0109297116111873
2018-11-08,0.0032878185043661023,0.006695701819629532,0.007045252420216261
2018-11-09,-0.004957551645255798,-0.007696476657311199,-0.008294596901809734
2018-11-12,-0.007346587537835569,-0.013917901423904606,-0.0135009786921521
2018-11-13,9.920559616016789e-05,0.006630251444737507,0.007711302204686793
2018-11-14,-0.0028353512366232625,0.0010036406421152157,0.0009220672374320327
2018-11-15,0.0005971445188153179,-0.012251801194838652,-0.014557521959970192
2018-11-16,-0.0034242821824382874,-0.001348951726172448,-0.001211391084038069
2018-11-19,-0.0018534624362536167,-0.0043589218464872344,-0.004756173788533822
2018-11-20,-0.007570455333157811,-0.011254668944649436,-0.011334018311060253
2018-11-21,0.014723915779292218,0.017469032260629673,0.018045944596182008
2018-11-22,-0.012751466272370227,-0.009271187541498927,-0.008667514563583818
2018-11-23,-0.0010631586580055474,0.005106477191325961,0.00581558231418622
2018-11-26,0.011951861693866306,0.009845019611623885,0.009263310260915402
2018-11-27,-0.002714624502558438,-0.0035458321275923296,-0.003460057967035449
2018-11-28,-0.0017671481955250368,-0.0020263961138679678,-0.003009783597543123
2018-11-29,0.004925405096723567,0.004009994482346369,0.003821368000999234
2018-11-30,-0.008353431595397032,-0.014099666781257429,-0.015558832488502096
2018-12-03,0.011776124567154822,0.014443564545195063,0.01591749235680874
2018-12-04,-0.005607172851934572,-0.011957480771137686,-0.011900468799329466
2018-12-05,-0.01438172848499697,-0.009511867465149518,-0.007301896740196281
2018-12-06,-0.03145131513956001,-0.031860642566159475,-0.03216674023659414
2018-12-07,0.011038021347872906,0.007391036263805943,0.008161503968364256
2018-12-10,-0.008350437022419,-0.016534474708065246,-0.01897381404283953
2018-12-11,0.012705482704753246,0.01478220983077377,0.016354230718854997
2018-12-12,0.010768528119307952,0.017218860525344163,0.0205703927591563
2018-12-13,-0.00039245878367932807,-0.0015194364603455135,-0.0018803687607504525
2018-12-14,-0.004696445656125037,-0.005238077648086915,-0.007348366990281114
2018-12-17,-0.010518319106662788,-0.014575481620931578,-0.014172340430087806
2018-12-18,-0.010571088250551863,-0.0026729965870042668,-0.00214158493436027
2018-12-19,0.009594694261030101,0.0070987716463708815,0.007790612192822894
2018-12-20,-0.007981199955978902,-0.007199151850470834,-0.007224690385423588
2018-12-21,0.0013856423867748546,0.002987070035779514,0.0032373043321141434
2018-12-24,-0.005237188891678346,-0.006444963775055317,-0.006426896988872777
2018-12-27,-0.015151032755010396,-0.010994761087427696,-0.01137046727377634
2018-12-28,0.022673743766400856,0.02146659760319765,0.021187460685733298
2018-12-31,-0.0008761363231362118,0.0023619526004557308,0.00333091517087754
2019-01-02,0.0009066596678328764,0.00032254440019928,-9.373333870929187e-06
2019-01-03,-0.006162572955703438,-0.011542408861717623,-0.01355313944738593
2019-01-04,0.021620527258654265,0.025847528751504485,0.027232275646460146
2019-01-07,-0.0038757422967535815,0.003098297049074962,0.005861024601841017
2019-01-08,0.007443979023258551,0.014438584274892289,0.016382678280104625
2019-01-09,0.006558237052187943,0.012993766433660136,0.014889574581846275
2019-01-10,0.005255813784630359,0.0039036112866109207,0.003994024744677497
2019-01-11,-0.003557549057114251,-0.0004138692323281421,0.0007699907875681287
2019-01-14,-0.009135352146310671,-0.006818575034125459,-0.005032953388904906
2019-01-15,0.005835156819839593,0.003620818343266927,0.003534966527111983
2019-01-16,-0.004684525743292145,0.0014746871939828733,0.002571585745200146
2019-01-17,-0.004050926342411998,-0.002226424575891231,-0.0021118874994996654
2019-01-18,0.019517462568978683,0.02034010088548871,0.019962083123578687
2019-01-21,0.000330108213534519,-0.0009109389184372465,-0.0012703175264761508
2019-01-22,-0.009927437383742133,-0.005327025598976469,-0.0045624247680073424
2019-01-23,-0.008476541112049873,-0.005758698939903813,-0.005397052004307224
2019-01-24,-0.003492656964485752,-0.0007139702946702606,0.0001205097334189241
2019-01-25,-0.001437132277460007,0.00047370513718829837,0.0028080844103809243
2019-01-28,-0.009120028082828191,-0.006146137119976029,-0.004581228719260349
2019-01-29,0.012864757116279879,0.011603187180787974,0.011586364436015559
2019-01-30,0.015759697616946733,0.012612166428081347,0.01129523892339481
2019-01-31,0.0039327825882484735,-0.002989108752297072,-0.004529414915574726
2019-02-01,0.0073613186760335125,0.008756994357828037,0.008726460285655753
2019-02-04,0.0019799866975160896,0.0015057644927228579,0.0019233593892738765
2019-02-05,0.020372158769924598,0.0160397411383994,0.01491092242215868
2019-02-06,-0.0005990754393941922,-8.922053705656723e-05,-4.5568825700170734e-05
2019-02-07,-0.011083074112149371,-0.01440816387292012,-0.015287679864067982
2019-02-08,-0.0031577623055345505,-0.005001095295212246,-0.004882686495285065
2019-02-11,0.00818812951172565,0.010432291586317682,0.011357767439688886
2019-02-12,0.0005610806336022733,-0.0018082265194707223,-0.0015715486744307446
2019-02-13,0.008089008454567503,0.009582257052366644,0.009580754100200605
2019-02-14,0.0008622399688682503,-0.0008217930930583311,-0.0019325905834570688
2019-02-15,0.005516214394886809,0.004053175373828065,0.004656148172591322
2019-02-18,-0.0023768008258632234,0.001676553609329908,0.00327338829829924
2019-02-19,-0.005582077013643549,-0.002178106676857968,-0.0005946544974743222
2019-02-20,0.006880975827140867,0.004990460568069802,0.005869025163175301
2019-02-21,-0.008466396697879963,-0.005009042055266052,-0.004091550706967163
2019-02-22,0.0015626581679746288,0.0035529701787779407,0.004096970084718873
2019-02-25,0.0007104584362374045,0.0009370597436201668,-0.0006767447081429227
2019-02-26,-0.00453806480157537,-8.315008200265873e-05,0.0006291235194368777
2019-02-27,-0.006138902042816863,-0.007121839963064945,-0.007181016730009721
2019-02-28,-0.0045728274296907845,-0.0002220445214135589,0.0002719687879266502
2019-03-01,0.004523159867978022,0.0070395658660509855,0.006251192450357943
2019-03-04,0.003897688975185387,0.004283441493105908,0.00508488784077488
2019-03-05,0.0068681319624743775,0.005564691683631801,0.004322639637238192
2019-03-06,0.0017540577124897094,-0.0010327444547161202,-0.002398382472340135
2019-03-07,-0.005336284324624629,-0.009556410031667606,-0.008849296908494994
2019-03-08,-0.00744667098891072,-0.010016008998262771,-0.008892575167383163
2019-03-11,0.0037020246501269227,0.004189825458463834,0.0036754520738181383
2019-03-12,0.002888971014624264,0.0029650236374495426,0.0034885580736999638
2019-03-13,0.001118693335643739,0.001110268169495026,0.002148493152860446
2019-03-14,0.003659585747902039,0.005017829361228797,0.004921996547688753
2019-03-15,0.005970426640841575,0.009157129977946538,0.008408394196068099
2019-03-18,0.009808722924159463,0.006943013863815414,0.005633278163324705
2019-03-19,0.003397605811248594,0.005141805602520079,0.00635042672206329
2019-03-20,-0.004505734571272568,-0.00887396844018419,-0.009610004954628422
2019-03-21,0.008819065285968986,0.007062395145042465,0.005873343551693838
2019-03-22,-0.020080718789952656,-0.0173789381540963,-0.015950193781431567
2019-03-25,-0.004162273099519553,-0.006269183075842578,-0.006033262288278331
2019-03-26,0.002605286829118425,0.005024586076144624,0.005204693091645885
2019-03-27,-0.00029176244137862906,0.0017594890097072302,0.0010775048780542335
2019-03-28,0.005573880196977132,0.004311960175961632,0.004227411886781204
2019-03-29,0.006206597903084976,0.00892567219001094,0.008725397247736227
2019-04-01,0.005247789039548367,0.007840708428066183,0.00844066498812151
2019-04-02,0.010071910376233228,0.00901599984166907,0.007997701670081719
2019-04-03,0.0036800620529220396,0.009420794182611191,0.010771182069632606
2019-04-04,-0.0022107360757982475,-0.0004906310096949843,-0.00047168257662002534
2019-04-05,0.0060795202037036145,0.0054000292365255,0.005356007464310544
2019-04-08,0.0006714203313860079,-0.002205851747662805,-0.0021415788913737646
2019-04-09,-0.0035292749964260794,-0.00504091487121291,-0.0060642940230596545
2019-04-10,-0.0004983026221676568,0.0024568335321339375,0.0031801253254766203
2019-04-11,-0.0005254587169719604,0.006211528008216761,0.006626721970629312
2019-04-12,0.0025748312213536018,0.004476521029877409,0.00479972982593798
2019-04-15,-2.6918556609967226e-05,0.0023389206289345893,0.002440391791158115
2019-04-16,0.004437332818090667,0.006685061016849537,0.006634700167627034
2019-04-17,0.00018740585795873343,-0.000790934699720913,-0.0010562387368344209
2019-04-18,-0.0015258259335773072,0.0020013089167545666,0.002975505408524969
2019-04-23,0.008471989816251746,0.004372663965481178,0.003988710518866014
2019-04-24,-0.0068190363456202,-0.002043476465358211,-0.0001681010113739525
2019-04-25,-0.005045599184117733,-0.0048011614664261884,-0.00406340762881835
2019-04-26,-0.0007936270593918993,0.003745552460383232,0.004725837361169336
2019-04-29,0.001682776402339492,0.0008290987470174218,8.569826145408445e-05
2019-04-30,-0.0030239089615677894,-0.006603127700849313,-0.00745020544613253
2019-05-01,-0.004435090606233039,-0.0008942518204824571,-0.0010984054143362426
2019-05-02,-0.004603739983173205,-0.007027426282006205,-0.00583623399566633
2019-05-03,0.003985729568541485,0.0031749828233391835,0.0037737267634643523
2019-05-07,-0.01627240284059639,-0.01350180697907034,-0.012327389920511673
2019-05-08,0.001446181392465995,-0.002417628095582565,-0.0018957227204277009
2019-05-09,-0.008747090909090982,-0.01060819617921148,-0.011012462142462091
2019-05-10,-0.0005688732491258008,0.000666424381941675,0.0019445707916250273
2019-05-13,-0.005497426328487931,-0.012893819271604004,-0.01348325569969112
2019-05-14,0.01087425504690609,0.011267300290649237,0.01182491155672235
2019-05-15,0.007650229403761255,0.005281268125688445,0.005117485734724071
2019-05-16,0.007742908044401808,0.008877684880250609,0.00814773835904762
2019-05-17,-0.0006663360304616228,-0.002532536915260487,-0.0036632395099247695
2019-05-20,-0.005130255490465752,-0.010572482227606369,-0.011526285056604484
2019-05-21,0.002462077205444446,0.00525214977280345,0.005612370501569633
2019-05-22,0.000723204446898551,-0.001960366384249709,-0.001650026225414103
2019-05-23,-0.014071090542409181,-0.014898563817398033,-0.015326861010992558
2019-05-24,0.0064583314894206545,0.006936341571397479,0.00837375818292986
2019-05-28,-0.0011954593850922457,0.002052205981877553,0.0016799737363329802
2019-05-29,-0.011514678085018604,-0.013445224101608519,-0.014163601525766118
2019-05-30,0.004578847214852022,0.00829678037411549,0.008818020914710437
2019-05-31,-0.007827435991472953,-0.0056910654456695615,-0.005241599888196077
2019-06-03,0.003225436610167831,-0.0005501372274679373,-0.0007769097505207108
2019-06-04,0.004105890324107575,0.006641730641946144,0.004785982506659889
2019-06-05,0.0008178742441382614,0.0050682796185830764,0.0064210975839631215
2019-06-06,0.00549842191737171,0.002377616563115793,0.0006867910684135274
2019-06-07,0.009917492110347759,0.010700746620887085,0.010891829508732027
2019-06-10,0.005946630284478838,0.004636671768528171,0.00453698089694767
2019-06-11,0.003118432648633984,0.004631789723611222,0.005631261953385149
2019-06-12,-0.004176509022098984,-0.002789660711948552,-0.0007941054412581826
2019-06-13,0.00013572940804307265,0.0013036991517680764,0.002070013473379602
2019-06-14,-0.003094250291339584,-0.005740959590818378,-0.006953825369576547
2019-06-17,0.0015655204750029128,0.001611420836895916,0.0016375022170077493
2019-06-18,0.011648321703807474,0.01186590713077322,0.013261241572173035
2019-06-19,-0.005306999865645534,-0.004833231241704151,-0.005812023411315311
2019-06-20,0.0028229758897817536,0.0035559490511034297,0.003727093476580578
2019-06-21,-0.002276265048094528,-0.0023809351396191342,-0.0020003243334562864
2019-06-24,0.0012420107998649677,0.0004519842110882953,0.0012861118554571352
2019-06-25,0.000768496346102987,0.0016042761834995302,0.0020024419210151
2019-06-26,-0.0008083638821970718,-0.0012430933211533806,-0.0023228173996835653
2019-06-27,-0.001901205057213473,0.002232333809141895,0.0016403037952942116
2019-06-28,0.003147709983897462,0.006595386907766623,0.006489741166192225
2019-07-01,0.009682705916167489,0.010502409266655873,0.009508477539265854
2019-07-02,0.008229435811937469,0.004427426731563058,0.004097209224756707
2019-07-03,0.006627633705631686,0.011685551353415381,0.010926276733330626
2019-07-04,-0.0007490448722040632,-0.0005150356987615195,-0.0009915889788172424
2019-07-05,-0.0066415907397975316,-0.008162438970947658,-0.009754456579332748
2019-07-08,-0.0005031434709844573,-0.003479037881828275,-0.0033732998225148893
2019-07-09,-0.0016954956526593623,-0.004175001987476323,-0.003845166223872709
2019-07-10,-0.0007695621309625755,-0.0008937287990117735,-0.001336860830614732
2019-07-11,-0.002775358128567884,-0.0015774094709269026,-0.001163155536694941
2019-07-12,-0.0005059795332319483,0.003826864717574238,0.004608276505357516
2019-07-15,0.003423953503863597,0.0049782528282068675,0.004453457027708885
2019-07-16,0.006041132655572934,0.006189186636554313,0.006243489222092091
2019-07-17,-0.005503377755218475,-0.0032206432003844872,-0.002928442849898738
2019-07-18,-0.005626687280206877,-0.005956430296514782,-0.007763769855160188
2019-07-19,0.002081928280147194,0.0030724243664631834,0.0020298277369977438
2019-07-22,0.0008256698015625119,0.0012792284787606413,0.0016785157199638474
2019-07-23,0.0055888967980561866,0.004384040063529029,0.003766257705838643
2019-07-24,-0.0073310355725814125,0.0019272410946197913,0.003415753924001827
2019-07-25,-0.0016529896687328405,-0.0042053304999266,-0.005099398813879389
2019-07-26,0.008011643483844422,0.007311625117108906,0.006978481273483331
2019-07-29,0.018214091509586527,0.010738766895319857,0.009868894019729676
2019-07-30,-0.005177880011002167,-0.011733569094046896,-0.01261782872948297
2019-07-31,-0.007846419617363098,-0.008897145265101965,-0.009035307842662378
2019-08-01,-0.00025042218706605723,0.001555758421353052,0.0011267622056651341
2019-08-02,-0.02344128548790947,-0.02351674782601234,-0.02516511969028056
2019-08-05,-0.024733052554462898,-0.02666402339600911,-0.02657657607838483
2019-08-06,-0.007225973187356405,-0.00576808949808982,-0.005344186724135294
2019-08-07,0.003764797644333129,0.005956174677024675,0.0063545026394426565
2019-08-08,0.012113257204483308,0.01840079523367104,0.019631034593108394
2019-08-09,-0.004392044967735043,-0.004788694164874662,-0.004417173369627171
2019-08-12,-0.0037496667127291383,-0.006708182538887416,-0.006796442058805651
2019-08-13,0.003348652406632624,0.0004776711107936921,-0.0004807224597147917
2019-08-14,-0.014205133347874432,-0.015856335181767652,-0.01695671529079428
2019-08-15,-0.011317995930156144,-0.009798960801518153,-0.009964344702130964
2019-08-16,0.007103466110089274,0.010452820380297267,0.010894746968274442
2019-08-19,0.010186589953017355,0.011352967949909544,0.011993528608402622
2019-08-20,-0.008999011536669599,-0.007279122461706803,-0.008102008791980671
2019-08-21,0.011087719298245702,0.012271221590788526,0.012410318198916366
2019-08-22,-0.010521905191560155,-0.004808346636956947,-0.0056722941444166865
2019-08-23,-0.004657584536316484,-0.002883117962082168,-0.0015734471127345148
2019-08-27,-0.0007610855532064198,0.004461257415524518,0.005639286584931024
2019-08-28,0.0035404108346084318,-0.0026422108075114105,-0.003415528150529151
2019-08-29,0.00978250777860068,0.011481411353051694,0.012026995421758634
2019-08-30,0.00318756046122437,0.006319891113274441,0.007646832881620758
2019-09-02,0.010364594430417151,0.008639948708756803,0.007345696616031761
2019-09-03,-0.0018813369016835724,-0.004518112841509636,-0.004875096411785514
2019-09-04,0.005929887571017645,0.007475001378917722,0.007611219379780409
2019-09-05,-0.005484607534843033,0.004522671013146424,0.005982412048201057
2019-09-06,0.0015265169026197345,0.0035670947486096606,0.0038551625922714234
2019-09-09,-0.006385345460245051,-0.006084115843364908,-0.007030276823806057
2019-09-10,0.004450122428449443,0.006133227283360281,0.004409126331392614
2019-09-11,0.009631260319207469,0.014726397874918097,0.015619123569486333
2019-09-12,0.000913081902425672,0.0003383331699505987,3.0493142296614956e-05
2019-09-13,0.0031042526440385743,0.00912716516121253,0.011381935461504773
2019-09-16,-0.00625722402443174,-0.00799407887476585,-0.00868213881546646
2019-09-17,-0.00013658590070009247,-0.00010493958281535483,0.0005028351001832351
2019-09-18,-0.0008605819469339471,-0.0007904734192543298,-0.0010322251561465101
2019-09-19,0.005783323092825254,0.003323740773845831,0.0019681993866823774
2019-09-20,-0.0015632646611385415,0.0004252959267324096,0.000904847439750606
2019-09-23,-0.0025595725266288616,-0.006155575087598583,-0.007105964656267399
2019-09-24,-0.004736516773702681,-0.004684241951632371,-0.00442215403045766
2019-09-25,-0.00019199358405996847,-0.002881587562073051,-0.004419190137904542
2019-09-26,0.0083813577503431,0.007070161389192712,0.008436130981817658
2019-09-27,0.01021617118510365,0.010954423153152888,0.011895591938663446
2019-09-30,-0.002423850627151003,-0.0009198956337174522,-0.0015536608779457492
2019-10-01,-0.006465860632698606,-0.006098168323603235,-0.006413888628392643
2019-10-02,-0.03230844005001776,-0.0321632800983761,-0.034443808442504414
2019-10-03,-0.006303952544752467,-0.008637132096457889,-0.008650524433424825
2019-10-04,0.010992398966138683,0.011396010173068486,0.011313534539585291
2019-10-07,0.005939570196226374,0.0027852019041365024,0.002117525056906119
2019-10-08,-0.007599398122332901,-0.009411563931804605,-0.010085818064566382
2019-10-09,0.003261816043782284,-0.00019816438920677897,-0.0017206620039107948
2019-10-10,0.0027767950882577885,0.007558683411702449,0.007836128212775443
2019-10-11,0.008446537463509207,0.028178789116809006,0.03382015138680168
2019-10-14,-0.0046363507534928905,-0.006809244163249075,-0.006824339210085781
2019-10-15,-0.0002633814375821997,0.011391516491061966,0.014283230497597868
2019-10-16,-0.006045828582770807,-0.006381779025499764,-0.0066838956110275415
2019-10-17,0.0019949504743304036,0.0009517517663373684,0.0010723211742687064
2019-10-18,-0.004413587271577146,-0.003160702881499261,-0.003009638637240363
2019-10-21,0.0018180292313698665,0.004123616099196791,0.0041792612323625425
2019-10-22,0.00682616300896699,0.0017950671002357102,0.0007263739215449695
2019-10-23,0.006682869324090124,0.0020454826608660736,0.0005490994065442054
2019-10-24,0.009310343105276786,0.006739046150575117,0.005478566112549035
2019-10-25,-0.0005185111282438593,0.00026696812925849044,0.0009482715918306371
2019-10-28,0.0009283643934738794,0.0060579104357560976,0.007823939003535986
2019-10-29,-0.0034100365098900243,-0.0026622307157567137,-0.002459097546539026
2019-10-30,0.0033532705547114627,-0.0005472606281910911,-0.001546640693350896
2019-10-31,-0.011240233697801916,-0.0041249647803891076,-0.003240352555035051
2019-11-01,0.007449920083065553,0.007442888979052788,0.007277961693154707
2019-11-04,0.009216188363166511,0.004062654486135176,0.004516533627385855
2019-11-05,0.0024966962716452823,0.004700963230945728,0.0056434475606769955
2019-11-06,0.0011640471685443465,-0.0009662997427804579,-0.0011723629169425077
2019-11-07,0.0013113559755411064,0.004171097801876004,0.00360157561887838
2019-11-08,-0.006345863121340223,-0.009761162026326566,-0.010649664910408724
2019-11-11,-0.0041986985911176555,-0.001937478768358157,-0.0019796540441930736
2019-11-12,0.0050351234222554275,0.0051070649737726724,0.005254858103811119
2019-11-13,-0.0019278935548554532,-0.0004058741790509293,-0.00022761874884771015
2019-11-14,-0.00794433404761885,-0.005408682421127798,-0.005508074208401641
2019-11-15,0.001384940937645851,0.004744169154314339,0.006110673381072773
2019-11-18,0.0006573132679370541,0.001955043244130173,0.0010575096297604104
2019-11-19,0.0022031021484727464,0.003918127803023788,0.0032060431392133323
2019-11-20,-0.008369945469857032,-0.008360348521013259,-0.008147142504865286
2019-11-21,-0.003290864302925911,-0.00683270365488145,-0.008887069279585684
2019-11-22,0.012184635952519063,0.012879729954268978,0.012257567783565917
2019-11-25,0.009485723897160625,0.013279917475522719,0.014787332239615057
2019-11-26,0.0009194182468650336,0.004565772490015747,0.004687108152392459
2019-11-27,0.0036065576105355213,0.005950262727269357,0.005603334141950514
2019-11-28,-0.0018035348665764728,-0.00015371297063376105,0.00034947013996197013
2019-11-29,-0.009425044890196577,-0.009205271963739154,-0.009005737717606628
2019-12-02,-0.008248839311236766,-0.0102542876253676,-0.011356841889327245
2019-12-03,-0.017444666919608665,-0.015147768760224166,-0.014164505238725063
2019-12-04,0.004148767364503758,0.006941427346830825,0.008543573849555083
2019-12-05,-0.007039034290881374,-0.002233763052689066,-0.0017890402818283753
2019-12-06,0.014261939001340984,0.01420312823716923,0.014673388302145622
2019-12-09,-0.0008011786184194403,8.076187032508553e-05,0.00014800559990175467
2019-12-10,-0.002778597612947631,-0.006479947807971498,-0.006634506517123707
2019-12-11,0.00034655799545024735,-0.0004397568818787756,-0.0004606279523493434
2019-12-12,0.00792652696612861,0.007888188876571884,0.006426367034601739
2019-12-13,0.010985069361380218,0.027883463232864947,0.03322868548075325
2019-12-16,0.02253382084591027,0.023893768348375578,0.023580365801347564
2019-12-17,0.0008245277917828808,-0.004975427280883971,-0.0069762462492926995
2019-12-18,0.0020597186027992986,0.00085731126972963,0.00013752603300684445
2019-12-19,0.00437619362048558,0.0005535864136676114,-0.0005625000197583569
2019-12-20,0.0011487225994879502,-0.0006953322050207993,-0.0008795112266767185
2019-12-23,0.005420388789977082,0.007307337634537285,0.008057901216811703
2019-12-24,0.0011280886837512494,0.003801148829514904,0.0030439472544528563
2019-12-27,0.00166396408316416,0.003722087070353377,0.005040584911034618
2019-12-30,-0.007560570411769163,-0.006494534841949061,-0.006805153489999586
2019-12-31,-0.0058916048849526614,-0.005673966872275551,-0.005620372511711694
2020-01-02,0.008206924030053964,0.008370634781815527,0.0077080311946343145
2020-01-03,0.002380245054002028,-0.0038416460531179885,-0.005499055791438974
2020-01-06,-0.006179168976379934,-0.00797908678641259,-0.008854568122267715
2020-01-07,-0.00018479836257789817,0.0016665116995502028,0.001379143245074571
2020-01-08,0.0001320323760465314,-0.0014041703013292358,-0.001999893474177122
2020-01-09,0.003062772617480558,0.001327573505164861,0.0005327193314099126
2020-01-10,-0.001342466651984009,-0.0030563800971521956,-0.0025952790210722314
2020-01-13,0.00391415231929626,0.0053649376206938455,0.006433420192381689
2020-01-14,0.0006300939847523335,0.0009490769549240108,0.000654880665479602
2020-01-15,0.002676309726894255,0.0010167041351940252,0.0010604933067409356
2020-01-16,-0.004317789402047523,-0.002877158397093868,-0.003403203240443013
2020-01-17,0.00851537420963755,0.010012488287044532,0.011630820313182522
2020-01-20,-0.0030229843514644195,-0.0018866165358782296,-0.0016910003291550364
2020-01-21,-0.005319249747926524,-0.00480227856218813,-0.0035027170014222796
2020-01-22,-0.00509812395783138,-0.0013375511722469647,-0.00041073562145494194
2020-01-23,-0.008478678776913218,-0.010716063771944681,-0.010991927465533211
2020-01-24,0.0104292663487211,0.012514664162156672,0.013914233208727698
2020-01-27,-0.022923794094384276,-0.02310125153596031,-0.023011691770730095
2020-01-28,0.009255149835133647,0.009256035312676526,0.008757065505605654
2020-01-29,0.0003876512792129194,0.003143163135364353,0.0036931584819532067
2020-01-30,-0.013576366544112095,-0.009372583277096114,-0.007663161352884374
2020-01-31,-0.013004605797886759,-0.013583264359656537,-0.014383087246807258
2020-02-03,0.0055311288772987854,0.007520696240732204,0.008450250948849929
2020-02-04,0.01549213150170825,0.013619029337045679,0.013075811082190688
2020-02-05,0.005739427957631715,0.007484409072485814,0.00972299008144613
2020-02-06,0.0029802612763112357,0.0024914515033993734,0.002195730452392179
2020-02-07,-0.005076699044605504,-0.006320887321437163,-0.007672321798774504
2020-02-10,-0.0026518130476512747,-0.0004252326653386981,4.633092622909757e-06
2020-02-11,0.007049913479554082,0.009008044555883742,0.008818252873639949
2020-02-12,0.004667040090856611,0.006485286028068845,0.006501072801804187
2020-02-13,-0.010936491700968332,-0.008675877082868731,-0.007975965368886681
2020-02-14,-0.005756830649489952,-0.0006167036885217446,0.0018857671042538156
2020-02-17,0.003266214071872442,0.0013901842083747472,0.0009433793232145517
2020-02-18,-0.006901350187099031,-0.005416865388063532,-0.005998554870957483
2020-02-19,0.010159848279599037,0.011144403810450454,0.010321803386652824
2020-02-20,-0.0027356714496444834,-0.0024768500881480375,-0.0033479866756948983
2020-02-21,-0.004397197048258139,-0.0032722285603952695,-0.004417293018833186
2020-02-24,-0.03337431627529852,-0.03243772007728194,-0.03253008830382846
2020-02-25,-0.019408102334085076,-0.019333115064596347,-0.019928625028419605
2020-02-26,0.0035053361181440756,0.0014245322153423213,0.0009770279022879875
2020-02-27,-0.03494499084132063,-0.035959162447440234,-0.037277452654313564
2020-02-28,-0.03175207567413674,-0.029850033807448637,-0.03009195355467508
2020-03-02,0.011290733807480802,0.004257979282880864,0.0017087914880440421
2020-03-03,0.00951183247414078,0.014612018414444356,0.016502236740123456
2020-03-04,0.01449791613421847,0.0076648835772580495,0.005802643617146974
2020-03-05,-0.016168817773263733,-0.018193971089478508,-0.020594461186770097
2020-03-06,-0.036209593394658124,-0.03096692763014475,-0.03000004564108761
2020-03-09,-0.07687312930808554,-0.07022663427181727,-0.06972230414208608
2020-03-10,-0.0009386184892269389,-0.00042171275219353904,0.000505763117373003
2020-03-11,-0.014043185171903505,-0.020152648141430664,-0.021316499169793925
2020-03-12,-0.10873819450353106,-0.10922355296194804,-0.10771746405893175
2020-03-13,0.024553717995226654,0.024588370702771707,0.02854356865514558
2020-03-16,-0.040066341677102324,-0.05370679201763849,-0.052800542630935095
2020-03-17,0.02791632879660666,0.009902185116547078,0.0064242758958526595
2020-03-18,-0.04047287162483548,-0.04507317305359655,-0.04789552429213298
2020-03-19,0.013974727124842934,0.005506328741931018,0.0024308394895487077
2020-03-20,0.00760922941499631,0.016150491093246556,0.012831338111708054
2020-03-23,-0.03793247869246219,-0.04963322545476924,-0.055715235639952704
2020-03-24,0.09053046854602331,0.09469823758038133,0.09072969687731275
2020-03-25,0.0444730435181786,0.051548951927713964,0.050090608567910894
2020-03-26,0.022414822901640097,0.04023596020878144,0.04251075190057994
2020-03-27,-0.052513090386358985,-0.04974109783708038,-0.04711680641915389
2020-03-30,0.009691013536422322,-0.006108421422869742,-0.00956841113896136
2020-03-31,0.019465427899462817,0.02131625004833512,0.017404791900399837
2020-04-01,-0.03832861459802539,-0.04903127494919741,-0.05257931767982678
2020-04-02,0.0046933040993026864,-0.005171843713144283,-0.005267452418045689
2020-04-03,-0.011806173624648086,-0.01788753197216331,-0.021571528892290553
2020-04-06,0.030818927522851203,0.053640532029465386,0.05724671598972751
2020-04-07,0.021872330922808825,0.042805899833829666,0.0475961008120707
2020-04-08,-0.004698011219212872,0.009204174732826373,0.01331893409251157
2020-04-09,0.029061062460695952,0.035104422779286645,0.03749071728948882
2020-04-14,-0.008797369073290429,-0.01373098788126859,-0.013943407967203437
2020-04-15,-0.033429388309832,-0.0419895503709938,-0.04567526723216616
2020-04-16,0.005484342842694945,0.007465842454431873,0.008753618623110051
2020-04-17,0.02817854110608642,0.03578301241060347,0.03315293035293701
2020-04-20,0.0044582348367028235,0.0006168105538578367,0.0007931852306394937
2020-04-21,-0.02955543124884885,-0.028728967970639147,-0.029570535215066925
2020-04-22,0.02297466725757835,0.019821565669841716,0.021675833852727824
2020-04-23,0.009704363332924126,0.015418105337109987,0.017090796592669225
2020-04-24,-0.012769007954662515,-0.013811889680423845,-0.015430412870150316
2020-04-27,0.01644581321808447,0.018622173000711707,0.018467881662248817
2020-04-28,0.019104501389713757,0.026585957774607254,0.02670677081492997
2020-04-29,0.026315315096081093,0.03682086331380964,0.036700479769840165
2020-04-30,-0.035010484657669094,-0.03534883400336216,-0.03432218451220608
2020-05-01,-0.023402035592185233,-0.018102212462263113,-0.0171003911929798
2020-05-04,-0.0016137656542227763,-0.00899287928718577,-0.009662405608812916
2020-05-05,0.01661512395980913,0.011508948933258538,0.008743356384091265
2020-05-06,0.0007521973319852826,1.112584113327608e-05,0.001414881479210225
2020-05-07,0.014042194427248633,0.02191478946234961,0.021094221658342856
2020-05-11,0.0006233482142856683,-0.006086698432025565,-0.006887068542666429
2020-05-12,0.009276496824937697,0.0013657983394138058,-0.002667179098831648
2020-05-13,-0.015129730758373428,-0.021648201861173617,-0.021643949326321084
2020-05-14,-0.02754020008147906,-0.02470605159550796,-0.02433929285658295
2020-05-15,0.010154106940694962,0.013105054498845279,0.013629474606791408
2020-05-18,0.04289808292788133,0.044513513103150056,0.044731590776388094
2020-05-19,-0.007671180479486783,-0.0007911210734517481,0.0002750855725879055
2020-05-20,0.010829362215233562,0.004955341364616656,0.0025005822233289485
2020-05-21,-0.008554257043103974,-0.0027649998247913526,-0.001441972482457211
2020-05-22,-0.003657340567084222,-0.0004338058064796269,0.002427254099957015
2020-05-26,0.012430547849090923,0.03439219402853891,0.03876770262292424
2020-05-27,0.012607535261292213,0.016647786917604775,0.01650466214176561
2020-05-28,0.012125059382580128,0.014479392851150763,0.016133409177465866
2020-05-29,-0.022866101411669337,-0.022492723493826194,-0.02249436737723235
2020-06-01,0.014777968362531535,0.01769971863070145,0.018361707623220307
2020-06-02,0.008708516614788886,0.011897392648157845,0.013664219421851117
2020-06-03,0.026092796167731525,0.027660794054193794,0.027812113107554368
2020-06-04,-0.006423915867000418,-0.00859845353819788,-0.008772930976854582
2020-06-05,0.022534441165732222,0.027021081491062835,0.028166157902012122
2020-06-08,-0.001804313087278575,0.000627145921505966,0.0018470165106382417
2020-06-09,-0.02115068147687682,-0.02528641461033418,-0.0269335820486752
2020-06-10,-0.0010417312683465019,-0.0048985810901445975,-0.006446075406622015
2020-06-11,-0.03987927179090722,-0.042894627692811105,-0.04374037688947894
2020-06-12,0.004690045433449308,0.009138414285887703,0.010817024500835713
2020-06-15,-0.006633689102147455,-0.004956613365227386,-0.0049773831851327565
2020-06-16,0.02936659756847204,0.02836909662510038,0.029987841167033884
2020-06-17,0.0016819376446430834,0.0022783880919590334,0.0034829067205021658
2020-06-18,-0.004669487776142178,-0.0032809361423730035,-0.0046365738287421614
2020-06-19,0.011005607063101497,0.009305458426835087,0.008991205076513022
2020-06-22,-0.007628007382076585,-0.0038666928665895012,-0.0033279985717679494
2020-06-23,0.012090445955727613,0.008624793624566873,0.006810310418857702
2020-06-24,-0.03107544183709221,-0.033737450941936906,-0.03468255144382422
2020-06-25,0.0038212032357667347,0.0010420763327115674,0.00012520902427198832
2020-06-26,0.001984628004344513,0.0033450382967914354,0.004349764155725484
2020-06-29,0.010796681782889728,0.010092182221966697,0.010088576812870457
2020-06-30,-0.009010827806404165,-0.0045181484778627,-0.002965661821010563
2020-07-01,-0.0018963960371173316,-0.003119353387003174,-0.004388935312148616
2020-07-02,0.013380951932445706,0.015346896796755612,0.014954819180938798
2020-07-03,-0.013316469826455735,-0.01312058937703499,-0.013409973994182613
2020-07-06,0.02088579427228332,0.02059804000153672,0.021310681560425714
2020-07-07,-0.015272276284491126,-0.012511752168114563,-0.012826786060305035
2020-07-08,-0.005444305648482528,-0.00792749175648964,-0.008325263714506325
2020-07-09,-0.017315891885156698,-0.01518448147387532,-0.01473160360288073
2020-07-10,0.007570715957760932,0.011500051241280106,0.011680358084436628
2020-07-13,0.013255946172373134,0.012672167709817285,0.012940583067700115
2020-07-14,0.0005828195146448945,-0.005332407568575346,-0.008446144390752803
2020-07-15,0.0182692633357886,0.02297359275847439,0.024780788432436984
2020-07-16,-0.006674400288984361,-0.006220540720598774,-0.005401872284902147
2020-07-17,0.006335227856820724,0.003522146028213059,0.004123841014852345
2020-07-20,-0.004578447115844542,-0.003266446290280663,-0.0017553150837780803
2020-07-21,0.0013096214964465336,0.002727905206578112,0.004575031634491394
2020-07-22,-0.009984543926027434,-0.0036688806397347515,-0.00222172764719108
2020-07-23,0.0006927234831262119,-0.002181027205096445,-0.0026052891950230535
2020-07-24,-0.014103116589191833,-0.015217181759750032,-0.015311112865826088
2020-07-27,-0.003086303210723562,-0.00518904957334409,-0.004997022759174128
2020-07-28,0.003996773639483697,0.006454335648785233,0.006837739634764275
2020-07-29,0.0003589635145935244,0.00039169315694811274,0.0011612132273396414
2020-07-30,-0.023077550354725584,-0.02140414519968053,-0.022104576072608347
2020-07-31,-0.015392353088480859,-0.013387205964293027,-0.01152021150306669
2020-08-03,0.022906863824958323,0.023834884205721323,0.02487160985234409
2020-08-04,0.0005138653135903226,0.003574837636093537,0.0029712112167418567
2020-08-05,0.011381742047713805,0.01953799273100982,0.022557306953160564
2020-08-06,-0.012744326586868526,-0.005972614552201379,-0.00486011189666651
2020-08-07,0.0008794393612281404,0.007082984816687819,0.009246943388120066
2020-08-10,0.003050280561850638,0.004779375241398491,0.004422416428202784
2020-08-11,0.01713874744990629,0.01973458420373575,0.018350181854262754
2020-08-12,0.020441040733471416,0.015338630493802352,0.013750314611578674
2020-08-13,-0.01504753085545485,-0.009532481771059254,-0.009585801023194934
2020-08-14,-0.015455266503715648,-0.013351410387609718,-0.01289213352356049
2020-08-17,0.006141199014778387,0.004365872067139521,0.004774861478787938
2020-08-18,-0.0082905971231646,-0.007929776156246736,-0.008081007282528944
2020-08-19,0.005825609951138899,0.0044600114346437245,0.004233087923431926
2020-08-20,-0.016148592113874427,-0.014406297631168788,-0.01394712547710983
2020-08-21,-0.00189578157911241,0.0005333560028681733,-0.00010414097813552826
2020-08-24,0.017127958592868975,0.01438098073896337,0.014139737322187224
2020-08-25,-0.01108984763173948,-0.00829998553829313,-0.008263609535035823
2020-08-26,0.0014245648500910146,0.007927584562075,0.010641042983786158
2020-08-27,-0.007542691752814634,-0.00459389643241616,-0.004227363308429327
2020-08-28,-0.006066650333333312,-0.0048693294676696,-0.0045301960260599565
2020-09-01,-0.017019920573487113,-0.02027477443223606,-0.020010330543543214
2020-09-02,0.013459323566808123,0.01664093338442013,0.018948736213041897
2020-09-03,-0.015165813499410818,-0.011845955869333135,-0.012584265299812072
2020-09-04,-0.008853305451746563,-0.0071829609519332704,-0.007901733007344624
2020-09-07,0.0238484940185284,0.020579765911373706,0.020295235251149825
2020-09-08,-0.001195825970490727,-0.00015116875451620085,0.00014656219452748379
2020-09-09,0.013911606952896616,0.007265169404211086,0.005325577893746885
2020-09-10,-0.0015799627973810404,-0.00030929141552775327,-3.528485783021659e-05
2020-09-11,0.004797410413521774,0.0007539114001172975,0.00010037722789219689
2020-09-14,-0.000961571079021617,-0.0016422282412398616,-0.002151410776599848
2020-09-15,0.013142425296247096,0.01070259146194064,0.009949445723543955
2020-09-16,-0.004422242240602725,9.15685284946825e-05,0.0016315943272632132
2020-09-17,-0.004705124290532159,-0.00449509505234494,-0.005115241437179818
2020-09-18,-0.007074464816492432,-0.009740209262240241,-0.010681815404287962
2020-09-21,-0.03376009883163433,-0.04140785693552979,-0.043443703177904205
2020-09-22,0.004341642548906899,0.0010850020993223082,0.0009094807139498305
2020-09-23,0.011973549189467247,0.01155011121040671,0.010511460070477856
2020-09-24,-0.012967640657144064,-0.011044648382169717,-0.010418686981850427
2020-09-25,0.0034176668727150528,0.005900578831551805,0.004148912100904697
2020-09-28,0.01458224864471247,0.021231393052596567,0.023032139652118554
2020-09-29,-0.005128275190635967,-0.004981496027216611,-0.004613911299623852
2020-09-30,-0.005324273336159369,-0.0020285328617440303,-0.00013382496712625
2020-10-01,0.002284294808499565,0.0083696090116921,0.010696297162314626
2020-10-02,0.003843880942256961,0.005228224392798656,0.005988558528435717
2020-10-05,0.006912760428076314,0.012131490432113779,0.011434492729021412
2020-10-06,0.0011778761405092375,0.0074712729269210834,0.007491830754106718
2020-10-07,-0.0006050684985120514,0.000967883511584748,0.002006879402391668
2020-10-08,0.005331079165121322,0.008675334588407045,0.009972116876673487
2020-10-09,0.006473769655403139,0.008456113362438065,0.008260243966837237
2020-10-12,-0.002542970815251011,-0.0018262237095185146,-0.0009649010561711118
2020-10-13,-0.005282052107448365,-0.01079574199807135,-0.012805727041412156
2020-10-14,-0.00579595220359308,-0.001268189446179068,0.00013662891959864698
2020-10-15,-0.017287003808844625,-0.014821657785189232,-0.014536257714096907
2020-10-16,0.01493357873981993,0.01361192670243276,0.012899099345619355
2020-10-19,-0.005895652142412611,-0.0027266003060100654,-0.0018188730687701878
2020-10-20,0.0007646948614006277,0.004068587306928046,0.0049465951007583945
2020-10-21,-0.019136757330084353,-0.01662443814935083,-0.014595825179886446
2020-10-22,0.001592693672639145,0.0035999337135065104,0.003113828634720116
2020-10-23,0.01289379115503908,0.015380396244830497,0.015439452220504583
2020-10-26,-0.011654660558786833,-0.01618147105766226,-0.016718282966846857
2020-10-27,-0.01087707182320441,-0.01582204218984861,-0.01598913841213043
2020-10-28,-0.025519321871181777,-0.024515766811535805,-0.024747259009367754
2020-10-29,-0.00017912159399025018,-0.00494295139993687,-0.00813736301053458
2020-10-30,-0.0008061915792768604,0.0018823916355062168,0.0022050101565730916
2020-11-02,0.013931507667983567,0.009123791783323655,0.007359323452257423
2020-11-03,0.023306773651635693,0.025682992741287033,0.026819027918191303
2020-11-04,0.01667588360610317,0.01557437374307029,0.014643371421987076
2020-11-05,0.003892439746235432,0.00708011620142533,0.010201400409792005
2020-11-06,0.0006433586526946034,-0.0016987734858135823,-0.002531629902590605
2020-11-09,0.046751236040609045,0.06210556636682876,0.06647824839917137
2020-11-10,0.017878231008236822,0.01696038342903027,0.015174300570852041
2020-11-11,0.013530498709839467,0.011277237997518017,0.009955213409568514
2020-11-12,-0.006768962463239547,-0.005151840611101562,-0.005232352875033711
2020-11-13,-0.0035495117998157744,0.0008011827776504185,0.001369948976608958
2020-11-16,0.016607546169897347,0.01917503408716622,0.018383016130176996
2020-11-17,-0.008720975768238604,-0.0017528928752836735,-0.0010092377667821704
2020-11-18,0.0031263869117945653,0.004999394597106528,0.004563896749184849
2020-11-19,-0.007955943658552789,-0.007879508401970681,-0.008005287169238085
2020-11-20,0.002699560852575944,0.00013756631581236377,-0.0007283480158292669
2020-11-23,-0.002786773990396063,-0.0019455154136782955,-0.001553439210090126
2020-11-24,0.015535759422380613,0.011535346726561816,0.009172601898174766
2020-11-25,-0.006389741574267083,-0.007728700653525622,-0.007379391450194719
2020-11-26,-0.004412416574233413,-0.005199320779083749,-0.005950596992359787
2020-11-27,0.000738687716668629,0.0010852758359059767,0.0013401021476512655
2020-11-30,-0.01592435163003536,-0.012356186526898625,-0.010882817239308023
2020-12-01,0.01891098214425946,0.026797544360569178,0.02858434356259233
2020-12-02,0.012326296395503533,0.004949293820282339,0.00324898476802501
2020-12-03,0.0041618812711365916,0.014088875420048403,0.01534167797615745
2020-12-04,0.009229217724866068,0.001767482145725024,-0.00036146077022338255
2020-12-07,0.0007938241344087604,-0.004377409391607248,-0.0071747304451280115
2020-12-08,0.0005186415856890392,0.0026227094741513354,0.0034795587218922567
2020-12-09,0.0008385680556688424,0.004353056545320932,0.005408773950665649
2020-12-10,0.005408040621935006,-0.002961253782191936,-0.006567470812996001
2020-12-11,-0.008030546617466716,-0.011211823167840692,-0.01204889976479803
2020-12-14,-0.0022911957669065064,0.01128567216790967,0.014584181001658814
2020-12-15,-0.002832297460469979,0.003676079333906081,0.005049309791189938
2020-12-16,0.008843458573146501,0.009600171909999358,0.010102178631077423
2020-12-17,-0.003013256067707526,0.0018157563473563659,0.0028556849773220035
2020-12-18,-0.0033429351822429343,-0.006854290723693937,-0.007782966954490196
2020-12-21,-0.017291611013315,-0.01581093763928231,-0.015316230789832947
2020-12-22,0.0,0.008788446319909582,0.01055894956188348
2020-12-23,0.012390318784363696,0.013328109327053939,0.013956142696938997
2020-12-24,0.0009699025815343987,0.0027457060533170883,0.004133446476997954
2020-12-29,0.015471939140239366,0.014829818189079585,0.014894387720757131
2020-12-30,-0.0071032136269819635,-0.008244979550028151,-0.007916554408396632
2020-12-31,-0.014536716775169989,-0.014103042697046155,-0.01360423294836484
2021-01-04,0.0172432322575653,0.013631320248629578,0.008963443643969188
2021-01-05,0.006147370410755082,0.0028103015525023744,0.0007923940466330413
2021-01-06,0.034723183124029555,0.03190572019292762,0.031232067460699765
2021-01-07,0.0022070036417205507,0.0006600822518942778,-0.0007387032742278126
2021-01-08,0.002377104418842091,0.0029754452194868217,0.003958026142975099
2021-01-11,-0.01088266293077833,-0.012153502935257195,-0.012743550288952894
2021-01-12,-0.006530837978965809,-0.006512651135070742,-0.007565430079934701
2021-01-13,-0.0012733151530501807,-0.001994517508639977,-0.002486752781252998
2021-01-14,0.008375954339930214,0.007078071356129157,0.006864683630288068
2021-01-15,-0.00974710452807992,-0.010453764177403737,-0.010204933463957604
2021-01-18,-0.002226939971457509,-0.00048667056530204836,0.0003881554612150638
2021-01-19,-0.0011457429697174781,-0.005822008083528087,-0.005156798325870298
2021-01-20,0.004081618054520897,0.009672061889752627,0.011723742601683596
2021-01-21,-0.0037089787495518944,3.353780073673815e-05,0.00037070841813604573
2021-01-22,-0.0030228734395927326,-0.004955350842576038,-0.005325958104783552
2021-01-25,-0.008394227894634176,-0.01314016870082219,-0.013595441915812351
2021-01-26,0.0022744879758545,0.005163803641031077,0.0053496737539204045
2021-01-27,-0.013014742711151217,-0.011294089700216814,-0.011575315548296189
2021-01-28,-0.006273366570452521,-0.0012471199065952876,6.913502976797596e-05
2021-01-29,-0.01818825525624257,-0.01837714875894085,-0.0175911452180647
2021-02-01,0.009192337417089469,0.015080663435945387,0.01743076510282557
2021-02-02,0.007778716714449185,0.01043110101274912,0.010373937783924555
2021-02-03,-0.00136578171983881,-0.002085689734541199,-0.0022241602349816255
2021-02-04,-0.0006299533057009254,0.004533071503068566,0.004746769840330454
2021-02-05,-0.0022141841672025375,0.0004345987898906409,0.0006762420939265719
2021-02-08,0.00527024425249234,0.0032982422973295753,0.002638478356945322
2021-02-09,0.001241679773127835,-0.0006242529639546746,-0.0018503303155722236
2021-02-10,-0.0011023632635139835,-0.0036988440307060303,-0.005356302224296793
2021-02-11,0.0006591093532881676,0.005414850175937144,0.007662603090046224
2021-02-12,0.009358617822088355,0.006001105522985576,0.005431447220813247
2021-02-15,0.025236015952081026,0.026652972488849624,0.02667511971040043
2021-02-16,-0.001065732581749801,-0.002872796620454466,-0.0037877923876662167
2021-02-17,-0.00563054728204504,-0.009183625439215339,-0.010687639550957875
2021-02-18,-0.013962316286683762,-0.011819533752159255,-0.010842459280557826
2021-02-19,0.0010275954783924846,0.005809658885743176,0.006936301463973256
2021-02-22,-0.0017813715277776865,-0.0011216930692480346,-0.0025538717866680407
2021-02-23,0.0020718832757602446,0.0023835894190464874,0.00292424915704737
2021-02-24,0.004995562638972162,0.006263083000202406,0.006201369040043148
2021-02-25,-0.0010512088902238093,-0.004100580512614544,-0.006064418017136428
2021-02-26,-0.025345775405893,-0.02490795095430707,-0.025035301067622903
2021-03-01,0.016210645585440275,0.019472281941537925,0.020592566004944135
2021-03-02,0.003839994687713455,0.0015419886964008049,0.0011319989797124435
2021-03-03,0.009329008560760466,0.013998057491024951,0.015065134435787528
2021-03-04,-0.0036851319002322303,-0.006625830183691536,-0.008551047434599755
2021-03-05,-0.003067239366189467,-0.007687229720313275,-0.009943225557945929
2021-03-08,0.013362506296659582,0.01441003510701168,0.015860976744127318
2021-03-09,0.00166684627950886,0.005924554618171901,0.006853113665733268
2021-03-10,-0.0006982908839376911,-0.003273837504255578,-0.004305634389531986
2021-03-11,0.0016950014621579523,0.004849544883925358,0.004510669726588807
2021-03-12,0.003636633516401977,0.0017195054273375031,0.0007736827719173316
2021-03-15,-0.001745146047474666,-0.0006108329363505467,-0.001627170724003599
2021-03-16,0.007985525496366108,0.013372791778369315,0.014583765887000534
2021-03-17,-0.006011508967439627,-0.008669371265101818,-0.010162839006458504
2021-03-18,0.00251378879882469,0.004108313796226688,0.003834773315329481
2021-03-19,-0.0104724394822594,-0.00921417455233755,-0.010043457609570233
2021-03-22,0.002593632521090905,0.0007932090565348277,8.954968004475962e-05
2021-03-23,-0.003999331352204982,-0.0026684937380906794,-0.0020008619683305785
2021-03-24,0.002044976504840701,0.0025302256543289995,0.0027384608764802875
2021-03-25,-0.005675653973128414,-0.0019677970310111206,-0.0010376089363010408
2021-03-26,0.009858017457049506,0.008652477456425658,0.008539245453668628
2021-03-29,-0.0006527464819201523,-0.004458787700951482,-0.004379965553999164
2021-03-30,0.005329399655706002,0.008995678172298186,0.009257501764709974
2021-03-31,-0.008638383832701546,-0.007978744499740299,-0.00716661137985527
2021-04-01,0.0035301040654862614,0.011315870299304337,0.014709805275470566
2021-04-06,0.012809329478844722,0.011603840484046786,0.010978264034940378
2021-04-07,0.009042104770776715,0.009344623868267558,0.010189249736151073
2021-04-08,0.008264039564214842,0.009025771240572291,0.008735164403149642
2021-04-09,-0.003802885145694157,-0.0007469156033567885,0.0012252154302283252
2021-04-12,-0.003860682459416398,-0.00515438587565256,-0.005492531194027235
2021-04-13,0.00020320535049345168,0.002991596277911842,0.00408254000243294
2021-04-14,0.007125767070604638,0.001788683422331235,0.00018390868134732924
2021-04-15,0.00632599881550111,0.007934239513025229,0.008521760079442326
2021-04-16,0.0051550082336937475,0.006161365831712898,0.005424736279935382
2021-04-19,-0.002763715649262699,-0.002431447808751322,-0.002320760845592254
2021-04-20,-0.020028313029417655,-0.02013843381913236,-0.018301888189565477
2021-04-21,0.005160411012656185,0.0027224771524554723,0.0012887469664957952
2021-04-22,0.006221685961920409,0.008774986153828112,0.010206277767461334
2021-04-23,5.763785834389523e-05,0.0008864506053247643,0.0011946253041739546
2021-04-26,0.003530971615882894,0.005937007658016248,0.006149449748675644
2021-04-27,-0.002599430963975302,-0.005589425893422562,-0.007866843824265396
2021-04-28,0.002692612670986305,-0.000825726374339158,-0.001521684851726943
2021-04-29,-0.00031595199942413554,0.0001223979177939255,0.0016590904431591988
2021-04-30,0.0011922437693026033,0.001192930362754615,0.001124786330639364
2021-05-04,-0.006685932351538915,-0.010442333020864975,-0.011490171504694354
2021-05-05,0.016769645067298056,0.014040947868781213,0.013561218546271162
2021-05-06,0.005242054042618127,0.005023655586393691,0.005427311176545678
2021-05-07,0.007560554891847593,0.009794659008372189,0.009920043669622897
2021-05-10,-0.0008415501123325564,-0.002910049612378102,-0.0027694607264185656
2021-05-11,-0.024664175946556677,-0.02766205987207077,-0.02802061638357915
2021-05-12,0.008146243235463535,0.0030222858253424172,0.0018877710952543581
2021-05-13,-0.005896167150469256,-0.0038983638880531377,-0.003136280649153363
2021-05-14,0.01153193101672012,0.014712229438017073,0.014985475281735862
2021-05-17,-0.0015191373517982054,-0.005829493508262824,-0.007191053633267323
2021-05-18,0.000184887175719739,0.002569727157441299,0.004139796098580258
2021-05-19,-0.01194165614730558,-0.0110641116030936,-0.010712082969935708
2021-05-20,0.010014043919205351,0.012129637296549516,0.012560540562587727
2021-05-21,-0.00024213040930143315,-0.0007079381179258722,-0.001667716617407916
2021-05-24,0.004773371643637114,0.0055081832752643875,0.005278824620045079
2021-05-25,-0.0030915384731168283,-0.0002924093170751458,-5.697749780764205e-05
2021-05-26,-0.00041251573023992627,0.0007522961406299949,0.0009403316838350502
2021-05-27,-0.0010245922242253513,-0.0003815046724123671,-0.00040057462003615166
2021-05-28,0.00041310923820736534,0.0008966178891926294,0.0017896770725758047
2021-06-01,0.00824479554467139,0.010594817228013052,0.0121941360225356
2021-06-02,0.003883906503777901,0.001866278450744435,0.0009182453864124453
2021-06-03,-0.006133947383230254,-0.008201042638650192,-0.0092688153054616
2021-06-04,0.0006511661377917033,0.000286312430012373,7.161710709720562e-05
2021-06-07,0.0011600219267222656,0.0035436635217928666,0.004767111579885021
2021-06-08,0.002529235079805625,0.0052780462154757655,0.0047861549485477255
2021-06-09,-0.0019873007857881264,-0.005127786793690968,-0.006606499376212166
2021-06-10,0.0010168330744244614,-0.0013439575103333095,-0.0021868169176301536
2021-06-11,0.006475537052745617,0.008506512073610122,0.009452876676472845
2021-06-14,0.0017661788910885434,0.0002039529141112094,-0.0001774385115081937
2021-06-15,0.003610030405088116,0.0015148236026272764,0.0010680660327841932
2021-06-16,0.0017427675148136146,0.004425380981840932,0.004681016876139142
2021-06-17,-0.004398065135699514,-0.005003821335923339,-0.0058319281105350465
2021-06-18,-0.018997945572985953,-0.020078922137739673,-0.020838613569530047
2021-06-21,0.0063840121125755545,0.008912462022046975,0.009341674195717112
2021-06-22,0.003922262685646549,0.003598089375435311,0.0038118615971296354
2021-06-23,-0.002242581382228326,-0.004607743373309647,-0.005351573885499797
2021-06-24,0.005074836587363185,0.0038328338411346757,0.0024208447667073262
2021-06-25,0.003670899859353094,0.002642909863374295,0.0039248132204415444
2021-06-28,-0.008842378488733038,-0.010430054448517898,-0.010298724738144228
2021-06-29,0.002064201611763128,0.001105981470452773,0.0010883210916120233
2021-06-30,-0.007068697063500884,-0.007039756596712415,-0.006847264010027974
2021-07-01,0.012461839431616495,0.015025412843271475,0.015438405936534892
