Date,Nasdaq 100,Nasdaq 100 Balanced,Nasdaq 100 Screened
2016-07-05,-0.006017012885031425,,-0.007082713789978046
2016-07-06,0.007697147877345101,0.00486399635798452,0.0056025193786763215
2016-07-07,0.0033477810307067646,0.0037647872237392133,0.005264146168763867
2016-07-08,0.015422928571078964,0.01719870051273957,0.01806316976601869
2016-07-11,0.00581890547509234,0.006234963390664478,0.006209755120614349
2016-07-12,0.005027740996920382,0.006489970636677809,0.004624770532470356
2016-07-13,-0.0025864683435999902,-0.0028691740245295693,-0.003641412588088834
2016-07-14,0.006728375250052654,0.004613926434099317,0.0030763246286328186
2016-07-15,-0.0014489655500050658,-0.00065191547418895,-0.0004089003693719431
2016-07-18,0.006503530085585796,0.005187235886608227,0.0037578122208759158
2016-07-19,-0.003550113941913735,-0.0024981284423660106,-0.0011321791711048814
2016-07-20,0.0117134765902569,0.011157622413930158,0.01422461015867155
2016-07-21,-0.0021859002348514345,-0.004204743589117677,-0.0065886052293086545
2016-07-22,0.004099359141560122,0.0067226552420401,0.004671034394257423
2016-07-25,-2.992839911697409e-05,0.0057654217277796,0.004778071304933555
2016-07-26,0.0013244276632742302,0.007351788332347941,0.008210961902997506
2016-07-27,0.006585893932776976,-0.00024291436987808774,0.0007695793383389004
2016-07-28,0.003940196956121245,0.0017864115189243066,0.0021867550623424006
2016-07-29,0.001868048677955203,0.0019520155436056278,0.0018565944700396715
2016-08-01,0.005456406793988622,0.0021916942261328,0.002381110752275327
2016-08-02,-0.0077438536467293595,-0.00840148552246726,-0.007143185314063074
2016-08-03,0.003203950899611341,0.0014131725484169317,0.001814538015435286
2016-08-04,0.0020023912240620945,0.0047149297168009585,0.005245383575653633
2016-08-05,0.009991947698258175,0.011850392529290914,0.012143768223589603
2016-08-08,-0.0013503325992101356,-0.0035000683582586526,-0.004045744029430276
2016-08-09,0.002301016452630922,0.0035734907259962374,0.004430780817545506
2016-08-10,-0.00257725340144932,-0.0031311124422813753,-0.0052002546607199905
2016-08-11,0.004164394170134367,0.003970661887161072,0.004815119289999877
2016-08-12,0.0007848793756164429,0.002020958453894498,0.0017914119417731763
2016-08-15,0.00416885899024555,0.006183877635547321,0.007397728929756838
2016-08-16,-0.006200420804651996,-0.00929619496038997,-0.010259178010994909
2016-08-17,0.0017218942967847095,0.0006636488198703775,-0.0009593039975941382
2016-08-18,0.000672149511269593,0.0038907492331941612,0.005079715120572331
2016-08-19,-0.0005282195752335239,0.004628281393755738,0.0037907204276816722
2016-08-22,0.0005035063337772705,0.0010909115290814386,0.004104557085674646
2016-08-23,0.0020629712176378767,0.0027156658206373735,0.002346694090875306
2016-08-24,-0.007261573389373943,-0.007890518467745623,-0.008204937287932597
2016-08-25,-0.0016849742772989673,0.000521215795481878,-0.0020489256102494196
2016-08-26,0.0017296378955578007,0.0008135377285152447,3.527492313822323e-05
2016-08-29,0.001546902723894572,0.0018462714317614357,0.0015972440889880791
2016-08-30,-0.003151602347618021,-0.002930229380279239,-0.005091534542075768
2016-08-31,-0.0010344302977904896,-0.0005645226666720083,-0.0008480443197885614
2016-09-01,0.002701739979006579,0.003134852378977732,0.004225442606375373
2016-09-02,0.003093745570080797,0.004228041130210795,0.0033235588466400397
2016-09-06,0.006412002004607453,0.0028433068904543503,0.0005867953157189245
2016-09-07,0.00048661191588150743,-0.0031810517212546774,-0.00534131033314833
2016-09-08,-0.005765867345064679,-0.005079431554776516,-0.004962306711949093
2016-09-09,-0.025491249167360452,-0.027619107032416546,-0.027731760126222908
2016-09-12,0.017752675894608494,0.01716782868054324,0.01786429534250798
2016-09-13,-0.008772901442864578,-0.012687427426371776,-0.012976963679961213
2016-09-14,0.004914397136980719,0.002939425123955619,0.0022034794528423616
2016-09-15,0.015558134975552251,0.014240108383074108,0.014715208083967752
2016-09-16,-0.00038384552327175303,-0.0018349653998343675,-0.004418817100967123
2016-09-19,-0.004562007843337268,0.00010427333049128353,0.002393998956303839
2016-09-20,0.0019078936161878168,0.0011265485978953535,0.00039534967763649837
2016-09-21,0.010099388337814208,0.01346693990597847,0.01151554502585763
2016-09-22,0.007748619727015349,0.006823251866396041,0.006354749521737158
2016-09-23,-0.00663408702464563,-0.005232097680114901,-0.00609758447808471
2016-09-26,-0.008590451903799257,-0.008461259133595552,-0.007788472547412117
2016-09-27,0.010284054704765566,0.009246984794162251,0.010638324678707569
2016-09-28,0.0017589005855285222,0.00020430368832565014,-3.220556244324155e-05
2016-09-29,-0.007583213821662382,-0.006339919277747449,-0.006901463299661171
2016-09-30,0.007730068724007166,0.008961640385882888,0.009169157672139256
2016-10-03,-0.0018603096247186146,-0.0015133918628554737,-0.0006516108530657717
2016-10-04,-0.0014711757771038725,-0.005118233821373705,-0.005824064513846756
2016-10-05,0.0037616826919886215,0.00390751078317772,0.004942252153963626
2016-10-06,-0.0007852140843626065,4.3172306478601835e-05,0.002063112674275087
2016-10-07,-0.0019286123183047676,-0.004422863775788259,-0.003582393666066791
2016-10-10,0.006012926224939319,0.0037236370144812314,0.0028091417305668477
2016-10-11,-0.014683947898311733,-0.02053309368859194,-0.024383507458720907
2016-10-12,-0.00047077173289422625,-0.0006774080168635422,-0.0017620197717725908
2016-10-13,-0.0034317995804340473,-0.004214372149459558,-0.004909941639507793
2016-10-14,0.001120085338683685,0.001915144581925756,0.000635497091039569
2016-10-17,-0.002560072632349808,-0.0029564761746472532,-0.003281239251812046
2016-10-18,0.00908022311724932,0.011107947975680923,0.008807545207475854
2016-10-19,-0.0006426718615591964,0.0014120868636473558,0.0007953654081774298
2016-10-20,-0.0008063296628151306,-0.00044197784844137594,0.0002007805098577619
2016-10-21,0.003962559755197548,0.0006088706096126401,-0.0012070524734734457
2016-10-24,0.011976923002897433,0.010961766097169172,0.009162506543559072
2016-10-25,-0.0037719210482013432,-0.00521641599973333,-0.006960580547619883
2016-10-26,-0.006309039194868138,-0.003929697576733526,-0.0046545108003384
2016-10-27,-0.004966403209231474,-0.007515129871966128,-0.007784943804793032
2016-10-28,-0.006380785442989589,8.650704177086735e-05,0.004787619178336356
2016-10-31,-0.0008989164993749021,0.0008447015637137709,0.001425122982115437
2016-11-01,-0.0071502079360245,-0.007553552491267228,-0.006127543986488358
2016-11-02,-0.008397375569116683,-0.009936763671735347,-0.007960574271820757
2016-11-03,-0.010114441870513136,-0.007813544331924238,-0.008408234458799149
2016-11-04,-0.003983701269388851,-0.0005372481005289141,-0.0003443165732317506
2016-11-07,0.02430447207955333,0.0252996981238037,0.023874213794362158
2016-11-08,0.00653366280260359,0.005359306052662237,0.004111524290544974
2016-11-09,0.00421656434007045,0.004747912693772068,0.009203598952809434
2016-11-10,-0.01619636742037389,-0.013352754062475906,-0.008665340462754967
2016-11-11,0.0010365239366199042,0.007033437593192709,0.009497969570436696
2016-11-14,-0.010503089037531499,-0.0033922341840926873,-0.0003844522399967782
2016-11-15,0.013277253167175651,0.013207799310572265,0.010652304133533854
2016-11-16,0.005834815571409635,0.004943730926841086,0.004318857665933635
2016-11-17,0.007161496296487879,0.01162288562398468,0.01034891522439045
2016-11-18,-0.0038432528140047717,-0.004031095894194751,-0.005316430217999474
2016-11-21,0.010598905289191052,0.009212548090405817,0.0113238668162805
2016-11-22,0.0030540942580778996,0.0034980475389626876,0.003167650649339525
2016-11-23,-0.004099433227088056,-0.0007375408357669501,0.0008351764206149223
2016-11-25,0.003329341484121784,0.0031450387029912474,0.0027384965154326037
2016-11-28,-0.002669393543889398,-0.0023217922912180675,-0.0034689784215655283
2016-11-29,0.0033333074464041434,0.003180548058666591,0.00047666759156480773
2016-11-30,-0.012804681616302549,-0.013411489082235804,-0.012212777297249067
2016-12-01,-0.015945331463771417,-0.022701063857069693,-0.024616657472380385
2016-12-02,0.0011132039650423309,0.0020930129535578147,0.0039203983672294685
2016-12-05,0.008180416182507422,0.010523876708190166,0.012496390043592018
2016-12-06,0.0022037413508368964,0.005112741769219992,0.002815382761817906
2016-12-07,0.013212441039071487,0.015412974043499231,0.012777866393067645
2016-12-08,0.0014942476799302273,0.004504410744700713,0.005803925749279481
2016-12-09,0.007554749134265348,0.0010708339139821068,-0.001819348487468344
2016-12-12,-0.004411874718103781,-0.001849901780238414,-0.0015719208159456811
2016-12-13,0.012625411128152964,0.008529103073320193,0.006294136672678809
2016-12-14,-0.002961933422084506,-0.0050951737688076934,-0.005096239608446618
2016-12-15,0.002477015956905193,0.006002128989055573,0.007418567028991922
2016-12-16,-0.0037601359735797146,-0.0041622552644658,-0.0032790626701108146
2016-12-19,0.00406730518411913,0.002568660668181303,0.002656411150021705
2016-12-20,0.003839976214815355,0.0038420558529421852,0.002882919667828106
2016-12-21,-0.0009870501821782618,-0.001894994003670173,-0.002049757444898065
2016-12-22,-0.0029339831482688705,-0.0025513763627007064,-0.004854707781253755
2016-12-23,0.001140948089569438,0.003417152619470791,0.004635379737854336
2016-12-27,0.005220634510707978,0.005810973238088244,0.0050960545680354226
2016-12-28,-0.007958423606713283,-0.010382665222813278,-0.011143879979805288
2016-12-29,-0.0016260215977106363,-0.00030247677458506924,0.00035608696489191277
2016-12-30,-0.011113574336845011,-0.009931128425169583,-0.009330488839993352
2017-01-03,0.009809557459727891,0.00860120866202581,0.0067468607198623316
2017-01-04,0.005269424491733288,0.008874808433379563,0.009312907520596327
2017-01-05,0.005618605289045009,0.0015338144278453157,-0.00025483298582224375
2017-01-06,0.008485459339033552,0.006222416741897128,0.005423974136692858
2017-01-09,0.0035589253062471293,0.0031037302236968842,0.004129788610703142
2017-01-10,0.0020438257876365107,0.006343108316458113,0.01237766813691123
2017-01-11,0.0029869973075358214,0.004429432324126211,0.0036001095296138144
2017-01-12,-0.0017384990065365535,-0.0034258226283002177,-0.0038613578513213404
2017-01-13,0.003586202599030086,0.007753945839391824,0.011271628836221155
2017-01-17,-0.002937016566280315,-0.0060534622952074565,-0.006684468696376423
2017-01-18,0.0022202127437147556,0.005340573324965169,0.0057032975329156166
2017-01-19,-0.0009256951668427105,-0.0016475850969967915,-0.0037698547101563543
2017-01-20,0.0023816805187255596,0.0045635539254884425,0.006892673536039227
2017-01-23,0.0004937588686437788,-0.0021765935884149722,-0.0025691180702403153
2017-01-24,0.006980252016276278,0.009407773212367415,0.010982304509426789
2017-01-25,0.009882290233195645,0.008826092028169051,0.009724383864188243
2017-01-26,0.0010578935279741408,-0.0029293652634341566,-0.0069571884911786225
2017-01-27,0.002160230751785619,0.003308623535007091,0.005624307572379298
2017-01-30,-0.007494104278558789,-0.0047833700177959135,-0.0038385412543933844
2017-01-31,-0.002448674156079522,-0.0005321978251125576,0.0007496657920204868
2017-02-01,0.00702003819980157,0.0026315224231250743,0.0012945301584548828
2017-02-02,-0.0009683769171313639,0.002700985215426838,0.005421823309127812
2017-02-03,0.0027002161107789746,0.006073152472814878,0.006116378625461906
2017-02-06,0.0012321495038842833,0.0009208076576072923,-0.00019631788689904948
2017-02-07,0.003467504031616553,0.0033589281418768047,0.00231618077803787
2017-02-08,0.002063332595704237,0.003648018606551182,0.00598039068366788
2017-02-09,0.0029981406552279655,0.003558553394488097,0.005102770925015692
2017-02-10,0.0027876704792491047,0.004678726220945947,0.005661347331575731
2017-02-13,0.0057646203123034034,0.00391664523557043,0.0020724151311154074
2017-02-14,0.002710764393130116,0.0013106658524732549,0.0018458359823186473
2017-02-15,0.0059419271695839715,0.006833243488048119,0.006130912242348126
2017-02-16,-0.00033003984142709886,-2.6687508572587527e-05,0.0012976362057816567
2017-02-17,0.004542862253921864,0.005793781287553461,0.0063693757970455225
2017-02-21,0.004884719562678441,0.005682286832426406,0.003783173668233992
2017-02-22,0.00026162841429711037,-0.001291586211499768,-0.002584917231491054
2017-02-23,-0.0036919444094140053,-0.004285054474631091,-0.005989949603469482
2017-02-24,0.0020516096519862526,0.0055863981980486125,0.0066594149949228245
2017-02-27,0.0007934680849857045,0.0023363359176189202,0.004526276426539035
2017-02-28,-0.0032238588940078916,-0.005972365279092748,-0.004661917928816545
2017-03-01,0.011383985983619116,0.011643495316781133,0.012867757675796785
2017-03-02,-0.005143854245016177,-0.00432699686889321,-0.0035634934480758967
2017-03-03,0.0019055974250568042,0.001296990535413402,0.002095998477337427
2017-03-06,-0.0024509109644063054,-0.003470624732729575,-0.003955064385524091
2017-03-07,-0.0016846551599825066,-0.00224432738756947,-0.0034044058685695684
2017-03-08,0.0015940624192201103,0.0020436881643312653,0.0029945498316571936
2017-03-09,0.0007779979055411168,0.00017408302154074505,0.00022462062266246253
2017-03-10,0.004086503320618329,0.0066924968564879865,0.008144849963090985
2017-03-13,0.0016097443617140161,0.004334106577025758,0.003556767954862075
2017-03-14,-0.0022985895825898828,-0.002963357884254164,-0.003339647926745366
2017-03-15,0.006332033082176558,0.007747968720626993,0.008171282539042304
2017-03-16,-0.0007698909762289263,-0.002483980890794457,-0.002949177573997354
2017-03-17,-0.0006135001611483615,0.0022999755542833,0.0039516889643526005
2017-03-20,0.0008412821417220773,0.001238292170092047,0.0016414727026906346
2017-03-21,-0.014922528567470117,-0.015616388236848248,-0.016679906689721493
2017-03-22,0.006567243205749751,0.007345834236522244,0.00819094319123598
2017-03-23,-0.002311980037603023,-0.00201047350320253,-0.002775922062493028
2017-03-24,0.0016544595983185584,0.005349520723412358,0.006211851812801018
2017-03-27,0.0019146196868009557,0.0010231208292073024,0.0010828117148601686
2017-03-28,0.00612919352347685,0.0027954620875883674,0.0024249165109160257
2017-03-29,0.0042646871799547625,0.006038733841535613,0.008822423583743383
2017-03-30,0.0017439674206110034,-0.001961406090952152,-0.005989127812606654
2017-03-31,-0.000645298093107538,-0.0008783496698588859,-0.0019034001862658343
2017-04-03,-0.0007412830242328194,-0.0020923524746390486,-0.004204409372571506
2017-04-04,0.0015113509637505462,-0.0012979489651552215,-0.003690008099959591
2017-04-05,-0.004023618692766795,-0.004647875345240781,-0.004570559199805491
2017-04-06,0.00043551799961782933,0.0022442105672601164,0.0023983770627685236
2017-04-07,-0.0004629812971636005,0.0011812528201021058,0.0021212642374098087
2017-04-10,0.0006108956989878678,-0.0008462858410894711,-0.002348914787035273
2017-04-11,-0.004293922408602047,-0.002817444562064113,-0.0023837225910689425
2017-04-12,-0.003958602065045835,-0.004796556861749774,-0.007789961457204014
2017-04-13,-0.004359273044272305,-0.004169809009226587,-0.004159665817926072
2017-04-17,0.008519582621951738,0.006768103807479506,0.0052657059786201535
2017-04-18,-0.001396510358512515,-0.00014262942280204323,-0.00034707268887322715
2017-04-19,0.0014800600870807923,0.0049941026728818816,0.006882631669562579
2017-04-20,0.008128254269993862,0.008316365802234939,0.011276682543642516
2017-04-21,-0.0002718787364915931,-0.00031554306692902737,-0.0008924372002458422
2017-04-24,0.012124104402605695,0.011648273676982525,0.013658258558596535
2017-04-25,0.007291201676027148,0.0066021839096198935,0.0030613319093389033
2017-04-26,-0.0012797141185688643,-0.002765557709221509,-0.002322518769209649
2017-04-27,0.005448376014456802,0.006818527884153055,0.006035731158480262
2017-04-28,0.0021987766676125897,-0.0011754151049321979,-0.001870064393245498
2017-05-01,0.008256443464105256,0.004194267528334475,0.0021391830065770833
2017-05-02,0.0025649894042956145,-0.0008913621125426622,0.003181796610257061
2017-05-03,-0.0033503603941240634,-0.004521542142202918,-0.0062763406938284964
2017-05-04,0.000206157330251866,0.005690371390802114,0.009700574430748113
2017-05-05,0.003513845749697264,0.005921312588047355,0.006908926660078277
2017-05-08,0.002298932599132053,-0.0021764644175346908,-0.0039611059557831865
2017-05-09,0.0033998935511279083,0.004308020782422434,0.004602452570809717
2017-05-10,0.0005935070408242815,0.006404328862728718,0.0060482955298680535
2017-05-11,-0.0013129850271247356,-0.0006558431164884196,-0.0016861561010546346
2017-05-12,0.0022187795896109197,0.0005998855396197401,-7.771368691231466e-06
2017-05-15,0.0031071762229926136,0.0077377354988633846,0.0088181603860952
2017-05-16,0.0034989974668995227,0.0035932607892759753,0.0018763118985445021
2017-05-17,-0.02513610719704118,-0.02419828109600357,-0.021145721479849354
2017-05-18,0.008199954412914767,0.008349227246875649,0.00897569440320219
2017-05-19,0.004487843672889902,0.00782061356122332,0.006870183781652693
2017-05-22,0.008464891552168119,0.00884366239420379,0.009534882657752177
2017-05-23,0.0006930898108437056,-0.000270100398299796,-0.0019833513086132634
2017-05-24,0.0047252415750262955,0.006192725712999496,0.0035966231598017163
2017-05-25,0.008388795287474604,0.008791824952724325,0.009446973175866801
2017-05-26,0.0017288172612222041,0.00015193573156167752,-0.0013939720068706514
2017-05-30,0.0010832118507486665,0.000580076526516318,-0.000779452990404094
2017-05-31,-0.0010061174083100255,0.0016606730910092554,0.0016004368874538053
2017-06-01,0.004786823164288023,0.006094053407112887,0.006776522740550437
2017-06-02,0.011166523845564935,0.009738974153961362,0.010781419340792929
2017-06-05,-0.0005678596848649464,-0.0016986410458294827,-0.0024981274294249784
2017-06-06,-0.003632130098575992,-0.003026166766862767,-0.004012748110526109
2017-06-07,0.0035548303807224624,0.0036506262078367865,0.0030528314114598794
2017-06-08,0.0013117555332429198,0.0018990010627796536,0.002804912277602951
2017-06-09,-0.024358973841605347,-0.02281081616587566,-0.020372165743381337
2017-06-12,-0.00587950507091517,-0.0035600356205966965,-0.003569476193776413
2017-06-13,0.007645106961319037,0.006339995822743999,0.006406701659803465
2017-06-14,-0.004302985969193318,-0.003537878656452208,-0.0027860638526240613
2017-06-15,-0.0045712184074117035,-0.003193135435930235,-0.002837034365875811
2017-06-16,-0.003404758999655755,-0.003410030437523167,-0.003124261971937591
2017-06-19,0.0159712320239489,0.015723853952958628,0.015352184984065148
2017-06-20,-0.007953639031424209,-0.007419990172817987,-0.009224480995772855
2017-06-21,0.009793405774781272,0.01016361553673235,0.009163880961412366
2017-06-22,-0.0004358094041206906,0.0005042124133098991,0.0005246491160983864
2017-06-23,0.004020807653038139,0.003558782275357917,0.002397647534172637
2017-06-26,-0.0043976453319819475,-0.00373551472644962,-0.0045798852957017085
2017-06-27,-0.018344975822413234,-0.019532117030096392,-0.0184601538857722
2017-06-28,0.014357445093619026,0.012139697405056566,0.013282622476734951
2017-06-29,-0.017383842729401078,-0.017835888610095354,-0.01715106643165719
2017-06-30,-0.001079086572914667,6.393123303516393e-05,0.0008924658032989157
2017-07-03,-0.008847294045265297,-0.007660261690444868,-0.005599857678060322
2017-07-05,0.009265719848161158,0.006550053140582873,0.0026931353477065386
2017-07-06,-0.009014258479914328,-0.007891162848455362,-0.005863438980444727
2017-07-07,0.01046290823797591,0.010098558662282068,0.010698973152024803
2017-07-10,0.006661342775231116,0.004694198493593596,0.0023665922197495344
2017-07-11,0.002748417809391057,0.004198859234284234,0.004034958848516778
2017-07-12,0.012110825661426183,0.012032120462184165,0.011334974384989562
2017-07-13,0.0024934750281231377,-0.0009856262992031567,-0.00021569714615790145
2017-07-14,0.007719219254030962,0.0076389766990491445,0.0065481677807217985
2017-07-17,0.0002843667743197553,-0.0014067661953526872,-0.002520738423390179
2017-07-18,0.006911243031841874,0.006390025394530793,0.003946755791117486
2017-07-19,0.0061325585277476335,0.009369519239326671,0.01247963726410735
2017-07-20,0.0008552944590027867,0.001437763857409382,0.002672592549909258
2017-07-21,5.2281453612357254e-05,-0.0007253984591037011,-0.002086381404843355
2017-07-24,0.0033505416202175287,0.002675177197677165,0.0025292481641168226
2017-07-25,-0.0018043338133953979,-0.00034547812070459245,-0.0003024435324649148
2017-07-26,0.0033858140898230804,0.007196125192169844,0.007438613657291129
2017-07-27,-0.005663203525158145,-0.003741330345301253,-0.003643931066705426
2017-07-28,-0.0013705969539917762,-0.0014926725272047616,0.0010068994035159792
2017-07-31,-0.004838421298206219,-0.004182048618161989,-0.0047383129436168615
2017-08-01,0.002523641326788839,0.0007574709216381526,-0.0020616199817202648
2017-08-02,0.0032331651593062727,-0.0025592674209858265,-0.0015931113421384163
2017-08-03,-0.003893961695415782,-0.0017673007734994237,-0.002435937429658365
2017-08-04,0.0014784697025560511,0.0014210648484994926,0.0013573350717611655
2017-08-07,0.005901754955469851,0.006830338740722973,0.00746573350004639
2017-08-08,-0.0014120072906839143,-0.003926721497160884,-0.005927503593068868
2017-08-09,-0.001174409355658823,-0.00034315737623601995,0.0011450871162891987
2017-08-10,-0.022164478597197723,-0.02176863981364493,-0.024119310778965588
2017-08-11,0.007487633343371769,0.007691746694743115,0.0072530014073117505
2017-08-14,0.013142372554991733,0.0130961213136195,0.013744783893833861
2017-08-15,-7.446332888327856e-05,0.0003907148678397363,-0.0010767282196602495
2017-08-16,0.0016402140979367985,0.006221489252201653,0.007256768428170336
2017-08-17,-0.020465016780331857,-0.02126475785407316,-0.02079941111423833
2017-08-18,-0.0009332935663075581,0.00030825919826877815,0.001997973696357546
2017-08-21,-0.0007546511484851637,0.0004753959246790821,0.000891508649431459
2017-08-22,0.014998606838465545,0.015287287942057444,0.016333498655414117
2017-08-23,-0.0036691779133479763,-0.0028306043621863257,-0.0018565110459729992
2017-08-24,-0.0029631743908832275,-0.0016800573080876394,-0.0007188081732415551
2017-08-25,-0.0020413537752448363,-0.0004366591050728927,0.0004596112580683604
2017-08-28,0.002670710769064888,0.0019467111737582145,0.0013831008028609803
2017-08-29,0.004121227985663722,0.0017833651673035888,-0.0005392516782073421
2017-08-30,0.012070636891361008,0.01519238598526228,0.01372489082372575
2017-08-31,0.009388359304902893,0.008812633985390632,0.009820143101672995
2017-09-01,-0.00011692148223985122,0.0015053174456683188,0.003272478536845032
2017-09-05,-0.009213567845643644,-0.0053957521090956615,-0.003970495221313942
2017-09-06,0.0031014226270247303,0.001933718782562612,0.0013540576116655829
2017-09-07,0.00221473506025327,0.002721080784218897,0.0023233189123004873
2017-09-08,-0.00854079373743033,-0.005746027478965995,-0.00337707900355721
2017-09-11,0.011357257650240093,0.011521449100747783,0.009537911617746274
2017-09-12,0.002526590877935053,0.0023075004288756512,0.0030438624536896328
2017-09-13,0.0014576835500959007,0.0004974489875259308,0.0008889558221961897
2017-09-14,-0.00592235329757862,-0.0021233656226397717,-0.00365469949958369
2017-09-15,0.003213395037135802,0.001493656031502243,0.001738907177657748
2017-09-18,-0.001148945056780204,0.005620982675073823,0.007924289820609588
2017-09-19,0.0016652334019660042,2.0718396883176084e-05,-0.0019515885223291
2017-09-20,-0.002916037638046598,-0.0030292647218682772,-0.0040453368061947525
2017-09-21,-0.006478445678165801,-0.006174350499044976,-0.0062685336562729975
2017-09-22,-0.000436456817696107,0.001945862118896816,0.0032040987854770344
2017-09-25,-0.010951824569059188,-0.010665421571896854,-0.00833574023385718
2017-09-26,0.0023843380344337195,-0.0007698091888247502,-0.0007074330012574312
2017-09-27,0.009598186212209647,0.009587513336331501,0.010927830405491525
2017-09-28,-0.0007949447469508542,-0.0032591195776151445,-0.005906421023643043
2017-09-29,0.007791915883577527,0.008133417197175719,0.009359607642765657
2017-10-02,0.0004381979638836686,0.0029010449779422525,0.0038186304805313724
2017-10-03,0.0021966420766807992,0.002728969834556098,0.00024061335048531062
2017-10-04,0.0006304832583494679,0.002959789475720949,0.003928190289954696
2017-10-05,0.009718594680988346,0.00678349134558973,0.0038661792679437037
2017-10-06,0.0012265998197096284,0.002143021844714672,0.002068586028303037
2017-10-09,-0.000995955059515885,-0.0015299553830599247,-0.002270023770041914
2017-10-10,0.000823670952704525,0.0019764188157698702,0.0006460152673784876
2017-10-11,0.0029240408115285277,0.0026539316572317014,0.002218103415697214
2017-10-12,-0.0018515545323739557,-0.0007299784736632631,-3.9251499761542555e-05
2017-10-13,0.003700164272784745,0.0022200042467825525,0.0019635480455329492
2017-10-16,0.0036240903566384652,-4.356097521282543e-06,-8.72554477962016e-06
2017-10-17,0.001321455334116317,2.1269196871093215e-05,0.0002641407854333636
2017-10-18,-0.0013490594999227001,0.0007214016775290872,0.0012791966164518243
2017-10-19,-0.0035539314320760518,0.0007248461771046579,0.00015382681360395464
2017-10-20,0.002658906462065236,0.008566689735589076,0.008051585780670056
2017-10-23,-0.006709928788366293,-0.003742984074012917,-0.0014373563851931093
2017-10-24,0.002041938689898881,0.0005620913031367677,-0.0005466881617482833
2017-10-25,-0.004141326318721106,-0.007668128254752819,-0.006957306327496205
2017-10-26,-0.0028356413647820933,0.003185300301982746,0.008283828129274312
2017-10-27,0.02908311947711284,0.013340912378873164,0.012825800587102278
2017-10-30,0.0022724224163677142,-0.003616484223988307,-0.004726240873824757
2017-10-31,0.003367308304705441,0.005403974627201697,0.00499265938415949
2017-11-01,1.437819259986206e-05,-0.004796626794250557,-0.010066031655109539
2017-11-02,-0.0019619862197874927,0.0028039879131250656,0.007660458995910543
2017-11-03,0.009491058080031145,0.009059506410799471,0.009068447799836022
2017-11-06,0.0028638798612070637,0.002543804086506189,0.0037751068537688085
2017-11-07,0.0011356295614679546,0.0015285724859045234,-0.0003546062531360715
2017-11-08,0.003959997793215431,0.005997081963877083,0.004681975623221375
2017-11-09,-0.0052948477322208864,-0.009050180587625129,-0.008395951205044107
2017-11-10,-0.0004974703026991989,0.0034147077080528706,0.0037729853130974893
2017-11-13,0.0011270048039335734,0.0030231908654389746,0.0004160395783372718
2017-11-14,-0.0035686187492952604,-0.0008025046814899321,-6.930604926652259e-05
2017-11-15,-0.005605702460264261,-0.004589761930498795,-0.004470291219486577
2017-11-16,0.012907578945336562,0.014124397561173192,0.015080388023365986
2017-11-17,-0.003885443525098786,0.00194953226201051,0.006455202414854226
2017-11-20,-0.0009343406247886987,-0.00013630644331335843,0.0012981161880631067
2017-11-21,0.011099120332462853,0.007615561403387224,0.0054004428783574416
2017-11-22,0.0011742700450394494,-0.0007884011835537751,5.297317797672725e-05
2017-11-24,0.003628168837338519,0.0037973223690585755,0.003979695845544037
2017-11-27,-0.0005179706301008391,-0.0026443371194194887,-0.0032723494672587264
2017-11-28,0.002589747289357236,0.005003656471500416,0.005971591023220311
2017-11-29,-0.017310881483187157,-0.01751284083148868,-0.012016738120353549
2017-11-30,0.0085845214524225,0.00822257440544104,0.011516283877417365
2017-12-01,-0.004349961628411725,-0.0054587299740776266,-0.006750546022711249
2017-12-04,-0.011702657301394526,-0.010862909750733306,-0.009611722853009276
2017-12-05,0.00022505355558455342,0.0006055644305995852,-0.0016564980951571365
2017-12-06,0.004459609266391995,0.005384480227618107,0.004769055656734334
2017-12-07,0.003691370753421186,0.006079974575840839,0.008256785858121837
2017-12-08,0.004478908465578746,0.00392148003645323,0.00457656671082273
2017-12-11,0.007773626009037304,0.004076577228824784,0.0008078008223453228
2017-12-12,-0.0016015656792007782,-0.00465644355049385,-0.005156678263371716
2017-12-13,0.0017262882785202827,0.004799295253760107,0.005919212556125601
2017-12-14,-0.0007443333366785598,-0.0036685853398336263,-0.0055887807652707025
2017-12-15,0.011957862651363449,0.010659939320678873,0.011028443341939935
2017-12-18,0.007260729020198253,0.007908018417502384,0.009233666781124932
2017-12-19,-0.005005181406558701,-0.003422274019341231,-0.0023213585639098996
2017-12-20,-0.001263749288047733,-0.00021999253031368052,-0.0011403832356792418
2017-12-21,3.24390342880676e-05,-0.002535722175009355,-0.003705764151860036
2017-12-22,-0.0011618073889752,-0.0015686323412175906,-0.0012917623615889928
2017-12-26,-0.0049511097753325295,-0.0022539374956707854,-0.0011972579739752114
2017-12-27,0.0003092952688492634,0.0009638936724494083,0.0012176067526938586
2017-12-28,0.0009743393853267612,0.0011675258713572283,0.001212716994534624
2017-12-29,-0.006986037324830718,-0.006397583600884956,-0.006769027445379736
2018-01-02,0.017966287923771418,0.01576736499211494,0.013315483755827638
2018-01-03,0.009899646239382998,0.011068309564192927,0.011011984777475033
2018-01-04,0.001335240314543018,0.0023507517192509183,0.0016157567318532827
2018-01-05,0.010434979935860955,0.008010316030209668,0.007382755975387899
2018-01-08,0.003508015412402976,0.005223996461133256,0.005340165486103145
2018-01-09,0.00019621545943948604,-0.0013175865036105503,-0.00098855611650262
2018-01-10,-0.0022880985955245903,-0.002249860145351308,-0.0032575958071241755
2018-01-11,0.006878645605048472,0.004981171916451764,0.004593393460369615
2018-01-12,0.007460665999979632,0.005426183634846109,0.006203052427916641
2018-01-16,-0.00316634981468078,-0.0034201215064893356,-0.004233871471579596
2018-01-17,0.01085618623224427,0.01531400056681328,0.01652376825462419
2018-01-18,0.00016153491996373504,0.0017418440437639968,0.002515664728206655
2018-01-19,0.0033693899612441403,0.005560967573867053,0.006897637421302522
2018-01-22,0.01052768979239227,0.007633305425446919,0.005199868926265441
2018-01-23,0.008279446790468992,0.007055226865435884,0.005066327346626851
2018-01-24,-0.006334474994764583,-0.005447466932941347,-0.004561019362179608
2018-01-25,-0.00044083518781379283,-0.0017786529282101924,-0.004332206161674846
2018-01-26,0.015423045993883333,0.015995017852088043,0.013690204290780748
2018-01-29,-0.004933865578127139,-0.0006058684041799704,-0.004199888781469408
2018-01-30,-0.00824087126096007,-0.009586620744321135,-0.010472581044501265
2018-01-31,0.0027789647058218403,0.0024499841022417933,-0.00033163403736856476
2018-02-01,-0.006977021890301693,-0.005044769759631,-0.005061204579223783
2018-02-02,-0.020460763747011446,-0.020061296175531117,-0.02144168366660588
2018-02-05,-0.03910632760944477,-0.036361662242987446,-0.036337366415317526
2018-02-06,0.026179518842904814,0.017666545002151427,0.017662340238256892
2018-02-07,-0.012595291352795246,-0.009233534645271328,-0.013183646270978571
2018-02-08,-0.04192024958319707,-0.0370939122622768,-0.03392884901796572
2018-02-09,0.016901107870742837,0.018555316925905452,0.01966086301947087
2018-02-12,0.017335952978921876,0.01464878402150918,0.012736939935529832
2018-02-13,0.004600008361504315,0.0032272106020203545,0.0014781573027698098
2018-02-14,0.018488329706905615,0.017863224449132877,0.020768810877832066
2018-02-15,0.017960989068455557,0.016737867098056778,0.01681187123500498
2018-02-16,-0.0035702798971116723,-0.0014509647340218903,-0.0015937169996190562
2018-02-20,0.0013336638956833458,0.0030166131435437385,0.0035346575196774093
2018-02-21,-0.0030134379562772873,-0.005397424846307725,-0.006049341090681843
2018-02-22,0.00038322717126981765,-0.0015610952307825799,-0.0007336139176591142
2018-02-23,0.01992797800114743,0.01911542939796716,0.017799177404412846
2018-02-26,0.013412405922568205,0.0096809093447876,0.008104281265982055
2018-02-27,-0.012698344387054417,-0.012406301425532954,-0.012079958807329405
2018-02-28,-0.0066562095180233705,-0.005026869679368016,-0.0046846113819375606
2018-03-01,-0.015155167641040745,-0.014680083383585892,-0.017265632344914728
2018-03-02,0.00896224593150663,0.01309255342296398,0.014140780976271233
2018-03-05,0.010312631492078506,0.010717158578950198,0.012107325587819618
2018-03-06,0.004612548245631398,0.008068827972368358,0.013016802953384027
2018-03-07,0.0023680123813674125,0.0030665006645422353,-0.002340270578943234
2018-03-08,0.005345353381421392,0.00445238660409147,0.004892749302435808
2018-03-09,0.019342761873107683,0.01648187192062588,0.019002437125410904
2018-03-12,0.004216192274797859,0.0039043603196775305,0.004192938085898299
2018-03-13,-0.011864945423972983,-0.008120250437712074,-0.006890821266553842
2018-03-14,-0.000784755316267427,-0.0013832963108017455,-0.0029666423440344574
2018-03-15,-0.0014216437240884838,-0.0012349639991534045,-0.00035282610445297956
2018-03-16,-0.0015673541009304515,0.0007425966809938779,0.0012858688814096624
2018-03-19,-0.022089944756367386,-0.016873350597760326,-0.015527118312331202
2018-03-20,0.0030648808658841897,0.003737267258001988,0.0051136383011625665
2018-03-21,-0.0047153796976728835,-0.0012272101791268887,0.0006018586720302249
2018-03-22,-0.02497872226822262,-0.024192552401182905,-0.026477821176725973
2018-03-23,-0.026064524292544466,-0.02321542142332676,-0.020944115434626518
2018-03-26,0.03775919507727066,0.02995721472664222,0.029238822335337557
2018-03-27,-0.03316491996587656,-0.027384217358294355,-0.025751707014067756
2018-03-28,-0.010571436152975178,-0.007482066300808755,-0.005397487374640788
2018-03-29,0.01862302449712039,0.016957088961426683,0.017671055663153263
2018-04-02,-0.028914493769762184,-0.027072082785116056,-0.026714514053438013
2018-04-03,0.010638700962571024,0.009996400130092831,0.010725167847135529
2018-04-04,0.015673114136383504,0.01525348659004867,0.012873370832661614
2018-04-05,0.005301747954621794,0.0020671352060620024,0.000695147022975586
2018-04-06,-0.02450853801204156,-0.025938435227009685,-0.030303550044150536
2018-04-09,0.006082481877199397,0.00551643075380656,0.00587428584489647
2018-04-10,0.02217594818248858,0.021011263636614257,0.022089553704464925
2018-04-11,-0.004901876159368546,-0.004852901888970666,-0.007307954450377212
2018-04-12,0.011061060122458999,0.010151506772850394,0.011583739818512354
2018-04-13,-0.004194536118108494,-0.005831767243443314,-0.007033889356627406
2018-04-16,0.007066676287336149,0.0068324562688914835,0.006586076306256267
2018-04-17,0.021151480151447632,0.017008972534964875,0.01635942744244366
2018-04-18,0.002470500238536122,0.0006914786645977691,0.0005545591457610822
2018-04-19,-0.008534762481008928,-0.015794817364422127,-0.021662800945920296
2018-04-20,-0.01581429880535945,-0.01203708630780375,-0.00972305425682709
2018-04-23,-0.002842067414045246,-0.0035989652576830047,-0.003452684290101996
2018-04-24,-0.021018831082100786,-0.015443667019156292,-0.01465436958692691
2018-04-25,0.0007512826213502688,-0.0009373972402170856,-0.0018437864322782681
2018-04-26,0.020833775292556256,0.019020358293087847,0.018367010248798585
2018-04-27,0.0010076013171738119,-0.00223546518587897,0.0009289772139709639
2018-04-30,-0.007628846628012775,-0.008197716803319828,-0.00968676792976223
2018-05-01,0.01156450374991902,0.00425623007587743,0.005556759043313152
2018-05-02,-0.005609129838962779,-0.01035423028082543,-0.007003915757487278
2018-05-03,-0.00015050086733803258,0.0032996368593365675,0.005114442588639808
2018-05-04,0.018911795832641465,0.017268683080842683,0.017188888255093817
2018-05-07,0.007792741019253535,0.006735029142657617,0.006081639521237707
2018-05-08,-0.0009367133777695713,0.0005327770277050859,0.0021815897030210306
2018-05-09,0.011404916635086249,0.00919012725912875,0.0061269660711820995
2018-05-10,0.010204221893423293,0.010874974456991305,0.00953957607775185
2018-05-11,-0.0015781815751656492,0.001946219628901482,0.0038232433925276285
2018-05-14,0.0016986632117923506,0.0021772157829295447,0.0049512154019202455
2018-05-15,-0.010888289497265391,-0.0075551255885517275,-0.007581212504089975
2018-05-16,0.006014362370754922,0.006639450459352189,0.005573015289577324
2018-05-17,-0.004089531573838179,-0.002933249119282864,-0.002250698365544343
2018-05-18,-0.0051263083648033225,-0.0010972701731915386,-0.0010181873999037705
2018-05-21,0.0057207041689422145,0.0038277144524313488,0.003596580730073326
2018-05-22,-0.0017246566694809617,-0.002058540924336216,-0.0026809369494289258
2018-05-23,0.008705116467327745,0.006565850284294822,0.003527967875382095
2018-05-24,-0.0005651275759738228,0.0008296883698401868,0.0007030717932134248
2018-05-25,0.0016144188504809698,0.0012323383767711773,0.0017508326554882341
2018-05-29,-0.004938985563006093,-0.005374069953745073,-0.006323519055186039
2018-05-30,0.0071940792544951115,0.009916363274768315,0.011031159145775977
2018-05-31,-0.0012384860400319608,-0.007075796793850468,-0.00830966056157072
2018-06-01,0.01667690859627724,0.01751133282289248,0.02012795728093977
2018-06-04,0.008419005625161846,0.00862434473384466,0.008754978901805313
2018-06-05,0.003244900878846657,0.0036674669398079132,0.005331143321088563
2018-06-06,0.006045987093173277,0.008403987963327421,0.006075944180811128
2018-06-07,-0.00794027242147921,-0.00865612524922458,-0.007241985898906182
2018-06-08,-2.9353556244116064e-05,0.0037257091185104183,0.0048491585648862265
2018-06-11,0.0022173501095499315,0.003295599669748744,0.0035526462807250548
2018-06-12,0.005677660551965502,0.00939745843667362,0.009817681807129565
2018-06-13,-0.000543808020370018,-0.001467510015883466,-0.003107614193904913
2018-06-14,0.01031608580592036,0.009289298765448616,0.007844763477093154
2018-06-15,-0.0032735467946236607,0.00048646216946768696,0.0007153995669531114
2018-06-18,-0.0005994699576992168,-0.002088572034454153,-0.004082187362284451
2018-06-19,-0.003222837558107594,-0.004263530592206771,-0.005253136079874182
2018-06-20,0.007285537395457675,0.003966544778419028,0.0050451776164027766
2018-06-21,-0.008681851924545514,-0.009528016466881855,-0.00910658575932215
2018-06-22,-0.0027683401504138283,-0.003136691238596158,-0.002307532443468312
2018-06-25,-0.02213819073267498,-0.019734879642325735,-0.019166959320913158
2018-06-26,0.004266772944218289,0.001482454275623619,0.00030393475756105713
2018-06-27,-0.013939938072170088,-0.01750895200988398,-0.01847966022809729
2018-06-28,0.008885668430941962,0.008428173779336738,0.009997535629203722
2018-06-29,0.0013083376289579896,0.004193849647557359,0.006302711748362283
2018-07-02,0.008098514455631367,0.006613608249484659,0.005131718557130148
2018-07-03,-0.011731774131323647,-0.009263935311136237,-0.007356942355198233
2018-07-05,0.012331511273659057,0.012955572606888337,0.01257585477060836
2018-07-06,0.01496683954042477,0.016121179022909986,0.013367881435251795
2018-07-09,0.009527789244676343,0.005380635981613736,0.0058844290521752225
2018-07-10,0.0009071052776252753,0.0036047936849790806,0.0042351321416919906
2018-07-11,-0.0053030672397632594,-0.0032648930275673165,-0.004462966377263461
2018-07-12,0.016878845653574004,0.015637130698656798,0.013550035958481907
2018-07-13,0.001299144612251668,-0.0007729793864990408,-0.00034189620881020454
2018-07-16,-0.002429549857182134,-0.0024027620712073756,-0.003274712326342825
2018-07-17,0.006250456735283905,0.008561661084881511,0.011914073427359085
2018-07-18,-0.0018585167723161877,0.0020022711952144582,0.004432956586685338
2018-07-19,-0.0051108736379430475,-0.004843253828141108,-0.0012623278090132398
2018-07-20,-0.00028968699025710976,-0.0022832231538155445,-0.000703819323831123
2018-07-23,0.002931854521373678,-0.00029874573687346145,0.000261998113875188
2018-07-24,0.004675969169635197,-0.005387225475351485,-0.00798962878172535
2018-07-25,0.013818038008438727,0.012897504408783894,0.013246085442309529
2018-07-26,-0.014362196662822568,-0.0001650392929950653,-0.0007214919250933653
2018-07-27,-0.014048605208931586,-0.011071369164216497,-0.011012727828341576
2018-07-30,-0.014208964783771205,-0.014675535789835405,-0.012815350146664711
2018-07-31,0.005405163485881381,0.009022592237960097,0.009981043993305403
2018-08-01,0.005656840465977142,-0.0010394479405171932,-0.002945926851629323
2018-08-02,0.013647912058375011,0.015845634392481565,0.016737188628860276
2018-08-03,0.0031660142984435424,0.002302171029630283,0.001720197097688063
2018-08-06,0.005881963010378133,0.0053250178921626645,0.0034984855983406734
2018-08-07,0.003180494563880698,0.004877075477128704,0.005328839136908281
2018-08-08,0.0009245915446403075,0.0005643250545775371,-0.0019516014897783336
2018-08-09,-0.000346720226467534,0.0003983826611992903,-0.0013701954802510304
2018-08-10,-0.007855962306799857,-0.007037123161471729,-0.009311559734887443
2018-08-13,-0.0009624182589353936,-0.002051912556560541,-0.0036239627503956936
2018-08-14,0.006215233602901771,0.003974762336249717,0.0049776109773872635
2018-08-15,-0.012422137129799227,-0.013070085478126128,-0.012248059702962812
2018-08-16,0.0026690401165561095,0.004741093927357249,0.006156520894156724
2018-08-17,0.0004407203924461367,0.0004219888903832268,0.002689898443119822
2018-08-20,-0.0008295606621784302,0.002067047052639383,0.0021380883497058223
2018-08-21,0.0035013685657725446,0.007610933946306681,0.009084916028296098
2018-08-22,0.003700049623170054,0.003312418743569778,0.00516707351261894
2018-08-23,-0.0014492705139633744,0.0006701998109729736,0.0020228196860680894
2018-08-24,0.009652226040182565,0.013890589845907958,0.010937273615928807
2018-08-27,0.009849838614540918,0.00828141428887888,0.009431981194401109
2018-08-28,0.0014710842612994934,0.002179027422599861,0.0035914002668619755
2018-08-29,0.011879419570027583,0.006427485791715028,0.006343513375563666
2018-08-30,-0.002285880174837329,-0.00899389953197117,-0.01241498666988257
2018-08-31,0.0015544152922006838,0.003591528211224971,0.006579363456747456
2018-09-04,-0.0042105651960024915,0.00029384114629415245,0.0009245176864471649
2018-09-05,-0.012996051108757567,-0.011616383333395115,-0.007882273983108515
2018-09-06,-0.009316419501657736,-0.006462220382834384,-0.007090200940353624
2018-09-07,-0.0030738808104153748,-0.0032836750929040063,-0.0029187181454384983
2018-09-10,0.0023445223381981517,0.007988432472851213,0.006090805285009751
2018-09-11,0.008081703238809856,0.000988458472475164,-0.0010606727684820086
2018-09-12,-0.0026385722836552716,-0.0002902052020713061,-0.004954314516184983
2018-09-13,0.009832971613455754,0.010393498859386686,0.01042131976531213
2018-09-14,-0.002141047983495903,0.000724483536418044,0.0005908724712955485
2018-09-17,-0.01468027566098995,-0.013215287466458319,-0.01282821570982619
2018-09-18,0.008025835795047787,0.006672071911775637,0.005806806546183603
2018-09-19,-0.0005444169050694558,-0.003908071897628996,-0.006095545578368755
2018-09-20,0.010508224328125815,0.010096154998780279,0.011577576486841127
2018-09-21,-0.005015168664711522,-0.0029573525159455566,-0.002647981178948329
2018-09-24,0.0023476314007417898,-0.0024072385547122344,-0.0006358140730638901
2018-09-25,0.001912891670806438,-0.0022395622034089083,-0.0046213609488651945
2018-09-26,-1.3234759510205585e-05,0.00039792589579189995,-0.001650193988884343
2018-09-27,0.008790055568722366,0.005982636596975889,0.004856794209627529
2018-09-28,-0.00025164223465923286,1.8285229281023453e-05,0.003783516506703708
2018-10-01,0.0023336536454476864,-0.0007758597974381398,-0.002331612622307393
2018-10-02,-0.002245833739291103,-0.004321584675322082,-0.004683471264569256
2018-10-03,0.0011995353156808441,-7.44550734311089e-05,0.0005351470761451218
2018-10-04,-0.019303636511570077,-0.01957874145222029,-0.02064604602494716
2018-10-05,-0.012148228838451347,-0.011278017829140449,-0.012169484104804932
2018-10-08,-0.006242719426084897,-0.008031199357769069,-0.008778955695128175
2018-10-09,0.0025568820466177478,0.0002819886080370072,-0.0016091619741593203
2018-10-10,-0.04437560696401255,-0.03983133548005118,-0.04049705092031227
2018-10-11,-0.011423126552629781,-0.01176757704919178,-0.01142859565905969
2018-10-12,0.027739711340134532,0.02519455279109424,0.02402393941686853
2018-10-15,-0.012370747747021404,-0.0092275961600712,-0.010504776953219273
2018-10-16,0.029391703997011298,0.03142432844377248,0.030687722265401052
2018-10-17,0.00030230579374679323,-0.0016483822396650373,-0.0033472896316044222
2018-10-18,-0.02233113121737773,-0.020592726952332968,-0.02130496178492968
2018-10-19,-0.0012450466751020572,-0.01098959367068543,-0.01012698310853384
2018-10-22,0.004781044245876442,0.004868677110164538,0.0052443235727528195
2018-10-23,-0.0031563333276989347,-0.003918256474661337,-0.007453140474998184
2018-10-24,-0.04628954897622528,-0.04644417207911911,-0.050561877824261005
2018-10-25,0.033471088174538366,0.020566177552116528,0.01877513058331615
2018-10-26,-0.023372451046474785,-0.015850855485548553,-0.012891919471779437
2018-10-29,-0.02021189685085023,-0.008117188724986783,-0.00579925367829082
2018-10-30,0.014331493826909458,0.02267327364376721,0.025880809521430206
2018-10-31,0.02305098563652841,0.019785037721590234,0.01770026763403485
2018-11-01,0.014650259442849034,0.021143540539112545,0.022369307400865318
2018-11-02,-0.01469477804978414,-0.00464835387732741,-0.0005768075469001152
2018-11-05,-0.004048674906874217,-0.0014289065695255335,-0.0035900404215179586
2018-11-06,0.007461378642049654,0.005284475362882994,0.005411399194476918
2018-11-07,0.030660234801905384,0.02255653802044964,0.022943420481194132
2018-11-08,-0.006183428554456305,-0.001629986083282582,0.0016550588531435123
2018-11-09,-0.01668484221094324,-0.0148651555012649,-0.01533024936640451
2018-11-12,-0.029840223169607216,-0.027457164938785944,-0.030813947357395937
2018-11-13,0.000265050734946648,0.004523548268454199,0.005409559286331903
2018-11-14,-0.008935857390304669,-0.0038844069955725783,-0.0037401236580852947
2018-11-15,0.01781128380841568,0.020091883892073652,0.02057667192225336
2018-11-16,-0.0034003837683932447,-0.0028094528249932907,-0.0030382213731694613
2018-11-19,-0.03263425726840974,-0.03361791457780861,-0.034401857984509406
2018-11-20,-0.017456173243330042,-0.013854796440315639,-0.015301344109983392
2018-11-21,0.007461390186395356,0.010536615544557853,0.01318269747558652
2018-11-23,-0.007346799690662098,-0.0028002757635266716,-0.0021380471909666163
2018-11-26,0.023131859595866278,0.019537849704674787,0.018593124467864108
2018-11-27,0.003399077544757656,0.002045117716994252,0.0004522319037085468
2018-11-28,0.03168016274555496,0.028405423380857525,0.027757412892529323
2018-11-29,-0.0030275100080359163,-0.0006009571612776892,-0.0020139326491060853
2018-11-30,0.008213374848370814,0.009450538690345265,0.00894433515088232
2018-12-03,0.01627859519689734,0.015325207787140678,0.01621889490123502
2018-12-04,-0.03779595198929031,-0.035067573411432226,-0.036841334184558594
2018-12-06,0.0064221911096884465,0.004745669600191646,1.9013876288243935e-05
2018-12-07,-0.03298366096165328,-0.03285478385853414,-0.03519516971594172
2018-12-10,0.010503177131194308,0.00955591353870792,0.010432226783277187
2018-12-11,0.0032172431139270152,0.003685902791821948,0.004361248011764206
2018-12-12,0.00890775463223048,0.011763067191385718,0.01308934430378761
2018-12-13,0.0005928855320143089,-0.003754629490259131,-0.0070059562491772785
2018-12-14,-0.025563093291479655,-0.019225805024424385,-0.018721103017086863
2018-12-17,-0.022224520674387183,-0.021373233044417128,-0.02055898581796465
2018-12-18,0.006688472949632374,0.0033138029315992294,0.003358885289894416
2018-12-19,-0.022883670471989026,-0.021159463312111278,-0.02252288871284741
2018-12-20,-0.015730843850415344,-0.012797955216371048,-0.012209423355977378
2018-12-21,-0.03149509847661369,-0.02218379085099525,-0.01885286313641803
2018-12-24,-0.024346067774665636,-0.0248816348541653,-0.023743285543602957
2018-12-26,0.06160338273926258,0.05590952872526558,0.05499501646122712
2018-12-27,0.004076436611670342,0.009039257034863133,0.010574608153558315
2018-12-28,-0.0004818130645728447,-0.0007724786847224146,-0.0026477917081077535
2018-12-31,0.007111897318295313,0.007362022979987094,0.007778170875687329
2019-01-02,0.0048815240752282385,0.0008090326155554857,-0.0014033402243221974
2019-01-03,-0.03360235786433696,-0.028781149346117318,-0.029636033057556986
2019-01-04,0.044824177176085334,0.04390545567007471,0.04127517595867404
2019-01-07,0.01021071903062687,0.01646047653104404,0.01860217450939999
2019-01-08,0.009802350094401335,0.008548565854096003,0.007552345026485995
2019-01-09,0.007454359038969516,0.011222480935251123,0.017822644102818357
2019-01-10,0.0030678611146719437,0.006332854116437785,0.007621439835726185
2019-01-11,-0.002951248489508007,-0.00046446802607485343,-0.0015327979500542608
2019-01-14,-0.00914349439453177,-0.01047781126646559,-0.008115430561904202
2019-01-15,0.019660496990270504,0.013590533611806321,0.011697673399378286
2019-01-16,-0.00016193947166764922,-0.002616589237544057,-0.0009337050443411037
2019-01-17,0.007481395617434217,0.00986932984774395,0.013424087681329076
2019-01-18,0.009847459768212108,0.014292600334143157,0.01898639375118142
2019-01-22,-0.0203106452371703,-0.01576008884907899,-0.016719928697860705
2019-01-23,0.0017978108135974225,-0.0007314283352832453,-0.0037779584582532185
2019-01-24,0.006576305579245378,0.014449467178138699,0.020296296193077098
2019-01-25,0.012654931998673957,0.015844055084796232,0.015654650757332304
2019-01-28,-0.01330121555827335,-0.010789877031872163,-0.0103347805445812
2019-01-29,-0.00960115609881007,-0.005816542450002912,-0.003929629586985962
2019-01-30,0.026402180073591186,0.020017329438790962,0.016799738857933313
2019-01-31,0.014531579549828644,0.012580866369241685,0.008821666238642828
2019-02-01,-0.004534609851596261,0.003548092706856448,0.004186463472618181
2019-02-04,0.012281244291977078,0.006909777637051452,0.007152262304820942
2019-02-05,0.009132244920395882,0.006549752437693754,0.0056661809533121495
2019-02-06,-0.0036875958103981255,0.00037273061041142317,0.0036192950081784182
2019-02-07,-0.013238806258565106,-0.00957632336296002,-0.009264455714817025
2019-02-08,0.0011802935017342087,0.005819290856590406,0.0032908316206488194
2019-02-11,-0.0005713341231605717,0.002134813495938835,0.002559702975043683
2019-02-12,0.015268055444035644,0.016467601853758302,0.021105517683803133
2019-02-13,0.00017249008341857497,0.00043096892923371124,3.275950206133653e-05
2019-02-14,0.0009321765921117553,0.0015320229105552528,0.0006662689757720363
2019-02-15,0.0046650947057962355,0.006985029835834783,0.006785813213790787
2019-02-19,0.001620041829531127,-0.000854298713016809,-0.0026715986988037296
2019-02-20,-0.0006042528288362492,0.0004773531148979591,0.0023087171972244846
2019-02-21,-0.003848538671371249,-0.005057169838217632,-0.0060119515835691684
2019-02-22,0.007884643102643807,0.006080252659289537,0.001019837090954852
2019-02-25,0.003497614938196225,0.003086588456625862,0.0046259989165054975
2019-02-26,0.0010948092817038013,-0.0020723765349630143,-0.004074086087353955
2019-02-27,-0.0008732307597204558,0.001003590154092321,0.003036448885896205
2019-02-28,-0.0027357334551075807,0.0010824968438050391,0.0036491988524648077
2019-03-01,0.007613922116143534,0.0060882743475286424,0.00786963434731495
2019-03-04,-0.00010343826854863902,-0.00712993688880324,-0.007302125607081499
2019-03-05,0.0008334642181384577,-0.0022273604852250943,-0.0029572500758583086
2019-03-06,-0.006192695853655783,-0.008165893502320979,-0.00918783158323795
2019-03-07,-0.012033840481959879,-0.008058934344735825,-0.008889665074348942
2019-03-08,-0.0015924481685066771,-0.0028129826549670605,-0.0024788620436829952
2019-03-11,0.021142621787367366,0.018426468503810606,0.019297563937479584
2019-03-12,0.005200957687999219,0.004508734773807238,0.0036860893643414806
2019-03-13,0.007734763356372021,0.005620206817655707,0.006174645737013212
2019-03-14,-0.0019250726939445961,-0.0017013786613948912,-0.0028360015137686287
2019-03-15,0.008833409047760421,0.01011714235985321,0.012360702973563353
2019-03-18,0.002639876389904483,0.0005539450646467379,0.0010660982985836976
2019-03-19,0.0031393832442887515,0.00456846710718993,0.003186395346664986
2019-03-20,0.004282081499228152,-0.0013364014261906874,-0.003787991223895682
2019-03-21,0.015245065880838737,0.015522177614628268,0.018306757896856204
2019-03-22,-0.022314685117939992,-0.023629918449694205,-0.025408614122058807
2019-03-25,-0.0012421544359060288,-0.001671384380462469,-0.0013231487240770654
2019-03-26,0.004672697565961226,0.007982781370038656,0.008450618144846161
2019-03-27,-0.005843978367018665,-0.008741166695490776,-0.00898543653226929
2019-03-28,0.0016803441206565406,0.004505122875712889,0.007222535448867838
2019-03-29,0.007963942655014211,0.010172528685098318,0.010820447631938688
2019-04-01,0.0135049475359581,0.014512143654046059,0.01619299703955776
2019-04-02,0.0028375265392057702,0.0005391749769811672,0.0013866224699428675
2019-04-03,0.006044300416010673,0.0072358604317372234,0.007485664354027831
2019-04-04,-0.0005832217854555566,-0.004319678026511649,-0.0026470934926173186
2019-04-05,0.005075215917793807,0.007852386402610944,0.009984154190611568
2019-04-08,0.0027577294718197365,0.0005382065944853327,0.0007660059720579623
2019-04-09,-0.0041119826517480584,-0.00529653986173486,-0.007264582413039218
2019-04-10,0.005681450153272483,0.006759198163840839,0.008779523726408424
2019-04-11,-0.0021809260065589475,-0.0015003414958482013,-0.00046408498950531663
2019-04-12,0.004379229244932281,0.004542379396680985,0.006467368341834533
2019-04-15,0.00012718876955308822,-0.0011907695985430699,-0.0020226102746621582
2019-04-16,0.0033568567026402985,0.0016567763262740538,-0.0018511772945364762
2019-04-17,0.003395317022012012,-0.004600502293709538,-0.009967500250877111
2019-04-18,0.001171765114217127,-6.207437664920598e-05,0.0003659953886242518
2019-04-22,0.0030911422438535396,0.000276275445900268,-0.0036599704652160547
2019-04-23,0.012603856885883946,0.012329158247169845,0.014062282808471735
2019-04-24,-0.0033671465374234266,-0.00047534118493869495,0.0018806349712835791
2019-04-25,0.004176265811860258,-0.0012140973989384735,-0.004376304814743331
2019-04-26,0.0012486061130716486,0.004862315476031155,0.008068861932977735
2019-04-29,0.0015791961242903607,0.00020357295532644334,-0.0015484940680148326
2019-04-30,-0.007345297091676306,0.0026011093759618644,0.006786559700465064
2019-05-01,-0.003805180923425744,-0.008475576360933068,-0.010235109064995973
2019-05-02,-0.0035849556749260048,0.002225648528215916,0.004385940412892514
2019-05-03,0.015752068221974946,0.012997057609860177,0.011952620521533352
2019-05-06,-0.006581941531462188,-0.0054842495091393375,-0.00583627820302041
2019-05-07,-0.01975085546627431,-0.021363886162406996,-0.023835506440980776
2019-05-08,-0.0029580698402374983,7.859095126050016e-05,-0.000865612748545102
2019-05-09,-0.004568372493890083,-0.0016769448855253122,-0.002043807514273646
2019-05-10,0.0004984715307769783,0.003098613252788764,0.0007813530251962907
2019-05-13,-0.034587605853576675,-0.033016633126384524,-0.03736372429999912
2019-05-14,0.010615595468953298,0.01535387183820671,0.016469795252873745
2019-05-15,0.013695185358630013,0.011424932595194056,0.0096061214474095
2019-05-16,0.010247577649685091,0.007537646349487408,0.005445737239421902
2019-05-17,-0.010086879611471145,-0.010018928143220885,-0.011818504840098108
2019-05-20,-0.01692236049800433,-0.016642922449044674,-0.01634430834362938
2019-05-21,0.010074941780930047,0.011812947871342077,0.01376950007602308
2019-05-22,-0.004074591655707338,-0.0041682872198297045,-0.0026783508118335977
2019-05-23,-0.015191368103395941,-0.0127922488360904,-0.01149680962279001
2019-05-24,-0.0009537878485610385,-0.000538290978356554,-0.0010008834731055785
2019-05-28,-0.0030927546679638818,-0.004964014695367641,-0.006636785759450494
2019-05-29,-0.008452433232248757,-0.008537704459322535,-0.009162291910636855
2019-05-30,0.003954633946312347,0.005744424480223562,0.007244326990073942
2019-05-31,-0.016208897036529613,-0.012147819706132528,-0.010601385063980664
2019-06-03,-0.021035463417356848,-0.00954632800858701,-0.004910034549508389
2019-06-04,0.027046351179714767,0.02768538579524475,0.026915140372418208
2019-06-05,0.007555712421948524,0.006388559495275966,0.006264884539841157
2019-06-06,0.007620971727465564,0.006825922743676602,0.004838017753980209
2019-06-07,0.019428424899716967,0.015575017522659728,0.016353857183844942
2019-06-10,0.01141119419019132,0.012467470595027749,0.015626632205155255
2019-06-11,0.0015889140155067594,-0.0017035083062019601,-0.0015192199936111485
2019-06-12,-0.0055311269799037666,-0.004530507458137592,-0.004378311570251122
2019-06-13,0.005137666873158198,0.004434111245682095,0.0047887534974622396
2019-06-14,-0.004203389341604802,-0.006480111130282173,-0.008045372357970076
2019-06-17,0.006339010640095566,0.002486300104908946,-0.00032593390053553393
2019-06-18,0.014466165201271863,0.015998113705904,0.01910090159638362
2019-06-19,0.004235578020154618,0.006485248955841524,0.006365827421432528
2019-06-20,0.009169529594682313,0.009212931847962067,0.010254948666978927
2019-06-21,-0.0011979788491423005,-0.004441342939373063,-0.004997546923415107
2019-06-24,-0.0007452360088171517,-0.002022265668348707,-0.0031213635644592864
2019-06-25,-0.017024425763433326,-0.014404183457937408,-0.013383317478250676
2019-06-26,0.004677544453111526,0.003952057270031794,0.003073157034169205
2019-06-27,0.003933368834216022,0.0083745418541557,0.009048003047349365
2019-06-28,0.0018323340395198784,0.0041379122435821775,0.006424740911919496
2019-07-01,0.012652723998848758,0.013816527293527668,0.013994887546426532
2019-07-02,0.004078155960280272,0.00032624526974021895,-0.0050532909415487584
2019-07-03,0.007419417153962327,0.007014550420033391,0.006262058925488373
2019-07-05,-0.002085872072207784,-0.0033388956014746645,-0.004169712279220841
2019-07-08,-0.0070791536327438065,-0.005920714095049946,-0.006689290181229853
2019-07-09,0.005274971941739315,0.004583340713523301,0.003925757370009318
2019-07-10,0.009779150302898332,0.007374723160487594,0.00461436049042203
2019-07-11,-0.0008376290055023272,-0.00018361410446634955,0.0005223339941050544
2019-07-12,0.00588346772544579,0.005167622857913682,0.005168306011233073
2019-07-15,0.002982402810706608,0.00287246521257341,0.002477846691465108
2019-07-16,-0.005001938904905634,-0.006201286835084871,-0.005603599664998694
2019-07-17,-0.004834101790689771,-0.0007321488345257853,0.0012210318749331006
2019-07-18,0.0019483565802376202,0.005949376048388899,0.008864556901303305
2019-07-19,-0.008758709943380127,-0.008433184498471644,-0.00798568385299467
2019-07-22,0.00896249038000807,0.006349014124089368,0.007311849850781094
2019-07-23,0.006254167080102846,0.006208355501229679,0.007503776729499294
2019-07-24,0.007046248137454469,0.010521497898821874,0.012183159716940143
2019-07-25,-0.010079101014883518,-0.01363183697835508,-0.018258421850097052
2019-07-26,0.01098127418421635,0.008286367914628296,0.003266963741509283
2019-07-29,-0.003476398920050916,-0.0033806706084540724,-0.002393094089774449
2019-07-30,-0.004582487926340195,-0.0022570012350184264,2.8354331378178607e-05
2019-07-31,-0.013038769991796872,-0.013676096999468626,-0.014303959014516913
2019-08-01,-0.006068444306594922,-0.007627796714622483,-0.010098373682219098
2019-08-02,-0.013888990515644517,-0.013338255567639698,-0.016087605661355454
2019-08-05,-0.036021977826576235,-0.03534393532080613,-0.0361760966522359
2019-08-06,0.014244107269910433,0.015234247555866281,0.017147938496223824
2019-08-07,0.00406578615397013,0.007108680202833184,0.004993384742690883
2019-08-08,0.0228988967338144,0.02444979766565768,0.024967589446866816
2019-08-09,-0.010169810495085918,-0.009982968709595941,-0.012912830527489726
2019-08-12,-0.011062889981486523,-0.013172028460703184,-0.015147943999886766
2019-08-13,0.02201491231120256,0.02122205133097513,0.023423370842092586
2019-08-14,-0.030799094481643197,-0.030530888198092725,-0.03070714307743433
2019-08-15,-0.0006995534232179246,0.0006472123015275411,0.0008427937243306734
2019-08-16,0.015928052892942413,0.017200475445201126,0.017654663247776835
2019-08-19,0.01515101215996184,0.011319728604965752,0.011370166376759151
2019-08-20,-0.007105497666966332,-0.005396160682096237,-0.004509632641374018
2019-08-21,0.00896996114166515,0.009013431608816546,0.010808896481211475
2019-08-22,-0.0033349676180144394,-0.002431766282256232,-0.0028190367636316592
2019-08-23,-0.0314553536605402,-0.02815250629986264,-0.02973377365729185
2019-08-26,0.014739441385851704,0.011591628000662992,0.008197693591889639
2019-08-27,-0.0011868265663013133,-0.0003326222975373298,0.0009398868034436215
2019-08-28,0.0028905671298515845,0.00287250777411963,0.004931364691774424
2019-08-29,0.015077973942413836,0.013775699622689822,0.01428473234016938
2019-08-30,-0.0014683983004273315,0.0007148674080323355,0.0023214706119444864
2019-09-03,-0.010595531660382407,-0.011008269580927323,-0.01252442331529234
2019-09-04,0.014421459118211688,0.013611415404626572,0.014514422694658465
2019-09-05,0.018562689250898767,0.018797794988293186,0.022759063758854288
2019-09-06,-0.0012718536186013818,0.0010886452356557823,0.003664498964288676
2019-09-09,-0.0025647926530746323,-0.006232516048116498,-0.00970455299219798
2019-09-10,-0.0022546943747712156,-0.0025561006385776833,0.00045889378251752147
2019-09-11,0.00932082728522321,0.008979527231161882,0.008024283889964942
2019-09-12,0.003772990664526521,0.0005511064263245322,-0.0003417270142575806
2019-09-13,-0.003080535821445518,-0.0013876796300755347,-0.0005892481246549848
2019-09-16,-0.005136233980759353,-0.002815289832311215,-0.003557720472347266
2019-09-17,0.004632957560450679,0.0062341754570517235,0.00473930099696898
2019-09-18,-2.9152759658090943e-05,-0.0012297980257752153,0.00022511391064762996
2019-09-19,0.0016771096247034656,4.916322127149457e-05,-0.0008052719127352027
2019-09-20,-0.009901583516372714,-0.005824276358055873,-0.004474454241269963
2019-09-23,-0.0006314195120024069,0.0005754476332117212,0.0016305587661203471
2019-09-24,-0.013886077691864895,-0.01430732751122839,-0.010468485837841988
2019-09-25,0.012127044675130705,0.008691809729164552,0.009304544352146449
2019-09-26,-0.004043011869269919,-0.0009174971410674857,-0.0007511893776496734
2019-09-27,-0.011632819043503773,-0.014761588864283621,-0.014151292640631499
2019-09-30,0.008835437020878079,0.009739685876393046,0.01156309756734838
2019-10-01,-0.008427702141003302,-0.010013613680786074,-0.012315934865044384
2019-10-02,-0.01735393884319003,-0.01501382226291245,-0.013826723882110184
2019-10-03,0.011601448000479797,0.013013100438964132,0.013836573434421316
2019-10-04,0.015148474865077421,0.015416248843701187,0.016340255147955285
2019-10-07,-0.0037361156851035693,-0.0036385745823895167,-0.006190567715189464
2019-10-08,-0.0156450266636895,-0.019462961489214465,-0.01999156966922934
2019-10-09,0.011343595739384371,0.011406015425636386,0.012674490286319886
2019-10-10,0.006479407712221663,0.007318685472186218,0.010154528608280183
2019-10-11,0.013374057774088843,0.016073380277087376,0.018871993584550065
2019-10-14,-0.00019758142948600455,0.0010054788952195933,0.0019547034793267097
2019-10-15,0.012817621676239899,0.011346478619105732,0.01132958767421373
2019-10-16,-0.0028503794885543776,-0.007124769436055687,-0.008186226613740936
2019-10-17,0.002768888212305809,0.0024177944156308054,0.0034096628221208457
2019-10-18,-0.009273306908409662,-0.008167559022503778,-0.0031221642147707313
2019-10-21,0.009130067123878094,0.007185060487331387,0.0071422370197766925
2019-10-22,-0.008275469703968641,-0.005851480619186662,-0.006884001102616993
2019-10-23,0.0018858177003282517,-0.001999669998214026,-0.004007455244718094
2019-10-24,0.00979153199071936,0.01728020317140684,0.01975304618800686
2019-10-25,0.007845135553062654,0.005133300649149108,0.00021801714977291177
2019-10-28,0.010144161552305908,0.007929870684142819,0.00789397564888649
2019-10-29,-0.00778729212351259,-0.0019447091421068044,0.000970735432443221
2019-10-30,0.004423740763932704,0.005035138477395497,0.0031830009469774588
2019-10-31,8.910122616256899e-05,-0.0037371659592066336,-0.004857102880388636
2019-11-01,0.009567227818219282,0.009534724141680648,0.01125242111192772
2019-11-04,0.006064110228435338,0.004227529252334188,0.005617529073373184
2019-11-05,-5.8517584563322345e-05,-0.0016811116455418102,-0.001780012587448039
2019-11-06,-0.001723398943470178,-0.001757436627558718,-0.002747112609854974
2019-11-07,0.0028818973592386055,0.0069822418594724985,0.008074776425792752
2019-11-08,0.004408856250100568,0.0038117117183128378,0.0028967209725931763
2019-11-11,-0.001693275055267618,-0.00043069606053033633,-7.89472267870303e-06
2019-11-12,0.0026547102050209492,0.0026242383013281093,0.0024562574556992057
2019-11-13,-0.000481675959966843,0.0018790234815450138,0.003185055961767557
2019-11-14,-0.00023965346697440992,0.0002848384838360972,-0.00174553496614021
2019-11-15,0.006986030525584663,0.008709939860824602,0.008756181445171556
2019-11-18,0.0015586444060027294,0.0006722974583766382,-0.0005235532278283878
2019-11-19,0.001231889182929491,0.0027639075032174013,0.002860294411900171
2019-11-20,-0.006594549351206069,-0.004024336797421124,-0.0036230168969140033
2019-11-21,-0.002188608178662954,-0.0028770996982484896,-0.0026285072517741453
2019-11-22,0.0007778833177654043,0.002806666189674659,0.007128488950763908
2019-11-25,0.012074381242195509,0.012237634479983531,0.014425411013561902
2019-11-26,0.0016507916949910495,0.001635548073869276,0.00023429525599440653
2019-11-27,0.007030970515457868,0.00692142757540599,0.006443600269349174
2019-11-29,-0.0048586953476779104,-0.005312684466659877,-0.006256162199363597
2019-12-02,-0.011235545083283838,-0.01165175485352136,-0.01032759975440481
2019-12-03,-0.006561298302778185,-0.005443769760173772,-0.006689805724197961
2019-12-04,0.005062550463777571,0.00534735553164548,0.007808545873715982
2019-12-05,0.0014307328014735443,0.0013251863041801105,0.0016575911326040566
2019-12-06,0.01070840616881874,0.008507725022822559,0.008764291977498687
2019-12-09,-0.004123896233880764,-0.003360220825758074,-0.003122920864848777
2019-12-10,-0.0010104576686055244,-0.00047707359295595534,0.0011000786402292127
2019-12-11,0.0057838922008248694,0.005554135804477395,0.005573238171955291
2019-12-12,0.007649919882896983,0.007762359648035084,0.0077916333721014105
2019-12-13,0.0024590273247411254,0.0013247380034203274,-0.0015184374592240684
2019-12-16,0.009734088155654463,0.00932927097795127,0.007523214813063531
2019-12-17,0.0006265939527561049,-0.0003777318601547625,-0.0005674629407750656
2019-12-18,0.0005737049906280323,0.0010634855230479863,0.0007580610542113303
2019-12-19,0.007070575456405548,0.007166949758420918,0.00430331579503035
2019-12-20,0.004304935354803474,0.00806548513787585,0.007811810802627081
2019-12-23,0.0020187303929157796,-0.00033432921951243554,-0.0016301158621082714
2019-12-24,0.00040248344863691443,0.0018138279975304357,0.001557410869475292
2019-12-26,0.009057959140177152,0.002482223738342549,0.00042045230410878333
2019-12-27,-0.0008349102912760253,-0.0005277637402287947,-0.000375787572054078
2019-12-30,-0.0069832557735683976,-0.0067897418968983535,-0.0051363805252475974
2019-12-31,0.0026797435446563878,0.002511270761455364,0.002434113216205143
2020-01-02,0.01593361887775746,0.012562030859998241,0.01165525731168392
2020-01-03,-0.00882747930167449,-0.007850963311942852,-0.010291382594623122
2020-01-06,0.006211025548561011,0.002405660703047933,-0.0002058030568187517
2020-01-07,-0.0002338623984216026,0.0034013142062337314,0.004810023498928571
2020-01-08,0.007451567639781498,0.006162232185643432,0.006217645074780904
2020-01-09,0.008668823779280466,0.007130222303072365,0.008548466646074924
2020-01-10,-0.0025574173018485524,-0.002643186113815744,-0.0019742002787567596
2020-01-13,0.011599746067993078,0.009966546121840732,0.008526065052506002
2020-01-14,-0.00410449828790016,-0.00034413279531210543,0.0003510127412150217
2020-01-15,0.0002490751032750982,-0.000742143792599512,-0.0022272007462878687
2020-01-16,0.009886381283417789,0.009130183070672317,0.010658722172979217
2020-01-17,0.005340325369862953,0.0023889657814373374,-0.00043885735579130496
2020-01-21,-0.0007740129300718435,-0.002136753276053556,-0.004239703544662977
2020-01-22,0.002394576336141707,0.0041085483373867185,0.0033565833989930376
2020-01-23,0.0030908356632812772,0.0025834335834603963,0.0026893021871106943
2020-01-24,-0.00819256829869286,-0.009773388561852262,-0.012125446417840031
2020-01-27,-0.020706740234660237,-0.018492532243667273,-0.020379732429104867
2020-01-28,0.015499018656427221,0.013295926995152167,0.013074939810163735
2020-01-29,0.0011748703781195857,-0.006305918473621452,-0.006613429759016139
2020-01-30,0.0037882847832992894,0.004158891801163283,0.0013359250220100246
2020-01-31,-0.01582515939189799,-0.020232258212317895,-0.022287185389938246
2020-02-03,0.014983101448593938,0.01469243879917481,0.009771638182364359
2020-02-04,0.02277272108193551,0.024378924962276904,0.023880874585364177
2020-02-05,0.003580532002111614,0.004533506136731006,0.008612801904038691
2020-02-06,0.008373591304468686,0.006369713111979146,0.005172528565940817
2020-02-07,-0.00474493891226091,-0.00905363558360258,-0.013415454595059863
2020-02-10,0.012311350779561803,0.009520036711377201,0.010180016247337931
2020-02-11,0.00010723181399785453,0.00599438139429971,0.00881836630047918
2020-02-12,0.010016940727646473,0.009845772250638376,0.01097395303364336
2020-02-13,-0.0018204135610431216,0.001335543319940447,0.001556479041863362
2020-02-14,0.00290545582223678,0.004044044133356998,0.0045174339962396805
2020-02-18,0.0006463007477039984,5.025711805491055e-06,-0.0021245440668923856
2020-02-19,0.009234944214917551,0.010522106709295407,0.012617032740277532
2020-02-20,-0.00935311369010039,-0.007822352754357767,-0.006345612435827183
2020-02-21,-0.018814171680689773,-0.015554434884832498,-0.016446721223464713
2020-02-24,-0.038855994035151276,-0.03233057972652901,-0.03226732066594402
2020-02-25,-0.0269570201818764,-0.029086767766709116,-0.03152880571686482
2020-02-26,0.004401835961930889,0.001101964210020993,0.00038641951758368483
2020-02-27,-0.04925644321302447,-0.04036768505874789,-0.039057447186946266
2020-02-28,0.0029822378062216437,-4.162306479965278e-05,0.0002664598846750223
2020-03-02,0.04917971492738338,0.040727369968282745,0.03716228535561268
2020-03-03,-0.03193183810100575,-0.028029429692140482,-0.026649128652613326
2020-03-04,0.04128110328131407,0.04298271633404257,0.04338572257938482
2020-03-05,-0.031021502124319533,-0.02889036708588509,-0.031234478497707725
2020-03-06,-0.016296800088760333,-0.01582845362205079,-0.015043552150904662
2020-03-09,-0.06826340681017307,-0.06713565838132961,-0.0660422493653326
2020-03-10,0.053376718190041306,0.04790105138320231,0.05037792438837819
2020-03-11,-0.043733591309292885,-0.04678919093386798,-0.05082847060868189
2020-03-12,-0.09273783107793476,-0.09067070449941848,-0.09149190718545883
2020-03-13,0.10072207139258671,0.08664159319320724,0.08350842596745556
2020-03-16,-0.12193223379003837,-0.12414409885560608,-0.12887185795609
2020-03-17,0.06460765935164425,0.06599620426851281,0.06945453700197393
2020-03-18,-0.03997484746417945,-0.06177537074836222,-0.07297158822035921
2020-03-19,0.015796097271411513,0.021587470007004096,0.022917157272225357
2020-03-20,-0.04036896107750554,-0.03618787746654806,-0.03446337039982562
2020-03-23,0.0018057419594519342,-0.0005355000797036303,-0.004877991027732181
2020-03-24,0.07805286232583253,0.09350816471520826,0.10511663996355196
2020-03-25,-0.01114798190195665,0.003439657905849873,0.010295307891400221
2020-03-26,0.05723313358694582,0.05681722197932747,0.0574389836312585
2020-03-27,-0.03909771911750626,-0.038264533467343584,-0.03797175224954739
2020-03-30,0.039618474634821155,0.03495406683906609,0.03616824699948683
2020-03-31,-0.009571513819824462,-0.014310177249186075,-0.014693302719936793
2020-04-01,-0.04187751468612011,-0.04585983279750637,-0.04809649636379904
2020-04-02,0.01995248864549093,0.018530661972751414,0.021981984861377226
2020-04-03,-0.01408526450924985,-0.014645487155392023,-0.01473579883274995
2020-04-06,0.07353111246697552,0.08099654945727895,0.08836446099612356
2020-04-07,-0.004002902420486287,-0.0017201348527410658,-0.003571573578186628
2020-04-08,0.022390736433178127,0.029139761927179972,0.027847045412600052
2020-04-09,0.001092434565892697,0.0030464615018390463,0.0022883203078069843
2020-04-13,0.011435287348370071,0.000837823110635401,-0.0029928907203667513
2020-04-14,0.04313346053120215,0.039775906049052234,0.03477445877031751
2020-04-15,-0.011527651723125865,-0.016317950158866334,-0.017482267853026527
2020-04-16,0.01930527117827663,0.018230942377194574,0.019509704663455557
2020-04-17,0.008515816970158685,0.019600360036888365,0.024148228661883438
2020-04-20,-0.011989976476359687,-0.014098548357637535,-0.014862764295138935
2020-04-21,-0.037072068292463234,-0.03679834402095932,-0.037419573657668535
2020-04-22,0.031136456979650173,0.03272515681954028,0.03515717124338041
2020-04-23,-0.0026705839988788727,-0.0048212111228190385,-0.005219202474360438
2020-04-24,0.016791021119018756,0.016545092963123065,0.017168303537582252
2020-04-27,0.005811183992917801,0.015237657878595653,0.01993890087092601
2020-04-28,-0.018111190538519617,-0.00984001589338025,-0.0061456949613177166
2020-04-29,0.03516642513483803,0.031260954591539734,0.030898554294235128
2020-04-30,0.0019760074256003346,-0.015244385779002556,-0.021482554901131632
2020-05-01,-0.03136823194909677,-0.030667035922519535,-0.0296236829156294
2020-05-04,0.013297576804888633,0.011324224917175886,0.009848435565278726
2020-05-05,0.010924672791545076,0.014568512047184755,0.016560728203702618
2020-05-06,0.0060735127336510875,0.007327377478339954,0.011867063596101428
2020-05-07,0.01302407899683744,0.01347356382946972,0.011953270557024784
2020-05-08,0.013015962364134603,0.015644946145456487,0.01678108207632242
2020-05-11,0.008521402802699196,0.004572558742680809,0.005449524278127853
2020-05-12,-0.02005283716432882,-0.02190695460245019,-0.02330011213731649
2020-05-13,-0.012331493132511806,-0.017061886128934042,-0.018001710762951664
2020-05-14,0.010482111623718149,0.01648781415716391,0.01812130425155293
2020-05-15,0.006401697579321519,0.0018443604683178172,0.00018618749171136665
2020-05-18,0.019588888768190316,0.03015285136100554,0.03324159226340884
2020-05-19,-0.003578000490395583,-0.005254229469095339,-0.005151055731573976
2020-05-20,0.02005470656875885,0.019729826496010096,0.02431689539424552
2020-05-21,-0.011284035488824617,-0.011040165110978472,-0.009585178403769955
2020-05-22,0.003838775590689014,0.005989034181662027,0.008633648479341668
2020-05-26,-0.002550434449494765,0.004502227410726189,0.00836863337078057
2020-05-27,0.005545201736244509,0.012395673968255765,0.012318138232907637
2020-05-28,-0.0026837227639470163,0.0006791264863957163,0.002192744289141588
2020-05-29,0.014741912257564938,0.01711253910958336,0.015931331086260936
2020-06-01,0.004537621017487226,0.0030305866044934475,0.0008180007973035084
2020-06-02,0.006086112471578531,0.008063421287933433,0.011576872615277732
2020-06-03,0.004906217374162747,0.011097226673453017,0.013983292655244835
2020-06-04,-0.00773134130771036,-0.006295107390381657,-0.008593246492642263
2020-06-05,0.02022184468043453,0.022289570330854467,0.025759230535116386
2020-06-08,0.007850857484637874,0.0054676488019228305,0.0011073002581126394
2020-06-09,0.006630334949545791,-0.004049435328223901,-0.005959242279659577
2020-06-10,0.012750845525316246,0.0032193862545356663,0.00022322395811603078
2020-06-11,-0.05010563515549604,-0.05191454260968468,-0.052178744922310664
2020-06-12,0.007853152983253953,0.00882195195076592,0.011124978219981126
2020-06-15,0.011704464692354533,0.012780712361850605,0.014502965773969607
2020-06-16,0.017641650382673957,0.017870437891551225,0.018927805413012016
2020-06-17,0.0033278842389656837,0.003787709189843088,0.0048425819921182585
2020-06-18,0.002962123100749059,0.0017803779728659277,0.0003192596436031418
2020-06-19,-0.00034060527728274614,-0.0012944933564639916,0.00016791944536501948
2020-06-22,0.012158538450759204,0.006506416828379949,0.006246969272809334
2020-06-23,0.00784675665925505,0.0034822273663136505,0.00409443159734144
2020-06-24,-0.020286362702806593,-0.023006963161818272,-0.02534651592633864
2020-06-25,0.00991031232242201,0.008952715199268105,0.010911419214886107
2020-06-26,-0.0249924740418902,-0.01652844493320622,-0.014610826552105839
2020-06-29,0.011350971028011747,0.012042720221255068,0.011956547197975316
2020-06-30,0.019645247133400323,0.018365106693439222,0.018543248903766293
2020-07-01,0.012051019332957269,0.004154247799758044,-0.001979085146093052
2020-07-02,0.00609379555901457,0.00673915337233306,0.009095110309518371
2020-07-06,0.025350291960492877,0.01674352114747001,0.015923167054468335
2020-07-07,-0.007548977207414986,-0.00720917853092955,-0.006493027974243953
2020-07-08,0.01355856105920683,0.008308739418885628,0.005586287805517766
2020-07-09,0.008239628694279633,0.003147024000029706,0.004276622635348017
2020-07-10,0.0076004975722625545,0.005043493142623968,0.0001747996478337291
2020-07-13,-0.02160511126135889,-0.018791725195382865,-0.016190549654058552
2020-07-14,0.00823503498998468,0.011648029547569654,0.015669680071911322
2020-07-15,0.0011375775089550455,0.007437427724716746,0.008697011641466117
2020-07-16,-0.007028777649208173,-0.004614566399876801,-0.004305843459957951
2020-07-17,0.0017653824574552779,0.008505450445839271,0.012703158886443106
2020-07-20,0.02882611715582506,0.0186181439634781,0.017375653190009444
2020-07-21,-0.010866407490852992,-0.005496608420769579,-0.0034984329455672045
2020-07-22,0.0034782094005965103,0.004754530336627244,0.004534635230536037
2020-07-23,-0.0266918249430812,-0.0140696341518886,-0.011326280806466296
2020-07-24,-0.00921120300823941,-0.010304270432271084,-0.011655018681349527
2020-07-27,0.01824359729722902,0.0185521483761677,0.020952206025676146
2020-07-28,-0.013291627668784556,-0.009790158513820391,-0.01121694462712228
2020-07-29,0.012388366389745942,0.01286938101011632,0.012778673046716246
2020-07-30,0.004926324037891172,0.0035081508627509035,0.003910103799621349
2020-07-31,0.01776584793044922,0.0018789825951976025,0.001675390708025086
2020-08-03,0.013680711377774601,0.010032272677158522,0.010772653636868284
2020-08-04,0.0037503085194747765,0.004958935284374573,0.004093590238813639
2020-08-05,0.002604450657450741,0.0028049779637650384,0.00264950733009445
2020-08-06,0.012731149736604275,0.003408052958800991,0.0019132913075558702
2020-08-07,-0.011333054271028709,-0.004528107959560143,-0.006977813669082045
2020-08-10,-0.004867387506256815,-0.004284253332844449,-0.004327216593892275
2020-08-11,-0.018862123492129013,-0.013203585607820244,-0.011266157396501409
2020-08-12,0.025895326899044724,0.02020666062878058,0.01935372264051804
2020-08-13,0.001850771529063433,0.00012480500722343815,0.0013898534751692836
2020-08-14,-0.0012452550644062033,-0.0021234120555340555,-0.0036397608958075875
2020-08-17,0.01111744114865476,0.0106079797241759,0.013829877488997546
2020-08-18,0.009785115115312104,0.002412181465255297,-0.0008586905489847588
2020-08-19,-0.007052409115046787,-0.0060837506644757814,-0.005118727322272068
2020-08-20,0.013995511998475152,0.003171997595440488,-0.0010327669344154808
2020-08-21,0.006805786532874558,1.0475988838059643e-05,-0.000552861417631598
2020-08-24,0.006145286178757869,0.006857404495796919,0.005748129547945484
2020-08-25,0.008226238618706416,0.008801877720056873,0.00877686496405338
2020-08-26,0.02133892881523769,0.010592387174493711,0.00449559473168396
2020-08-27,-0.0038239643997293182,-0.0036288657697109965,-0.004908076505934296
2020-08-28,0.005843410795128401,0.007613013925595621,0.0060999715404893235
2020-08-31,0.009574193553896437,0.0005634121517757547,-0.0019318023539379747
2020-09-01,0.015041257240866024,0.006823934304118249,0.00806490170825913
2020-09-02,0.010386491292014632,0.02042955117662377,0.02514910353405393
2020-09-03,-0.052265837070017196,-0.042471773105290656,-0.04516190089582513
2020-09-04,-0.012678238175900303,-0.011696931302648874,-0.011821343040585037
2020-09-08,-0.04765650724745052,-0.035945524652148904,-0.034933860945899495
2020-09-09,0.02959723117506763,0.02083814394042817,0.02111799196491618
2020-09-10,-0.02121206406664855,-0.016475861978572735,-0.015584794887990298
2020-09-11,-0.005981621616062194,-0.002145379493833917,-0.001714138784647982
2020-09-14,0.01716898175288417,0.018417274238734464,0.01889225001579886
2020-09-15,0.014285669702391868,0.01081974654259617,0.009649286793632052
2020-09-16,-0.016721101476249944,-0.009519943913098182,-0.00985427841899739
2020-09-17,-0.014816442600486313,-0.011344181668625447,-0.010588211349035521
2020-09-18,-0.01299254337096123,-0.010852618077749234,-0.011910012696431924
2020-09-21,0.00395349137932155,-0.0042251776801513425,-0.007412658410287216
2020-09-22,0.018774705345202092,0.014262544792597273,0.015669717288815225
2020-09-23,-0.031559838920713235,-0.02252186772489525,-0.020227769732057567
2020-09-24,0.005828277043659957,0.004027853342456509,0.004540493715253713
2020-09-25,0.02337088638616458,0.01903469148897856,0.018908349723846512
2020-09-28,0.019129928019689713,0.020278701391906143,0.021452841162882017
2020-09-29,-0.0036517384728614877,-0.0035558988591263825,-0.00357472953415743
2020-09-30,0.008399699138657235,0.005960281729375091,0.006925442564476643
2020-10-01,0.014463107674958398,0.014983634717860931,0.013284645610707245
2020-10-02,-0.02827454930299589,-0.022078170555561164,-0.02076247964587516
2020-10-05,0.022510315255711788,0.019841753175760094,0.020872287070016
2020-10-06,-0.01892335665441336,-0.012704261978356732,-0.012567263751959174
2020-10-07,0.018768562597693217,0.01891642056931805,0.019696905802448372
2020-10-08,0.004151022300341145,0.008129625415388662,0.010805314876109001
2020-10-09,0.01514241892770296,0.01325519097866597,0.016719361993846767
2020-10-12,0.030894200000821437,0.018870129934322417,0.017889297079024515
2020-10-13,-0.00040870159653882965,0.0010347946502453813,-0.0005088745615448957
2020-10-14,-0.008094694573641315,-0.008245846706585524,-0.008073009796295265
2020-10-15,-0.007241337469299891,-0.006484720899762878,-0.008167896372860256
2020-10-16,-0.003899661033166746,0.0016313461456255252,7.743787225147442e-05
2020-10-19,-0.018378095693319385,-0.014312941678800666,-0.013669128378001317
2020-10-20,0.0037380890605485106,0.0024959322674948793,0.0030285258024621074
2020-10-21,-0.0010678110991911849,-0.0030110886513955016,-0.004326262677172705
2020-10-22,-0.00021087723538371073,0.005007047013285237,0.00956403570426067
2020-10-23,0.0025431180214263716,0.003958021604949209,0.005575876269360862
2020-10-26,-0.016082929327431272,-0.01857668767595218,-0.018477206246886216
2020-10-27,0.008208136267277233,0.0010383676070562272,-0.000697450383925081
2020-10-28,-0.03933032053165053,-0.03202148302527529,-0.029865837899691917
2020-10-29,0.018665076908021883,0.013640117106304825,0.013673095194727942
2020-10-30,-0.026235296805401376,-0.017515646582096346,-0.017987695840137843
2020-11-02,0.002877925842313944,0.008060550434057519,0.011287288685900674
2020-11-03,0.017605288172196643,0.01928765848768139,0.022460563685196805
2020-11-04,0.04407033106869007,0.036938798251492426,0.03255816763157631
2020-11-05,0.0255625611562893,0.022041683123664446,0.01821077236930364
2020-11-06,0.0010994550996865637,0.0032963478254755527,0.005561045582100453
2020-11-09,-0.021582368340897107,-0.009688383058850857,-0.007514931640412954
2020-11-10,-0.01742120210172815,-0.013401882927207575,-0.016454800401858215
2020-11-11,0.023110198394801218,0.01891549151088982,0.019076663506558192
2020-11-12,-0.005531861511498093,-0.008802067517022569,-0.01024376174536007
2020-11-13,0.009359845177673076,0.014365695543822032,0.011950638746756118
2020-11-16,0.006327781239079622,0.0077894700678609406,0.00797303444253302
2020-11-17,-0.0029874730799769322,-0.004636163579575736,-0.006740881324576694
2020-11-18,-0.006911320433809709,-0.008916284643627106,-0.0098344688249523
2020-11-19,0.007626896939685768,0.01018145338171365,0.01011377741624485
2020-11-20,-0.00659044023086508,-0.003906248767246792,-0.0014867829168537822
2020-11-23,-4.199407899785346e-05,0.006254696659715335,0.0066978111018634835
2020-11-24,0.014603562064017472,0.010996117422133739,0.007406582751017085
2020-11-25,0.005994312789485479,0.0011197215679396748,-0.0008066297723966139
2020-11-27,0.008721882617420906,0.009892646833578713,0.011195140462239926
2020-11-30,0.0008247820874471845,0.0017348229295959736,0.004379063408651458
2020-12-01,0.01524330635562543,0.012760096892191498,0.011986086097356614
2020-12-02,8.671612821453678e-05,-0.001301408640434216,-0.004333786218562557
2020-12-03,0.00086057916090998,0.0007901424837171778,-0.0017230910108153744
2020-12-04,0.00492098715388023,0.011777450357601176,0.014721777652314492
2020-12-07,0.005426776069789918,0.0010295000142421125,-0.0008800769468331941
2020-12-08,0.003115952393857535,0.003273315943370973,0.00581061871907882
2020-12-09,-0.021453473554083002,-0.01767715958675084,-0.01854948675476247
2020-12-10,0.0030005392034211376,0.0010392070929142244,-0.000903131405349767
2020-12-11,-0.0021230954288024018,-0.0014287915259909854,2.8882966018809445e-06
2020-12-14,0.007013893188656528,0.007048444778244048,0.0095580536707966
2020-12-15,0.010729233532289939,0.01016606119263643,0.011174057607357214
2020-12-16,0.005735209055578894,0.003657254989023423,0.0016959915105425965
2020-12-17,0.0066228570658117825,0.008085474958174141,0.01029872121814068
2020-12-18,-0.0010884423746461147,0.0025032657016567385,0.0052504075253626305
2020-12-21,-0.003761912861469874,-0.006338080661584831,-0.004570653366402753
2020-12-22,0.0021512407549877377,0.0010003115466007324,0.0032637083394184124
2020-12-23,-0.005065431118715713,-0.00316734298605072,-0.004307449396119278
2020-12-24,0.004573577753024027,0.0038963152146539643,0.004319415700044712
2020-12-28,0.010058255666043348,0.0021375128970734245,0.002172079365748287
2020-12-29,0.00036061471758896957,-0.0011325456965447975,-0.004715883891715491
2020-12-30,0.00014560823934361977,0.0040682988866497845,0.006144219454158706
2020-12-31,0.0033412780820367693,0.006071645925847359,0.0036796020244573148
2021-01-04,-0.015022959844039119,-0.014071272922892994,-0.013653059738128633
2021-01-05,0.008485436055496676,0.008845508272306372,0.009235174446762478
2021-01-06,-0.013984140108022403,-0.003715274188957028,-0.0037269965094318632
2021-01-07,0.025050459172464512,0.021296723946721715,0.02415962500840249
2021-01-08,0.01280026136830803,0.009499893254474036,0.010243875033965007
2021-01-11,-0.01546790266335174,-0.0061334454777356995,-0.005487334250451525
2021-01-12,-0.0008060761768758917,-0.0023725201109735024,-0.0011925516095994669
2021-01-13,0.006324811569471622,-0.00048392149494061313,-0.005064824125532155
2021-01-14,-0.005776290342473511,-0.0016208318055765283,-0.0012006230802460206
2021-01-15,-0.007346539752563164,-0.005815505919500493,-0.008145013746870019
2021-01-19,0.015043065347392304,0.014037458170808578,0.013673671332283836
2021-01-20,0.02307615373784322,0.012491275706625057,0.009492319611845195
2021-01-21,0.008163083936554516,0.0016235569230361692,0.0009848452431192923
2021-01-22,-0.0028787669611368694,-0.006001011797492941,-0.005776666867883507
2021-01-25,0.008745035655127076,0.004076515019226044,0.002553335364689751
2021-01-26,0.0005117735345041563,-0.002962541679499336,-0.008145977901214345
2021-01-27,-0.02798626460901643,-0.031935726664053754,-0.03221410178589538
2021-01-28,0.006778178274394087,0.013477476954756297,0.014875001886193832
2021-01-29,-0.020918059065075822,-0.015443190509039358,-0.014887167388237
2021-02-01,0.025029864570983218,0.02233422263918006,0.02476548345045265
2021-02-02,0.015640522600710582,0.017206369116586583,0.015233853280411911
2021-02-03,-0.003994464937340458,-0.012355829968594424,-0.01619469632046461
2021-02-04,0.011827723724695982,0.014450196731160207,0.014774823194220523
2021-02-05,0.0031760683935921907,0.004170582078988486,0.0033992116314097965
2021-02-08,0.006693607615800623,0.009794693357737291,0.012728700668438116
2021-02-09,-0.0005797328716492522,0.0011425494358271598,0.002412510930877532
2021-02-10,-0.002324129530821728,0.00015840117873378522,-6.3061270161814e-05
2021-02-11,0.005791176645797647,0.008816189809235528,0.012546914014795735
2021-02-12,0.005340666874529942,0.0067721366969363305,0.008422841732373664
2021-02-16,-0.002457372590714768,-0.003956369209796935,-0.004542631773032312
2021-02-17,-0.005376855611916143,-0.0033456756551543086,-0.0034371101647246143
2021-02-18,-0.004540256339519044,-0.0022867996215916887,-0.004412039304337532
2021-02-19,-0.004159813189753669,-0.001344986861178655,0.001444819409298046
2021-02-22,-0.02629009761021095,-0.02126896209421395,-0.022955041042796453
2021-02-23,-0.00219531482669022,-0.0024113112980068668,-0.006878612507638368
2021-02-24,0.008145724257500486,0.009359089340636033,0.008976008720521511
2021-02-25,-0.03562427274618418,-0.03471252107932598,-0.03829563943954802
2021-02-26,0.006324360942281171,0.0035789050402928835,0.005808298729695184
2021-03-01,0.02893307165599568,0.024150511065190283,0.02363379088226952
2021-03-02,-0.016788439068599503,-0.014217726024766666,-0.015657825218317073
2021-03-03,-0.02883779121486907,-0.02599948252979851,-0.028031757714233087
2021-03-04,-0.01729278325575101,-0.01993071419069454,-0.025172342978674878
2021-03-05,0.016408036424903738,0.021317707930833162,0.022554334098676947
2021-03-08,-0.029161258492414133,-0.022525910241087757,-0.02657564017391032
2021-03-09,0.04028026103238114,0.03335343644832451,0.03566726086124445
2021-03-10,-0.0033154834795429133,-0.0028246380174837614,-0.004140587282733995
2021-03-11,0.023590685325293403,0.02137039042999912,0.02230175707054878
2021-03-12,-0.008857062303157748,-0.006674958708920525,-0.006024082658044332
2021-03-15,0.011227235345434572,0.014913462294251627,0.019355574277823997
2021-03-16,0.005330786971956547,0.0024685588011727627,-0.0023018657717622844
2021-03-17,0.003809195740973381,0.003447664117327433,0.0030601899319407126
2021-03-18,-0.031300435123224,-0.026663562783374256,-0.02676569930239965
2021-03-19,0.006087241842900326,0.0073222781671279935,0.008472815324544254
2021-03-22,0.017060674486247374,0.016157295499333684,0.016757316331182173
2021-03-23,-0.005251188302211829,-0.010989651419669873,-0.014285920759440955
2021-03-24,-0.016816230354320227,-0.012252844672637831,-0.008932497065710846
2021-03-25,-0.0014352909917062506,0.0016379961296181904,0.0031583275758278683
2021-03-26,0.015540096180542307,0.0248304332474166,0.030905368864813567
2021-03-29,-0.0010308775078269328,-0.00434355667247301,-0.006161277532543683
2021-03-30,-0.005337910504986998,-0.0060023128497600515,-0.008663239860520198
2021-03-31,0.015113379558225892,0.012604806928904052,0.01309712435465786
2021-04-01,0.018185859858050657,0.018301320910163905,0.018487178178323765
2021-04-05,0.02015381157402052,0.014948344952316001,0.014879166815440667
2021-04-06,-0.0014487397393466717,-0.0021264521958781657,-0.0022201244528745503
2021-04-07,0.0028162423507400725,-0.0035620425589494055,-0.0059582038625081045
2021-04-08,0.010414385935593407,0.008454612386811444,0.009682965606728567
2021-04-09,0.006290637974025515,0.0027629529119249123,0.0037933875733548715
2021-04-12,-0.0018569772755407943,-0.001362927482839807,0.0007363022258737459
2021-04-13,0.012094680989266582,0.00579359322779885,0.0036614094531689646
2021-04-14,-0.013054031064645755,-0.008174479348719498,-0.0062084749739956275
2021-04-15,0.01610270361716193,0.014709792767485482,0.015917211773231865
2021-04-16,0.0011207409508984245,-0.0003506952615256622,-0.001755852826063141
2021-04-19,-0.00955996958452554,-0.01015686172377208,-0.01136036542702584
2021-04-20,-0.007073083956672721,-0.006606145257749335,-0.0065173505904070755
2021-04-21,0.009113466126242864,0.012434255170538982,0.01806772600280797
2021-04-22,-0.012399581931429648,-0.008699162275735224,-0.006894819919365516
2021-04-23,0.013012308457246213,0.011791102892437014,0.013102018983735936
2021-04-26,0.006076827313890254,0.00448164067823751,0.003879723538321923
2021-04-27,-0.0046969293282894675,-0.0033214354376059642,-0.0038598845991640648
2021-04-28,-0.004201932543822395,-0.005649345827120349,-0.006890706613258401
2021-04-29,0.004933243566060064,0.0053110771636780815,0.007041323292722478
2021-04-30,-0.007833848296545542,-0.011776259609470081,-0.017136996426001007
2021-05-03,-0.0044038018139328505,-0.0010266378949974962,-7.670419847231403e-06
2021-05-04,-0.018482245295241895,-0.014017168801353024,-0.012807621451166462
2021-05-05,-0.003049155515626012,-0.0012636409744035404,-0.002596645531116942
2021-05-06,0.008172800644860034,0.005055499649008887,0.0031125216607539702
2021-05-07,0.007778868124438398,0.00952523537216091,0.010333473536600263
2021-05-10,-0.026279849243364684,-0.021437789625102534,-0.022645809669222004
2021-05-11,-0.0005846620391821711,0.00017178749613478648,-1.1448451446000431e-06
2021-05-12,-0.026187745456578537,-0.025277384063444118,-0.027288644962080204
2021-05-13,0.008269771480003962,0.007762208308801228,0.009337253150522213
2021-05-14,0.021661947382567215,0.01917890749067452,0.01963118207513574
2021-05-17,-0.005988892827011205,-0.00705727800715622,-0.008570424186886747
2021-05-18,-0.00715324199473244,-0.0048214032855922176,-0.004816488572232797
2021-05-19,0.0015305612238709632,0.0031406090498063066,0.005452227909009506
2021-05-20,0.019351973610720385,0.020334998588224344,0.021510336513230303
2021-05-21,-0.006102642783026635,-0.003284686529773102,-0.0026394906359989796
2021-05-24,0.01714988226635228,0.012185573843875105,0.011270891324680413
2021-05-25,0.001171438341855069,-0.0004306831574499157,0.0006437454509632737
2021-05-26,0.0032955522956148453,0.0022180406381544517,0.001846484779600753
2021-05-27,-0.003276032693710018,-0.0013790902110950242,-0.0006095293277067893
2021-05-28,0.002098438467290853,0.003673155074521115,0.00445992986217407
2021-06-01,-0.002332217822201388,-0.0025111351129978665,-0.0037883672644383626
2021-06-02,0.0015526057715540276,0.0013564714653826377,0.0010669475911721839
2021-06-03,-0.010683869128096157,-0.009262122048852899,-0.00932909977595256
2021-06-04,0.01781933117114609,0.014789211426806946,0.014564775678035888
2021-06-07,0.002332485263637052,0.002646723403779242,-0.004054869392029204
2021-06-08,0.0005774663279407566,-7.241648839784008e-05,0.0008397547712253343
2021-06-09,0.0002954253316600486,-0.0012111234210002932,-0.001784059858166664
2021-06-10,0.010525501701349027,0.011366793246430645,0.013338683504647243
2021-06-11,0.0027184273361988698,0.0005032622619204874,0.00029836662634288624
2021-06-14,0.009279726238867969,0.005791391660370089,0.004581398378055562
2021-06-15,-0.006921620422296049,-0.006745321972066349,-0.006895659240015918
2021-06-16,-0.0033784037296821223,-0.006287745602416457,-0.005964805074745944
2021-06-17,0.012929963364512576,0.009053294911472677,0.00879810767392586
2021-06-18,-0.008064884763908764,-0.011215804243498866,-0.012091851523896878
2021-06-21,0.006238648451653672,0.008364131673064278,0.009937089608562094
2021-06-22,0.009421184247654146,0.006084938261536621,0.00665317484296738
2021-06-23,0.0002677084501285787,-0.0009319247499378177,-0.00030696300329161627
2021-06-24,0.0064255417799072845,0.008727723954288396,0.009700026808905754
2021-06-25,-0.001446493868590415,0.0028659349022690907,0.0026954951000036638
2021-06-28,0.012533881408986813,0.008333283434788471,0.010559675366573299
2021-06-29,0.003288784525524946,0.0038041332206987786,0.004526201197534314
2021-06-30,-0.0012317644233242886,-0.00017752970086761443,-0.00031280324588113973
2021-07-01,0.00036070575139035554,-0.0022538316397930445,-0.0023924830027015186
