Date,Small Responsible,Small Secular,Big Responsible,Big Secular,SMB_BM
05/07/2016,-0.015574784,-0.011754944,-0.007995964,-0.010106853,-0.61
06/07/2016,0.007633322,0.005083177,0.004152941,0.004303247,0.17
07/07/2016,0.003516691,-0.000310097,-0.000971958,0.003113913,0.34
08/07/2016,0.024989314,0.022704945,0.017155146,0.015797945,0.89
11/07/2016,0.011961083,0.012313055,0.006329476,0.004482215,0.59
12/07/2016,0.012949353,0.014343758,0.005656575,0.012220741,0.61
13/07/2016,-0.005221999,0.00229226,0.002018762,-2.96E-05,-0.52
14/07/2016,0.000659003,0.001785676,0.003099827,0.00675578,-0.46
15/07/2016,0.002911411,-0.000877336,-0.002571507,-0.002088712,0.3
18/07/2016,0.002773868,0.000476245,0.001976914,0.00326983,-0.02
19/07/2016,-0.012209671,-0.003814382,-0.002413234,-0.003088096,-0.63
20/07/2016,0.009706186,0.006579792,0.007480831,0.006587728,0.45
21/07/2016,-0.003589808,-0.005202001,-0.003798031,-0.004598051,-0.05
22/07/2016,0.007436039,0.006337878,0.005991014,0.008391688,0.25
25/07/2016,-0.001764239,0.002781839,-0.002423611,0.000651466,-0.03
26/07/2016,0.007410046,0.005819377,0.006404008,0.000897602,0.57
27/07/2016,0.005024347,-0.00124215,0.000104877,-0.005657849,0.57
28/07/2016,0.00137688,-0.003105741,0.003000779,0.00141876,-0.42
29/07/2016,-0.00041234,-0.003527445,0.003445932,0.001263331,-0.02
01/08/2016,0.001114854,0.000175469,-0.000722962,-0.002175059,0.18
02/08/2016,-0.011584743,-0.012435825,-0.009727278,-0.011917599,-0.58
03/08/2016,0.011463433,0.00775637,0.00244296,0.004191454,0.47
04/08/2016,-0.004824776,0.004685211,0.004324022,0.002336625,0.09
05/08/2016,0.012818815,0.016827508,0.004848544,0.008577281,0.39
08/08/2016,-0.001212152,-0.0003116,-0.000525278,-0.001671635,0.02
09/08/2016,0.000918274,0.001555142,0.005095501,0.000974432,-0.02
10/08/2016,-0.012255783,-0.001821002,-0.002172592,-0.003254163,-0.44
11/08/2016,0.005809296,0.009891483,0.003754786,0.007818921,0.14
12/08/2016,0.000237711,-0.003471972,0.001132666,0.000729189,0.09
15/08/2016,0.007903508,0.007046871,0.004478925,0.005575564,0.73
16/08/2016,-0.007541473,-0.008558814,-0.006915118,-0.004038449,-0.26
17/08/2016,-0.003343841,-0.003586703,0.000676793,0.00081137,-0.55
18/08/2016,0.007244144,0.005585548,0.003962762,0.002170573,0.46
19/08/2016,0.002494636,-0.000451186,-0.001066854,0.000630534,0.12
22/08/2016,0.00429805,0.004720275,0.00095537,-0.000541823,0.25
23/08/2016,0.008706815,0.01165579,0.002691125,0.003553115,0.56
24/08/2016,-0.009801785,-0.009820663,-0.008651072,-0.005778272,-0.47
25/08/2016,0.001522205,0.002331381,-0.000262753,0.00020516,0.19
26/08/2016,-0.00038629,0.002512998,-0.002769532,-0.001189813,0.13
29/08/2016,0.005676114,0.01061179,0.005942615,0.004001537,-0.07
30/08/2016,0.007371891,-0.005565643,-0.003752935,-0.001161639,0.1
31/08/2016,-0.007429716,-0.0053306,-0.003543009,-0.002351935,-0.38
01/09/2016,0.001637805,0.002439627,0.005497188,0.001545291,0.13
02/09/2016,0.009747278,0.012684743,0.005961914,0.004667971,0.4
06/09/2016,0.002301665,-0.000778339,0.004596975,0.00090403,0.08
07/09/2016,0.006152375,0.013767992,-0.001320482,0.00109647,0.61
08/09/2016,-0.000736581,-0.004695526,-0.006365589,-0.002539749,-0.03
09/09/2016,-0.032654865,-0.030677857,-0.03134075,-0.022854005,-0.57
12/09/2016,0.015740938,0.01315538,0.014929041,0.014409461,0
13/09/2016,-0.018873006,-0.018937233,-0.017721857,-0.016371944,-0.26
14/09/2016,0.003383782,4.89E-05,0.001353178,-0.000894274,0.12
15/09/2016,0.014169821,0.01279737,0.012578575,0.009774341,0.3
16/09/2016,0.000302013,9.24E-05,-0.00584342,-0.003543531,0.34
19/09/2016,0.016451105,0.005780021,0.005730371,4.43E-05,0.41
20/09/2016,-0.005855288,0.000317824,-0.001285665,0.001400164,-0.22
21/09/2016,0.013098347,0.013728603,0.015331837,0.010793831,0.15
22/09/2016,0.017491856,0.014444634,0.009621404,0.007434643,0.85
23/09/2016,-0.007404854,-0.003792145,-0.007526796,-0.002221453,-0.1
26/09/2016,-0.012518933,-0.009518567,-0.005373103,-0.01018731,-0.21
27/09/2016,0.0059604,0.004393899,0.003333596,0.007633847,-0.08
28/09/2016,0.009963242,0.005323035,0.008277248,0.002142783,0.22
29/09/2016,-0.014811229,-0.010516032,-0.006892454,-0.009795921,-0.41
30/09/2016,0.013104432,0.008818621,0.006311503,0.009661104,0.37
03/10/2016,-0.003765562,0.000229934,-0.00443056,-0.000441307,-0.03
04/10/2016,-0.002408099,0.004008085,-0.0098366,-0.002877881,0.02
05/10/2016,0.009091271,0.008286596,0.002289827,0.004371661,0.27
06/10/2016,-0.003887765,-0.001370222,0.000156229,-0.003325928,-0.26
07/10/2016,-0.012627198,-0.001685127,-0.0057743,-0.003381735,-0.51
10/10/2016,0.010959287,0.012906019,0.004684462,0.003243957,0.56
11/10/2016,-0.021759182,-0.016008735,-0.016636648,-0.01184353,-0.6
12/10/2016,-0.001506617,0.001385002,0.001017172,-1.40E-05,-0.23
13/10/2016,-0.010099366,-0.012301887,-0.00215921,-0.001039238,-0.67
14/10/2016,-0.005331343,0.000763299,-3.73E-05,-0.000778646,-0.38
17/10/2016,-0.00199302,-8.35E-05,-0.001358882,-0.005197363,-0.05
18/10/2016,0.005348598,0.004387933,0.008492817,0.00849598,-0.17
19/10/2016,-0.001439453,0.00399006,0.00318337,0.003992596,0.04
20/10/2016,-0.002075726,-0.002124356,-0.003056333,0.001725049,-0.02
21/10/2016,-0.00133642,-0.002839783,-0.002918353,-0.00216401,-0.15
24/10/2016,0.004042958,0.005539964,0.004254328,0.00524241,0.06
25/10/2016,-0.013601453,-0.010398896,-0.005706135,-0.006057455,-0.6
26/10/2016,-0.003182082,-0.008487709,-0.005872103,-0.001009026,-0.85
27/10/2016,-0.013769275,-0.008813367,-0.007745562,-0.001332671,-0.95
28/10/2016,-0.001098124,-0.004018736,0.002572372,-0.000484077,-0.09
31/10/2016,0.005607871,0.006505241,0.005214694,0.002187076,0.03
01/11/2016,-0.009963711,-0.015624082,-0.010302312,-0.007163349,-0.36
02/11/2016,-0.006091363,-0.007272396,-0.007557042,-0.005280169,-0.65
03/11/2016,-0.002440256,-0.005674746,-0.004612869,-0.00780341,-0.47
04/11/2016,0.007089817,0.004041768,0.002820797,0.001434845,0.85
07/11/2016,0.024988888,0.024041092,0.021204516,0.023008343,0.19
08/11/2016,-0.001858717,0.006763475,0.005206965,0.002961546,-0.08
09/11/2016,0.032813898,0.026805483,-0.000564738,0.010918305,1.81
10/11/2016,0.02680501,0.017352151,-0.007224882,0.000399411,1.12
11/11/2016,0.025650174,0.029459645,-0.00233504,0.002740224,2.51
14/11/2016,0.014905465,0.013216396,0.00016986,0.000984574,0.58
15/11/2016,0.00029927,0.009295399,0.009032121,0.007473076,-0.55
16/11/2016,-0.001384978,0.004406018,-0.001438631,-0.000325799,0.3
17/11/2016,0.008803771,0.011293624,0.00230629,0.008862177,0.12
18/11/2016,0.001617913,0.005578754,-0.001296587,-0.004514196,0.57
21/11/2016,0.003557284,-0.00165852,0.007333107,0.005489584,-0.25
22/11/2016,0.007875174,0.008299231,0.004950844,0.002422164,0.55
23/11/2016,0.006771424,0.012228987,-0.001299824,0.000412085,0.5
25/11/2016,0.004865899,0.003916975,0.004385354,0.005338922,-0.08
28/11/2016,-0.01505794,-0.005279224,-0.004131771,-0.004719064,-0.74
29/11/2016,-0.003601731,-0.003683506,0.002294434,0.001644168,-0.36
30/11/2016,-0.009739217,-0.008666533,-0.006690256,-0.006186526,-0.38
01/12/2016,-0.011497878,-0.011972387,-0.014443174,-0.006135525,-0.68
02/12/2016,-0.001561757,0.001678356,0.003732057,-0.001549154,0.05
05/12/2016,0.019256106,0.015694036,0.00949066,0.006486387,1.07
06/12/2016,0.010192141,0.010027952,0.003065931,0.005703987,0.64
07/12/2016,0.007047813,0.012929371,0.014897451,0.016712222,-0.62
08/12/2016,0.016729357,0.01321814,0.004515581,0.00229074,1.15
09/12/2016,0.003070036,0.006100787,-7.92E-05,0.004086996,-0.28
12/12/2016,-0.014759061,-0.008480416,-0.000725377,-0.004316607,-0.93
13/12/2016,-0.001068562,0.00091582,0.005936937,0.007846927,-0.51
14/12/2016,-0.012783221,-0.010782358,-0.011865373,-0.007585121,-0.37
15/12/2016,0.006037402,0.006560205,0.002538244,0.002412737,0.38
16/12/2016,-7.51E-05,-0.002987506,-0.000104238,-0.002263808,0.06
19/12/2016,0.008057551,0.002289298,0.002652143,0.000849488,0.32
20/12/2016,0.007097837,0.009164409,0.004466228,0.005134246,0.43
21/12/2016,-0.006747217,-0.007226725,-0.002725607,-0.002360442,-0.37
22/12/2016,-0.00977106,-0.013523954,-0.002900506,-0.004145478,-0.74
23/12/2016,0.008819349,0.005520178,0.003221023,0.001900789,0.56
27/12/2016,0.002394468,0.005573059,0.00391299,0.002283658,0.21
28/12/2016,-0.010484735,-0.011574658,-0.008118536,-0.009163329,-0.27
29/12/2016,0.000854319,0.003930925,0.005583065,-0.000640972,0.14
30/12/2016,-0.005280913,-0.006043067,-0.003605556,-0.003799114,-0.11
03/01/2017,0.012317719,0.007695188,0.005407833,0.0101473,-0.13
04/01/2017,0.020489655,0.017934662,0.011856218,0.01018388,0.95
05/01/2017,-0.01183442,-0.012224289,0.003664316,-5.60E-06,-0.87
06/01/2017,-0.000554547,-0.005880695,0.002222263,0.001810828,-0.63
09/01/2017,-0.008443098,-0.004122419,-0.00225965,-0.002130108,-0.28
10/01/2017,0.013046763,0.010409212,0.003880641,0.002648748,0.98
11/01/2017,0.00574063,0.00149083,0.004603678,0.001112013,-0.31
12/01/2017,-0.007044848,-0.007152609,-0.000478571,-0.003025956,-0.57
13/01/2017,0.013406339,0.010721576,0.002489162,0.00202038,0.63
17/01/2017,-0.018204509,-0.010748276,0.000702267,-0.004146164,-0.85
18/01/2017,0.006165617,0.000563955,0.002177112,0.001252508,0.18
19/01/2017,-0.010424267,-0.009983251,-0.003596219,-0.002362358,-0.49
20/01/2017,0.005089617,0.003338581,0.006420854,0.001405784,0.05
23/01/2017,-0.006195099,-0.001593039,0.001548496,-0.004083273,-0.05
24/01/2017,0.014394326,0.01591468,0.010413827,0.008611633,0.69
25/01/2017,0.010954851,0.011130402,0.006160908,0.008398319,0.15
26/01/2017,-0.00492139,-0.00940868,-0.000469624,-0.001967763,-0.62
27/01/2017,-0.005212931,-0.002259515,-7.13E-05,-0.001369144,0.01
30/01/2017,-0.013453419,-0.010869245,-0.004999235,-0.003492193,-0.71
31/01/2017,0.008998483,0.007414024,0.002162279,-0.001897317,0.89
01/02/2017,0.000251079,0.00073186,-0.002356163,-0.001854894,-0.06
02/02/2017,-0.001505462,-0.000916143,0.004126387,0.000657807,-0.26
03/02/2017,0.010771828,0.012487453,0.006320151,0.006661006,0.54
06/02/2017,-0.007694882,-0.004525011,-0.00352897,-0.00043907,-0.58
07/02/2017,-0.003645716,-0.001176849,-0.000134948,-0.000794226,-0.3
08/02/2017,-0.004593456,0.001207873,0.005620886,0.001755129,-0.24
09/02/2017,0.014707963,0.014735367,0.005420902,0.005574185,0.71
10/02/2017,0.004147716,0.011893582,0.004063098,0.001403753,0.4
13/02/2017,0.005881736,0.000202161,0.003383405,0.00581306,-0.32
14/02/2017,0.005629075,-0.002400846,-0.001631466,0.00592946,-0.24
15/02/2017,0.01059385,0.001140133,0.004251284,0.008273641,0.18
16/02/2017,-0.000586628,-0.002902238,0.000741021,-0.002317909,-0.22
17/02/2017,0.001559593,0.001945043,0.001697718,0.005463088,0
21/02/2017,0.007207761,0.004263255,0.007161837,0.004860878,-0.03
22/02/2017,-0.005471137,-0.002327074,-0.001966363,-0.000760988,-0.38
23/02/2017,-0.002917725,-0.010705966,-0.002808238,-0.001363784,-0.66
24/02/2017,0.010357893,0.0026037,0.000764435,0.002781249,0.05
27/02/2017,0.012855129,0.005574825,0.002063765,0.001492109,0.82
28/02/2017,-0.012960548,-0.017746639,-0.006061081,-0.008613527,-1.38
01/03/2017,0.017567674,0.018734342,0.006904895,0.009497936,0.42
02/03/2017,-0.00829051,-0.008629874,-0.0070461,-0.006073262,-0.53
03/03/2017,0.001610511,-0.00356916,0.001817039,0.000528776,-0.23
06/03/2017,-0.012882294,-0.006531125,-0.003716983,-0.005344776,-0.36
07/03/2017,-0.00805359,-0.005585196,-0.002851244,-0.004861767,-0.3
08/03/2017,-0.003628148,-0.002640654,-0.0055472,-0.000485906,-0.11
09/03/2017,-0.007048511,-0.001392012,-0.001189318,-0.000116125,-0.46
10/03/2017,0.009927094,0.009385227,0.004678146,0.004040174,0.08
13/03/2017,-0.000169463,0.001480177,0.003389588,0.001011875,0.33
14/03/2017,-0.004702335,-0.00434499,-0.004460601,-0.003842971,-0.23
15/03/2017,0.015520726,0.014560622,0.013798638,0.007603331,0.75
16/03/2017,0.003431577,0.005069578,-0.001088386,0.000184254,0.45
17/03/2017,0.00054373,0.0035912,0.002341423,-0.001356498,0.62
20/03/2017,-0.005643611,-0.005859216,-0.000871075,-0.002989665,-0.08
21/03/2017,-0.029439199,-0.024354235,-0.01098583,-0.014350453,-1.33
22/03/2017,-0.000814858,-0.002763628,0.004566066,0.002389086,-0.3
23/03/2017,0.005341258,0.011204682,0.000831012,0.001256249,0.69
24/03/2017,0.002926614,1.26E-05,0.001146717,0.002345284,0.13
27/03/2017,0.004963716,0.007716646,0.000320049,0.000187835,0.56
28/03/2017,0.009123904,0.007607063,0.003388268,0.00651486,-0.16
29/03/2017,0.009006222,0.004564386,0.004560817,0.001290714,0.39
30/03/2017,0.010037818,0.006486138,-0.002163234,0.00119481,0.33
31/03/2017,0.006343258,0.002497241,0.001003542,-0.001927732,0.58
03/04/2017,-0.014394691,-0.00987459,-0.003110922,-0.002601472,-1.1
04/04/2017,-0.002969022,-0.003003302,-0.000544678,-0.001726107,-0.23
05/04/2017,-0.009390387,-0.008277056,-0.00312046,-0.003802092,-0.79
06/04/2017,0.010786398,0.008385685,0.004597345,0.003240404,0.68
07/04/2017,0.000502896,0.001020147,0.000520444,-0.000892988,0.13
10/04/2017,0.000555318,0.005271764,0.001937429,0.00120639,0.11
11/04/2017,0.006289314,0.007246991,0.000394326,-0.001036583,0.81
12/04/2017,-0.014396277,-0.011046883,-0.004990267,-0.002279121,-0.83
13/04/2017,-0.009096362,-0.013647154,-0.006639228,-0.006649028,-0.23
17/04/2017,0.010335537,0.010248374,0.010140905,0.00793902,0.23
18/04/2017,-0.000314611,-0.0021041,-0.002086357,-0.003054989,0.36
19/04/2017,0.005194789,0.006497106,9.88E-05,0.000478129,0.59
20/04/2017,0.010781572,0.014516374,0.007903622,0.008258526,0.51
21/04/2017,-0.002888772,-0.002837027,-0.00164831,-0.003119978,0.11
24/04/2017,0.01583365,0.012859754,0.009614256,0.01235633,0.18
25/04/2017,0.012366005,0.005230582,0.003138061,0.007230948,0.36
26/04/2017,0.008613518,0.007891975,-0.000753904,0.002564145,0.71
27/04/2017,-8.63E-05,-0.001710043,0.003631316,0.003235573,-0.14
28/04/2017,-0.012531954,-0.007591622,-0.00411464,-0.005319519,-0.68
01/05/2017,0.007428566,0.00778191,0.001366946,0.000982434,0.26
02/05/2017,0.00093206,-0.000262315,0.000597688,0.00158404,-0.47
03/05/2017,-0.006365675,-0.009021414,-0.00574916,-0.003604037,-0.55
04/05/2017,-0.002815488,0.002138046,0.0014751,0.00171535,-0.06
05/05/2017,0.002394815,0.007045972,0.007333635,0.005516867,0.06
08/05/2017,-0.006076092,-0.001043452,-0.002080603,-0.002256231,-0.25
09/05/2017,0.002742656,0.001521895,-0.000381288,0.002524878,0.5
10/05/2017,0.001202495,0.005602986,0.004760695,0.002474128,0.19
11/05/2017,-0.001614772,-0.007651354,-0.001720532,-0.003441676,-0.36
12/05/2017,-0.003911784,-0.004202573,-0.000579169,-0.001715497,-0.29
15/05/2017,0.007142645,0.003648647,0.006866461,0.005393638,0.26
16/05/2017,-0.000782692,-0.000160493,-0.00052989,4.92E-05,0.15
17/05/2017,-0.025341424,-0.025730983,-0.014359045,-0.020107433,-0.87
18/05/2017,0.003881919,0.003045685,0.002348377,0.003214471,0.03
19/05/2017,0.00736196,0.005709832,0.010041799,0.008653855,-0.38
22/05/2017,0.004151503,0.011994723,0.005867971,0.006316195,0.27
23/05/2017,0.001779871,-0.001083461,0.000866884,0.000271714,-0.1
24/05/2017,0.00060056,0.000772615,0.004077191,0.002755388,-0.14
25/05/2017,-0.000397874,0.001740377,0.003284856,0.004986393,-0.29
26/05/2017,-0.002807405,0.001743086,0.001138503,0.002144712,-0.02
30/05/2017,-0.007310055,-0.00661673,-0.000283274,-0.000852919,-0.5
31/05/2017,0.000755288,-0.002747977,0.001301816,0.001639367,0.03
01/06/2017,0.019113983,0.017389236,0.009297265,0.009722376,1
02/06/2017,0.007871008,0.004786348,0.006364242,0.002963471,0.54
05/06/2017,-0.005474213,-0.008792968,-0.003541705,-0.00250724,-0.46
06/06/2017,-0.001268339,-0.005585812,-0.001451103,-0.005079579,0.1
07/06/2017,0.000631117,0.002049078,0.001489733,0.001765171,-0.19
08/06/2017,0.016985463,0.016594556,-0.000457218,0.000138375,1.15
09/06/2017,0.001403571,0.003211665,-0.00595898,-0.001670133,0.02
12/06/2017,-0.000615968,2.73E-05,1.57E-05,0.001434921,-0.26
13/06/2017,0.00864125,1.68E-06,0.006994463,0.004013263,0.09
14/06/2017,-0.003538473,-0.004972373,-0.002747896,-0.001364572,-0.48
15/06/2017,-0.005518213,-0.005438015,-0.004264423,-0.0046303,-0.24
16/06/2017,-0.000669811,-0.001833385,2.02E-05,-0.003691479,-0.21
19/06/2017,0.010419991,0.005937949,0.007338066,0.008856873,0.1
20/06/2017,-0.008146059,-0.01239022,-0.008701829,-0.007589587,-0.4
21/06/2017,-0.000322117,-0.006923116,-6.36E-05,0.002560324,-0.06
22/06/2017,0.007490872,0.00755287,0.001690722,0.001369969,0.52
23/06/2017,0.008641201,0.009387454,0.002956831,0.001805279,0.83
26/06/2017,-0.000437383,0.001032669,0.000960097,0.002200896,-0.05
27/06/2017,-0.011506372,-0.007744343,-0.009562431,-0.008068646,-0.4
28/06/2017,0.018062757,0.015889952,0.010143328,0.009791003,0.74
29/06/2017,-0.007341434,-0.005818946,-0.011599862,-0.009686327,-0.11
30/06/2017,0.000881433,-0.001277005,0.002793468,0.00161025,-0.09
03/07/2017,0.006584969,0.005557683,0.000763294,0.000436998,0.35
05/07/2017,-0.006056964,-0.005629556,-0.00059771,0.002780361,-0.69
06/07/2017,-0.013580924,-0.014637133,-0.008483845,-0.009824468,-0.51
07/07/2017,0.010622656,0.013457653,0.007241654,0.005669723,0.42
10/07/2017,-0.005583617,-0.006585838,0.002855867,-0.000550844,-0.44
11/07/2017,0.002472857,0.001641189,0.001997851,-0.001130544,0.37
12/07/2017,0.010156282,0.009372884,0.009642929,0.008944031,0.12
13/07/2017,0.000715919,0.002940633,0.000923125,0.001857708,-0.08
14/07/2017,0.001599761,0.002606881,0.006277864,0.005477326,-0.13
17/07/2017,-4.97E-07,0.005885464,-0.000191297,-0.001127909,0.22
18/07/2017,-0.003902294,-0.002868809,-0.000983482,0.000426872,-0.3
19/07/2017,0.007429555,0.010244896,0.008797556,0.003551192,0.52
20/07/2017,0.00206287,0.000214984,0.000596806,0.002970438,0.05
21/07/2017,-0.002891245,3.57E-05,-0.000346731,0.001332468,-0.41
24/07/2017,0.003014516,0.002098616,-0.000590265,-0.002004152,0.1
25/07/2017,0.007813608,0.014420454,0.0004609,0.004216249,0.35
26/07/2017,-0.003742101,-0.00412133,0.003413702,-0.000388115,-0.34
27/07/2017,-0.004908772,-0.001665488,-0.001464815,0.000866086,-0.63
28/07/2017,0.00151528,-0.007256055,0.001008606,-0.0007988,-0.04
31/07/2017,-0.004833836,-0.002158501,-7.56E-05,0.001458506,-0.36
01/08/2017,0.006669778,-0.001330422,0.003593459,0.001628576,-0.2
02/08/2017,-0.018975619,-0.012890155,-0.000940683,-0.002819697,-1.17
03/08/2017,-0.00565221,-0.003440801,-0.002621518,-0.003624626,-0.33
04/08/2017,0.008496087,0.006458814,0.001563535,0.000907305,0.3
07/08/2017,0.002261989,0.001734064,0.001930158,0.001074182,-0.09
08/08/2017,4.04E-05,-0.004992273,-0.003798958,-0.002633764,-0.08
09/08/2017,-0.011969858,-0.012955906,-0.001176816,-0.002595214,-0.77
10/08/2017,-0.022162944,-0.016735962,-0.015196145,-0.014169165,-0.3
11/08/2017,0.006190828,0.001101618,0.000909931,0.002599495,0.24
14/08/2017,0.018856109,0.01041082,0.01142587,0.010308565,0.26
15/08/2017,-0.010448726,-0.011028467,-0.002866192,-0.001335625,-0.85
16/08/2017,0.001523884,0.002717098,0.00658134,0.003357678,-0.13
17/08/2017,-0.015471608,-0.017532502,-0.014120044,-0.017257028,-0.15
18/08/2017,-0.00154328,-0.003898592,-0.001694182,-0.002107234,0.13
21/08/2017,-0.005344905,-0.003733627,0.00377402,0.001246627,-0.25
22/08/2017,0.009520883,0.011403978,0.007850024,0.008926143,-0.01
23/08/2017,-0.002895012,0.001716218,-0.000483403,-0.003281338,0.1
24/08/2017,0.003658874,0.003134184,-0.002965535,-0.001050226,0.6
25/08/2017,0.000924002,0.004791626,0.001139007,0.002971962,0.13
28/08/2017,0.008155914,0.001617622,0.000291656,-0.001041636,0.36
29/08/2017,0.004819085,-0.000786926,-0.000964028,0.000730911,0.13
30/08/2017,0.00695179,0.002921576,0.004346485,0.00558637,0
31/08/2017,0.010773915,0.012202313,0.006939658,0.006933473,0.48
01/09/2017,0.009300547,0.006586551,0.00493829,0.004006146,0.41
05/09/2017,-0.010088662,-0.008995688,-0.00448029,-0.007541438,0.11
06/09/2017,0.006004328,-0.001172646,0.002585977,0.005526426,-0.03
07/09/2017,0.004377674,-0.001925857,0.002254662,-0.000604497,0.14
08/09/2017,0.003168453,-0.00058405,5.54E-05,-0.003329091,0.03
11/09/2017,0.0077895,0.012345643,0.009117103,0.012901175,-0.12
12/09/2017,0.008729111,0.00736286,0.000649932,0.005952579,0.23
13/09/2017,0.003530719,0.00263546,-0.003623972,0.000958945,0.31
14/09/2017,-0.003742179,-0.001668959,0.002009167,-0.002282723,-0.04
15/09/2017,0.008136992,0.00471524,0.003965029,0.000705929,0.27
18/09/2017,0.004616056,0.006578466,0.002884572,0.00082123,0.38
19/09/2017,-0.004822827,-0.00245208,-0.001238514,0.001608507,-0.3
20/09/2017,0.002584852,0.004888121,-0.003176239,0.000136001,0.23
21/09/2017,0.001439818,-0.001959804,-0.00260343,-0.002733013,0.11
22/09/2017,0.004689098,0.009387853,9.74E-05,0.002014123,0.43
25/09/2017,-7.08E-05,0.004411451,-0.002662248,-0.002706557,0.32
26/09/2017,0.007732976,0.005829053,-0.000355878,-0.001476165,0.39
27/09/2017,0.023205507,0.016951984,0.002840084,0.003722545,1.37
28/09/2017,0.00471874,0.002514548,0.003235125,-0.001203992,0.16
29/09/2017,0.003635704,0.000797792,0.005489673,0.003152093,-0.13
02/10/2017,0.022957525,0.011729852,0.002700061,0.003093534,-0.11
03/10/2017,0.002323431,0.000313073,0.001631399,0.006236268,-0.11
04/10/2017,-0.000768145,-0.005218243,0.002573787,-0.000745244,-0.11
05/10/2017,0.003021808,0.008305014,0.001747937,0.005128026,-0.11
06/10/2017,-0.001786793,-0.005356806,-0.00043865,-0.000161617,-0.11
09/10/2017,-0.005630242,-0.00371312,-0.000228699,-0.004381496,-0.11
10/10/2017,8.56E-05,0.00092818,0.003713123,0.006478987,-0.11
11/10/2017,-0.001562174,-0.001047764,0.002939785,0.000370358,-0.11
12/10/2017,0.001224871,-0.003210816,0.001039406,-0.004778932,-0.11
13/10/2017,-0.004887311,-0.001143285,0.002398977,0.00088519,-0.11
16/10/2017,0.002026783,-0.000649449,-0.001427533,-0.001329147,-0.11
17/10/2017,-0.002471587,-0.004771156,-0.000157707,0.000374238,-0.11
18/10/2017,0.004350222,0.005451587,0.001763649,0.001686111,-0.11
19/10/2017,-0.002019816,-0.004961016,-0.001150419,0.000736067,-0.11
20/10/2017,0.007686189,0.00892757,0.004512228,0.003788809,-0.11
23/10/2017,-0.007179913,-0.006251524,-0.001647691,-0.003661609,-0.11
24/10/2017,-0.000849977,0.003276449,0.000143777,0.001852932,-0.11
25/10/2017,-0.005305029,-0.003637822,-0.006378491,-0.007433621,-0.11
26/10/2017,0.005360491,0.001189677,-0.002816403,-0.000272946,-0.11
27/10/2017,0.009182571,0.005788758,0.005180874,-0.002331004,-0.11
30/10/2017,-0.009792068,-0.015555353,-0.002608277,-0.004018016,-0.11
31/10/2017,0.013070145,0.010961425,0.003004458,-0.000860081,-0.11
01/11/2017,-0.012111229,-0.000740942,-0.000465893,0.001919138,-0.11
02/11/2017,-0.001962053,0.010832928,0.003474555,-0.00318301,-0.11
03/11/2017,0.006152496,-0.006003915,0.002328205,0.003459584,-0.11
06/11/2017,0.004122577,0.003760603,0.007754663,0.000622439,-0.11
07/11/2017,-0.01420127,-0.010538067,-0.001317109,-0.002480449,-0.11
08/11/2017,0.006231881,0.001826468,0.003026306,0.002671389,-0.11
09/11/2017,0.000367209,-0.003099755,-0.00618561,-0.001570519,-0.11
10/11/2017,0.008775445,0.004202095,-0.000422838,0.003710971,-0.11
13/11/2017,0.001651535,0.005962173,0.000727361,0.001194771,-0.11
14/11/2017,-0.00218839,0.000567757,-0.000691307,-0.001702308,-0.11
15/11/2017,-0.004768315,-0.005680461,-0.006178325,-0.002626147,-0.11
16/11/2017,0.017920316,0.013880112,0.010061055,0.011067867,-0.11
17/11/2017,0.004303638,0.006293241,0.002392785,0.002830241,-0.11
20/11/2017,0.003494673,0.009127449,0.001470601,0.000444292,-0.11
21/11/2017,0.013669481,0.008617532,0.00638582,0.004793626,-0.11
22/11/2017,-0.000381071,0.001887425,-0.002114391,-0.000189145,-0.11
24/11/2017,0.001710977,0.004386091,0.002778788,0.001007576,-0.11
27/11/2017,-0.006043037,0.002158148,-0.003069668,-0.001147554,-0.11
28/11/2017,0.016795675,0.015302914,0.006233615,0.009918787,-0.11
29/11/2017,0.001114333,0.000372967,-0.005893379,0.001653383,-0.11
30/11/2017,0.00169817,0.003423169,0.005088796,0.00292687,-0.11
01/12/2017,-0.005627338,-0.006544089,-0.000253072,-0.001835724,-0.11
04/12/2017,-0.003978436,0.002021219,-0.005006194,0.001208376,-0.11
05/12/2017,-0.00730215,-0.007194859,-0.005759297,-0.005531894,-0.11
06/12/2017,-0.00394814,-0.005885119,-0.002178525,-0.001866095,-0.11
07/12/2017,0.00499992,0.001776761,0.007457435,0.004156737,-0.11
08/12/2017,0.002057864,0.000994561,0.004475231,0.006195989,-0.11
11/12/2017,-0.004262504,0.002703994,0.001587515,0.004858899,-0.11
12/12/2017,-0.001435523,-0.005336476,-0.002761927,0.000105339,-0.11
13/12/2017,0.004375513,0.005710974,0.001797294,0.000867187,-0.11
14/12/2017,-0.012620742,-0.011445094,-0.003905292,-0.003043291,-0.11
15/12/2017,0.017726097,0.01254291,0.005741408,0.008977623,-0.11
18/12/2017,0.010072791,0.013484236,0.009768517,0.008949705,-0.11
19/12/2017,-0.008557901,-0.003942574,-0.005192437,-0.003309925,-0.11
20/12/2017,0.003972513,0.00236335,-1.47E-05,-0.001036627,-0.11
21/12/2017,0.005439882,0.004445733,0.002133496,0.001635534,-0.11
22/12/2017,-0.001397807,-0.002294689,0.001688632,-0.000453095,-0.11
26/12/2017,-0.000105609,0.004990697,0.000721852,-0.000199663,-0.11
27/12/2017,0.00079033,-0.000811235,0.001387666,0.000171159,-0.11
28/12/2017,0.004157999,0.009967583,0.004443353,0.001444744,-0.11
29/12/2017,-0.008981739,-0.004763613,-0.003271273,-0.005736452,-0.11
02/01/2018,0.013946014,0.015492647,0.007172655,0.011956746,-0.11
03/01/2018,-0.001693933,0.003645132,0.004993794,0.005038433,-0.11
04/01/2018,-0.000227458,-0.001938798,0.002104192,0.005882105,-0.11
05/01/2018,0.008945027,0.000308428,0.004723139,0.005263888,-0.11
08/01/2018,0.003004046,0.003335895,0.00348406,0.000759094,-0.11
09/01/2018,0.002262049,-0.006385822,-0.001790838,-0.000428542,-0.11
10/01/2018,-0.00316904,0.002404804,-0.006282395,0.002434844,-0.11
11/01/2018,0.020135453,0.015951823,0.005269372,0.00985135,-0.11
12/01/2018,0.002998916,-0.001623096,0.004078319,0.005923081,-0.11
16/01/2018,-0.013666374,-0.005245265,-0.000934386,-0.004372591,-0.11
17/01/2018,0.011761981,0.007402425,0.009534313,0.008691508,-0.11
18/01/2018,-0.009202498,-0.003001179,-0.002451395,-0.000408424,-0.11
19/01/2018,0.012807693,0.017456188,0.005791079,0.005592545,-0.11
22/01/2018,0.004758568,0.004388425,0.006073088,0.005537745,-0.11
23/01/2018,0.005164088,0.006050609,0.004206489,0.001950404,-0.11
24/01/2018,-0.005264581,-0.00488638,-0.000844221,-0.00180933,-0.11
25/01/2018,0.005545308,-0.001161861,-0.0032608,-0.000822881,-0.11
26/01/2018,0.00532273,0.002589374,0.009745671,0.013772174,-0.11
29/01/2018,-0.007028385,-0.009751254,-0.008572266,-0.004670224,-0.11
30/01/2018,-0.010111229,-0.0122051,-0.008121606,-0.011084645,-0.11
31/01/2018,-0.007319215,-0.004539117,0.00241397,0.000729536,-0.11
01/02/2018,0.001565635,-0.001231076,-0.000617612,-0.001999539,-0.11
02/02/2018,-0.022387091,-0.025294101,-0.019648884,-0.01922268,-0.11
05/02/2018,-0.035554498,-0.034002971,-0.033948831,-0.03861303,-0.11
06/02/2018,0.010471073,0.01702395,0.012439518,0.013746824,-0.11
07/02/2018,0.002516493,0.004480311,-0.007700294,0.002116897,-0.11
08/02/2018,-0.029703679,-0.022166979,-0.032200694,-0.034171777,-0.11
09/02/2018,0.009278198,0.007666539,0.015318002,0.011234502,-0.11
12/02/2018,0.011580729,0.004020427,0.011490812,0.012195141,-0.11
13/02/2018,0.007363064,0.005271485,0.002030205,0.00558796,-0.11
14/02/2018,0.017382782,0.024520997,0.013618587,0.01559794,-0.11
15/02/2018,0.006793727,0.010005659,0.010384951,0.010919421,-0.11
16/02/2018,0.001632398,0.001403827,0.003249141,-0.001245307,-0.11
20/02/2018,-0.00892576,-0.009218456,-0.004338333,-0.008774991,-0.11
21/02/2018,0.001649048,0.003004274,-0.007969763,-0.004211826,-0.11
22/02/2018,-0.00106039,-0.000311899,0.001857478,-0.0012139,-0.11
23/02/2018,0.011349698,0.014613921,0.016294954,0.014100593,-0.11
26/02/2018,0.007214971,0.005952291,0.006875757,0.0098222,-0.11
27/02/2018,-0.012578678,-0.01628902,-0.013394656,-0.013819349,-0.11
28/02/2018,-0.010094962,-0.011512778,-0.011696646,-0.008973967,-0.11
01/03/2018,-0.003710212,-0.003539175,-0.006547909,-0.011107492,-0.11
02/03/2018,0.019521284,0.012326721,0.004541025,0.006213875,-0.11
05/03/2018,0.00682044,0.006058892,0.01030271,0.008496681,-0.11
06/03/2018,0.011479981,0.012860067,0.006662027,0.003010857,-0.11
07/03/2018,0.008668764,0.004727665,-0.000145666,0.001499764,-0.11
08/03/2018,0.000326886,-0.003293961,0.003802806,0.003253074,-0.11
09/03/2018,0.018435665,0.01695963,0.01217561,0.013180377,-0.11
12/03/2018,0.005092865,0.00822669,0.003433168,0.000668499,-0.11
13/03/2018,-0.004080936,-0.004592004,-0.00409556,-0.005341814,-0.11
14/03/2018,-0.004717927,-0.003387201,-0.001778703,-0.005878411,-0.11
15/03/2018,-0.003897705,-0.00495003,-0.001138771,-0.001703318,-0.11
16/03/2018,0.004843746,0.006002181,0.002959834,0.003309117,-0.11
19/03/2018,-0.007561185,-0.006929346,-0.010634729,-0.011536393,-0.11
20/03/2018,0.001338343,-0.004532307,0.001277454,-0.000467127,-0.11
21/03/2018,0.005458619,0.005067562,0.001313646,-0.002624243,-0.11
22/03/2018,-0.019889817,-0.018227166,-0.020146959,-0.021898306,-0.11
23/03/2018,-0.021891642,-0.016747815,-0.016597703,-0.01968502,-0.11
26/03/2018,0.019377937,0.017747192,0.020524504,0.022719014,-0.11
27/03/2018,-0.019540664,-0.016129094,-0.011898093,-0.014683758,-0.11
28/03/2018,0.001314021,0.000779548,-0.000456414,0.00048988,-0.11
29/03/2018,0.011275419,0.00870903,0.013570233,0.011957334,-0.11
02/04/2018,-0.029454252,-0.021087699,-0.020520162,-0.021912148,-0.11
03/04/2018,0.014007719,0.007084333,0.009949958,0.012582941,-0.11
04/04/2018,0.017217251,0.014112312,0.009734486,0.014028564,-0.11
05/04/2018,0.007739813,0.013041379,0.005007215,0.006038228,-0.11
06/04/2018,-0.018976494,-0.015760453,-0.017026721,-0.019762448,-0.11
09/04/2018,-0.000214094,-0.002439621,0.002071446,0.002916601,-0.11
10/04/2018,0.017588876,0.016075739,0.01164767,0.014355143,-0.11
11/04/2018,-0.00101175,-0.000291176,-0.003093769,-0.006125749,-0.11
12/04/2018,0.005999412,0.00494234,0.001732399,0.007133102,-0.11
13/04/2018,-0.004019508,-0.000962011,-0.00275008,-0.004556119,-0.11
16/04/2018,0.010608647,0.011503069,0.007482688,0.006440938,-0.11
17/04/2018,0.010256332,0.010593965,0.010383305,0.009788835,-0.11
18/04/2018,0.005220946,0.002301209,0.002628682,0.000776077,-0.11
19/04/2018,-0.004411978,-0.005501281,-0.012653712,-0.005767823,-0.11
20/04/2018,-0.007490131,-0.006421519,-0.005028668,-0.007981577,-0.11
23/04/2018,-0.002152064,-0.003405269,-0.003079489,0.000692151,-0.11
24/04/2018,-0.008136727,-0.000438304,-0.007396566,-0.006422783,-0.11
25/04/2018,-0.001207466,-0.004691906,-0.000124834,-0.000553364,-0.11
26/04/2018,0.002843976,0.007511377,0.007527412,0.010043731,-0.11
27/04/2018,0.002627071,-0.002684389,0.002469133,9.61E-05,-0.11
30/04/2018,-0.009340816,-0.005319073,-0.006697037,-0.007560987,-0.11
01/05/2018,0.007506787,-0.005438566,0.005378715,0.000517993,-0.11
02/05/2018,0.007097184,0.001123005,-0.006110956,-0.013647268,-0.11
03/05/2018,-0.004067582,-0.002555446,0.001441866,-0.003423818,-0.11
04/05/2018,0.01412369,0.013323705,0.012249205,0.012140717,-0.11
07/05/2018,0.010974099,0.008832888,0.003443926,0.002701834,-0.11
08/05/2018,-0.000371439,0.006543337,-0.0017882,-0.001885517,-0.11
09/05/2018,0.001343294,0.009672065,0.006839256,0.007430768,-0.11
10/05/2018,0.010259101,0.003982879,0.008164123,0.008613485,-0.11
11/05/2018,0.011982556,0.002413623,-4.89E-05,0.002502521,-0.11
14/05/2018,-0.001889729,0.000269164,0.00042345,0.001832886,-0.11
15/05/2018,0.00036193,0.001146821,-0.010256822,-0.00267236,-0.11
16/05/2018,0.012948998,0.010278482,0.003105147,0.008598173,-0.11
17/05/2018,0.006665615,0.002899427,-0.002568355,-0.001537532,-0.11
18/05/2018,0.001047755,0.004567783,-0.001310068,-0.002137941,-0.11
21/05/2018,0.008259527,0.009339243,0.00701592,0.005053264,-0.11
22/05/2018,-0.011909295,-0.005916009,-0.002442278,-0.001415975,-0.11
23/05/2018,6.51E-05,0.005235534,0.000789542,0.001022541,-0.11
24/05/2018,0.000459922,0.003310588,-0.000742453,-0.000130555,-0.11
25/05/2018,0.001007664,0.000769297,6.50E-05,-0.001917517,-0.11
29/05/2018,-0.000676146,-0.000497052,-0.009395348,-0.013371975,-0.11
30/05/2018,0.011807689,0.010168791,0.01143393,0.011904424,-0.11
31/05/2018,-0.008401792,-0.0069229,-0.006694454,-0.00760922,-0.11
01/06/2018,0.009137013,0.007543589,0.009900082,0.010019459,-0.11
04/06/2018,0.002733612,0.013835541,0.0041869,0.008255185,-0.11
05/06/2018,0.005787397,0.009365065,0.001280385,0.000529577,-0.11
06/06/2018,0.005110217,0.00721739,0.004906317,0.010902625,-0.11
07/06/2018,-0.003713808,-0.006691668,-0.002032805,-0.00102129,-0.11
08/06/2018,0.003494588,0.002604279,0.00431839,0.004979496,-0.11
11/06/2018,0.00063566,-0.00211008,0.00159704,0.004352695,-0.11
12/06/2018,0.00796104,0.005370786,0.004833502,0.003113898,-0.11
13/06/2018,0.001299414,-0.005041912,-0.005389281,-0.002880492,-0.11
14/06/2018,0.002517869,0.005588647,0.004903632,0.003714301,-0.11
15/06/2018,0.002173311,0.004545347,-0.000820084,0.003450712,-0.11
18/06/2018,0.003240934,0.005443868,-0.003708656,-0.003813074,-0.11
19/06/2018,0.002533911,-0.001007831,-0.005580455,-0.005568748,-0.11
20/06/2018,0.010721022,0.01091391,0.004595822,0.001253448,-0.11
21/06/2018,-0.012922171,-0.004130944,-0.005175212,-0.005514255,-0.11
22/06/2018,-0.00099812,-0.004838884,0.004377419,0.003211717,-0.11
25/06/2018,-0.017988062,-0.01514087,-0.013228703,-0.015851717,-0.11
26/06/2018,0.008300724,0.006188992,0.002563828,0.00115586,-0.11
27/06/2018,-0.019595124,-0.02222724,-0.010271492,-0.010906968,-0.11
28/06/2018,0.002679342,0.00663449,0.004979283,0.004326006,-0.11
29/06/2018,0.003097727,-0.005517452,0.005902037,0.001202917,-0.11
02/07/2018,0.009001994,0.008997577,-0.001101286,0.003005485,-0.11
03/07/2018,0.000785334,0.00336017,0.000105059,-0.003558784,-0.11
05/07/2018,0.008713434,0.012953624,0.010817925,0.008806706,-0.11
06/07/2018,0.009071081,0.009579692,0.008214366,0.011051656,-0.11
09/07/2018,0.008793736,0.003726344,0.003659299,0.008309468,-0.11
10/07/2018,-0.006953088,-0.008302609,0.004546067,0.002596355,-0.11
11/07/2018,-0.010284297,-0.006677322,-0.008406189,-0.008921742,-0.11
12/07/2018,0.003848384,0.000577444,0.007867272,0.008085479,-0.11
13/07/2018,-0.000495865,-0.00114754,0.000846288,0.000319166,-0.11
16/07/2018,-0.008276349,-0.005797927,-0.00424357,-0.000467979,-0.11
17/07/2018,0.007499344,0.005421456,0.003358355,0.002398333,-0.11
18/07/2018,0.001809993,0.002798822,0.002750267,0.001935728,-0.11
19/07/2018,0.006328287,0.00153785,0.001081972,-0.00246001,-0.11
20/07/2018,-0.005203548,-0.002515345,0.000144914,-0.001636173,-0.11
23/07/2018,-0.000712274,0.002102041,-0.003283106,9.67E-05,-0.11
24/07/2018,-0.013309128,-0.012984817,-0.003896586,-0.001154881,-0.11
25/07/2018,0.001624401,0.001842026,0.009011608,0.009414748,-0.11
26/07/2018,0.006532651,0.005787316,0.002436195,0.002961972,-0.11
27/07/2018,-0.018589189,-0.021233757,-0.005059292,-0.00667437,-0.11
30/07/2018,-0.008035309,-0.008100892,-0.004563565,-0.00442791,-0.11
31/07/2018,0.015385613,0.008389507,0.008711007,0.004679252,-0.11
01/08/2018,0.001422974,-0.0027603,-0.003150606,-0.00521565,-0.11
02/08/2018,0.006148794,0.007170451,0.005242637,0.004731083,-0.11
03/08/2018,-0.005369568,-0.003918827,0.005395712,0.005817486,-0.11
06/08/2018,0.00977695,0.008666163,-3.21E-05,0.004214201,-0.11
07/08/2018,0.003143748,-0.000242813,0.0008559,0.004365007,-0.11
08/08/2018,-0.005438979,-0.006106139,-0.000207189,-0.000773938,-0.11
09/08/2018,0.004015344,0.004801362,-0.002764908,-0.002214836,-0.11
10/08/2018,-0.001601266,-0.004254562,-0.01029503,-0.007763473,-0.11
13/08/2018,-0.004996274,-0.003786206,-0.004904454,-0.003538949,-0.11
14/08/2018,0.009499522,0.010992192,0.004011098,0.0074262,-0.11
15/08/2018,-0.014707034,-0.004613261,-0.00792536,-0.006463241,-0.11
16/08/2018,0.009740099,0.00789062,0.006768641,0.008339008,-0.11
17/08/2018,0.004161446,0.005542312,0.006009733,0.00406799,-0.11
20/08/2018,0.003724496,0.009679375,0.003192676,0.005593744,-0.11
21/08/2018,0.011898544,0.012313753,0.003249624,0.003694519,-0.11
22/08/2018,0.000127966,0.001685634,-0.000140583,-0.001539134,-0.11
23/08/2018,-0.003900055,-0.002007474,-0.004487488,-0.004077007,-0.11
24/08/2018,0.003510525,0.006115336,0.008042006,0.005665644,-0.11
27/08/2018,0.002797407,0.002222547,0.006440711,0.007649132,-0.11
28/08/2018,0.001795788,0.00075192,0.001410054,0.001221422,-0.11
29/08/2018,0.005295459,0.00364359,0.003589131,0.00323603,-0.11
30/08/2018,-0.00170079,-0.001577209,-0.007298906,-0.006484618,-0.11
31/08/2018,0.004796501,0.005903053,0.002914132,-0.00035237,-0.11
04/09/2018,-0.00294629,-0.001357269,-0.003529216,-0.002903898,-0.11
05/09/2018,-0.007363819,0.009936765,-1.49E-06,-0.005104002,-0.11
06/09/2018,-0.010058987,-0.008371581,-0.000659751,-0.003474445,-0.11
07/09/2018,-0.005141692,-0.003343407,-0.003921581,-0.002618238,-0.11
10/09/2018,0.001040424,0.006533922,0.003846932,0.005120984,-0.11
11/09/2018,0.000127588,0.005056719,-0.000920787,0.00077222,-0.11
12/09/2018,0.001076197,-0.002019406,-0.000447567,0.004079004,-0.11
13/09/2018,-0.00073195,-0.002811922,0.006260048,0.005035136,-0.11
14/09/2018,0.003770338,0.008017471,-0.002689306,0.001148472,-0.11
17/09/2018,-0.012948671,-5.21E-05,-0.003361225,-0.003459541,-0.11
18/09/2018,0.005489971,0.008384916,0.005787109,0.004630188,-0.11
19/09/2018,-0.004322738,-0.00228277,-0.002770279,0.001549271,-0.11
20/09/2018,0.012563029,0.020000259,0.008673455,0.009442379,-0.11
21/09/2018,-0.00386642,-0.007888158,0.000142334,-0.000363198,-0.11
24/09/2018,-0.003812409,-0.008781998,-0.006147239,-0.009355796,-0.11
25/09/2018,0.002584777,0.002596722,-0.001618808,-0.002597527,-0.11
26/09/2018,-0.009497881,-0.007833762,-0.006139618,0.000588398,-0.11
27/09/2018,0.001303874,-0.002578122,0.002024995,0.001504765,-0.11
28/09/2018,0.000346833,0.009837894,0.002716107,-0.002734125,-0.11
01/10/2018,-0.017560359,-0.005882682,5.25E-05,0.00171965,-0.11
02/10/2018,-0.007413149,-0.015510968,-0.001594827,-0.00302134,-0.11
03/10/2018,0.008606459,0.008344041,-0.001837373,0.000989532,-0.11
04/10/2018,-0.020264491,-0.010846932,-0.009646153,-0.008948467,-0.11
05/10/2018,-0.010963686,-0.00927352,-0.006940078,-0.006921788,-0.11
08/10/2018,-0.002129936,-0.00181294,-2.75E-05,0.000261584,-0.11
09/10/2018,-0.008723207,-0.005633575,-0.003786749,-0.002331394,-0.11
10/10/2018,-0.028409179,-0.027127545,-0.029355343,-0.030616398,-0.11
11/10/2018,-0.013398547,-0.015453032,-0.014202237,-0.018210075,-0.11
12/10/2018,0.003713975,0.002674838,0.012576695,0.01411866,-0.11
15/10/2018,0.005970918,0.011977058,-0.001262223,-0.000244363,-0.11
16/10/2018,0.02864095,0.019883355,0.021401419,0.021900535,-0.11
17/10/2018,-0.005614154,-0.005022301,-0.005149804,-7.29E-05,-0.11
18/10/2018,-0.021798935,-0.015560677,-0.012127568,-0.014744014,-0.11
19/10/2018,-0.011682573,-0.01850936,-0.002835551,-0.001565231,-0.11
22/10/2018,-0.002883522,-0.003357588,-0.002695992,-0.002292521,-0.11
23/10/2018,-0.004367912,-0.006984997,-0.003527202,-0.003489101,-0.11
24/10/2018,-0.042062737,-0.035012682,-0.026804202,-0.031261758,-0.11
25/10/2018,0.021615189,0.02083515,0.014826517,0.016352407,-0.11
26/10/2018,-0.009594697,-0.015137267,-0.015012364,-0.012208715,-0.11
29/10/2018,-0.005862516,-0.011696229,-0.000999098,-0.00043489,-0.11
30/10/2018,0.019618976,0.021546792,0.021343768,0.017994418,-0.11
31/10/2018,0.009010704,-0.001356726,0.005459381,0.011874524,-0.11
01/11/2018,0.031262078,0.02135704,0.01799301,0.017309379,-0.11
02/11/2018,0.000545011,0.006740648,-0.003895011,-0.00323609,-0.11
05/11/2018,-0.003424181,0.001607871,0.003822707,0.006517137,-0.11
06/11/2018,0.002771491,0.00241344,0.005033619,0.003623139,-0.11
07/11/2018,0.014972088,0.019706984,0.014989926,0.018028264,-0.11
08/11/2018,-0.001162415,-0.000527341,-0.002221966,-0.00354368,-0.11
09/11/2018,-0.024076155,-0.026200183,-0.007823302,-0.01053147,-0.11
12/11/2018,-0.02467273,-0.016854422,-0.016928992,-0.018815841,-0.11
13/11/2018,0.001471794,-0.002887496,0.003966895,0.004250685,-0.11
14/11/2018,-0.011426235,-0.011974705,-0.000831813,-0.006211338,-0.11
15/11/2018,0.010074604,0.014588503,0.009007133,0.004969352,-0.11
16/11/2018,0.003084326,0.003879765,0.002089982,0.00479956,-0.11
19/11/2018,-0.018328558,-0.021810872,-0.01454955,-0.016409948,-0.11
20/11/2018,-0.018179828,-0.015919529,-0.01495918,-0.019638913,-0.11
21/11/2018,0.019062803,0.013258601,0.008542999,0.008492714,-0.11
23/11/2018,0.002442145,0.001710032,-0.004748169,-0.002493634,-0.11
26/11/2018,0.008871716,0.006146883,0.010702626,0.015596426,-0.11
27/11/2018,-0.00722908,-0.008781216,0.001289175,0.003532361,-0.11
28/11/2018,0.030007089,0.024453436,0.019961878,0.019781132,-0.11
29/11/2018,-0.002403245,-0.001828943,-0.002802613,-0.003459102,-0.11
30/11/2018,0.009298043,0.002632113,0.00667276,0.007606591,-0.11
03/12/2018,0.006861939,0.012327367,0.012806531,0.011346196,-0.11
04/12/2018,-0.046310944,-0.043299261,-0.026911593,-0.031990098,-0.11
06/12/2018,0.002392677,-0.002574577,0.002037402,0.001078312,-0.11
07/12/2018,-0.024404663,-0.016151916,-0.019114707,-0.025315548,-0.11
10/12/2018,-0.004580543,-0.005897318,-0.001796839,-0.001129124,-0.11
11/12/2018,-0.002331375,0.001842517,0.001242935,-0.001789749,-0.11
12/12/2018,0.009176738,0.010321104,0.00769169,0.008161016,-0.11
13/12/2018,-0.017922599,-0.01930516,1.66E-05,-0.004426978,-0.11
14/12/2018,-0.015009629,-0.012159206,-0.015460686,-0.013966988,-0.11
17/12/2018,-0.018222989,-0.024725364,-0.020567281,-0.020861037,-0.11
18/12/2018,0.000208694,0.000991878,0.00335787,-0.001856291,-0.11
19/12/2018,-0.019478384,-0.018984511,-0.015834417,-0.014414896,-0.11
20/12/2018,-0.013102099,-0.020940198,-0.011537921,-0.016527552,-0.11
21/12/2018,-0.026691062,-0.026932892,-0.016700684,-0.025834959,-0.11
24/12/2018,-0.015151918,-0.014172361,-0.023755057,-0.02293441,-0.11
26/12/2018,0.047743149,0.048411854,0.039978259,0.046361894,-0.11
27/12/2018,0.002332414,0.002520137,0.006927967,0.006481141,-0.11
28/12/2018,0.006252111,0.007701815,0.000660545,0.001364827,-0.11
31/12/2018,0.006285311,0.000344818,0.005968266,0.007764686,-0.11
02/01/2019,0.015322906,0.011456259,-0.004318433,0.004173222,-0.11
03/01/2019,-0.017390724,-0.015829128,-0.017696165,-0.019677366,-0.11
04/01/2019,0.040227208,0.038805647,0.030099949,0.036910452,-0.11
07/01/2019,0.020489079,0.016308958,0.011079116,0.010253288,-0.11
08/01/2019,0.015726965,0.013625124,0.009763897,0.006705832,-0.11
09/01/2019,0.011262989,0.010268191,0.013256542,0.003534631,-0.11
10/01/2019,0.001728016,0.003644353,0.006429909,0.003096271,-0.11
11/01/2019,0.00471332,0.005863343,0.000540615,0.00368104,-0.11
14/01/2019,-0.007324882,-0.005800014,-0.006283172,-0.011768743,-0.11
15/01/2019,0.008655152,0.00454246,0.007654351,0.005464808,-0.11
16/01/2019,0.002923477,0.011322378,0.000123827,0.000831214,-0.11
17/01/2019,0.009460884,0.00969621,0.008194219,0.0066058,-0.11
18/01/2019,0.014042524,0.007561507,0.013270748,0.014623177,-0.11
22/01/2019,-0.013588164,-0.016240555,-0.013387488,-0.013560829,-0.11
23/01/2019,-0.003077213,0.001283787,-0.001280837,0.002714611,-0.11
24/01/2019,0.00896374,0.005490005,0.010514767,0.00863288,-0.11
25/01/2019,0.013097501,0.011620763,0.011520042,0.01013881,-0.11
28/01/2019,-0.005527451,-0.002495492,-0.004351523,-0.004474394,-0.11
29/01/2019,0.001290039,-0.005150254,0.002469471,0.001619477,-0.11
30/01/2019,0.012556162,0.009369055,0.012964655,0.013588491,-0.11
31/01/2019,0.008624887,0.011456452,0.011090092,0.009702011,-0.11
01/02/2019,0.001615928,0.002043309,0.002977887,0.002526602,-0.11
04/02/2019,0.009349078,0.009823322,0.004713513,0.005267564,-0.11
05/02/2019,0.005661113,0.002280226,0.003112191,0.007001088,-0.11
06/02/2019,-0.000711299,-0.002409985,0.000546948,-0.000729867,-0.11
07/02/2019,-0.013152997,-0.00928761,-0.005861493,-0.008577992,-0.11
08/02/2019,-0.002070443,-0.000349008,0.002301538,0.000725881,-0.11
11/02/2019,0.013569687,0.007194703,0.001119576,0.000536361,-0.11
12/02/2019,0.018730954,0.014212212,0.011116007,0.011293745,-0.11
13/02/2019,0.004587947,0.002798749,0.000717666,0.001959745,-0.11
14/02/2019,0.003270317,-0.000836466,0.001158438,-0.002568415,-0.11
15/02/2019,0.014686954,0.017206934,0.011033324,0.012381644,-0.11
19/02/2019,0.004098158,0.005613777,0.001574887,0.003924267,-0.11
20/02/2019,0.004497508,0.005980192,0.004402544,0.001791014,-0.11
21/02/2019,-0.001904601,-0.005168008,-0.002596017,-0.003137541,-0.11
22/02/2019,0.008220904,0.010834643,0.006352949,0.007576276,-0.11
25/02/2019,-0.00232464,-0.000554438,0.000820646,0.000965053,-0.11
26/02/2019,-0.00669037,-0.003817847,-0.002542218,0.000230801,-0.11
27/02/2019,0.004550807,0.003808046,-1.63E-05,-0.000535408,-0.11
28/02/2019,-0.009127277,-0.005643218,-0.001843263,-0.00229383,-0.11
01/03/2019,0.00914292,0.006783709,0.002431897,0.004826594,-0.11
04/03/2019,0.001187502,-0.007063738,-0.002036462,-0.007099416,-0.11
05/03/2019,-0.005900605,-0.0039355,-0.000774553,-0.001528427,-0.11
06/03/2019,-0.023274783,-0.020764605,-0.007802308,-0.008021863,-0.11
07/03/2019,-0.003676448,-0.009130624,-0.006002455,-0.007554821,-0.11
08/03/2019,-0.003874455,-0.002455322,-0.000767565,-0.002139864,-0.11
11/03/2019,0.020608878,0.013931977,0.014657879,0.012413605,-0.11
12/03/2019,0.000402251,-0.000832324,0.003574683,0.001468893,-0.11
13/03/2019,0.00509955,0.000560566,0.006161059,0.008132032,-0.11
14/03/2019,-0.004430834,-0.007407136,-0.001906883,-9.22E-05,-0.11
15/03/2019,0.001717276,-0.001460497,0.00625094,0.005495658,-0.11
18/03/2019,0.001873,0.009668437,0.003654627,0.003416955,-0.11
19/03/2019,-0.006838355,-0.005721812,-0.000328682,0.000566315,-0.11
20/03/2019,-0.011377884,-0.006669759,-0.001747778,-0.007076099,-0.11
21/03/2019,0.011883966,0.005851979,0.014100984,0.007296097,-0.11
22/03/2019,-0.036691678,-0.033728589,-0.017897202,-0.018945159,-0.11
25/03/2019,0.002431378,0.006913013,0.000801332,-0.002768447,-0.11
26/03/2019,0.008162381,0.007121755,0.008279598,0.008544205,-0.11
27/03/2019,-0.002894246,0.000330203,-0.004793781,-0.004598354,-0.11
28/03/2019,0.007357396,0.009242201,0.004455644,0.004336443,-0.11
29/03/2019,0.002954362,0.001990985,0.00539212,0.006549959,-0.11
01/04/2019,0.014450398,0.011500484,0.010707389,0.012958653,-0.11
02/04/2019,0.002394456,-0.002046076,0.001102867,-0.002076152,-0.11
03/04/2019,0.007914707,0.006291855,0.004481424,0.005049289,-0.11
04/04/2019,0.006091164,0.003251153,0.001041866,0.002853327,-0.11
05/04/2019,0.010279404,0.00752781,0.007422979,0.004596174,-0.11
08/04/2019,-0.003672389,-0.000928663,0.000905446,0.00079424,-0.11
09/04/2019,-0.011577963,-0.014316424,-0.006715959,-0.008210582,-0.11
10/04/2019,0.015040124,0.014893455,0.004922181,0.004856148,-0.11
11/04/2019,0.001404236,-0.004923453,-9.53E-05,0.000484065,-0.11
12/04/2019,0.0036698,0.000795228,0.007140873,0.007325209,-0.11
15/04/2019,-0.002104916,-0.00728111,-0.001652695,0.000913855,-0.11
16/04/2019,0.002452538,0.00398765,-0.00334532,0.001746339,-0.11
17/04/2019,-0.01323395,-0.004923457,-0.002904211,-0.001721422,-0.11
18/04/2019,0.003103374,-0.000945737,0.00239903,0.001143571,-0.11
22/04/2019,-0.005509539,-0.00607201,-0.004493266,-0.002094563,-0.11
23/04/2019,0.017584422,0.012597118,0.007170758,0.007858992,-0.11
24/04/2019,0.007671538,0.00698774,0.000942567,-0.001759557,-0.11
25/04/2019,-0.011878076,-0.011781031,-0.005674656,-0.003312697,-0.11
26/04/2019,0.012414304,0.011439167,0.003769494,0.006041341,-0.11
29/04/2019,0.005024638,0.006750212,-0.002176457,0.003499331,-0.11
30/04/2019,-0.000835476,-0.005864819,0.00682403,0.002176527,-0.11
01/05/2019,-0.005665058,-0.010224137,-0.007582424,-0.008714873,-0.11
02/05/2019,0.003091499,0.003699611,0.00218138,0.000284413,-0.11
03/05/2019,0.019888141,0.016011869,0.008224453,0.010798878,-0.11
06/05/2019,-0.002461174,-0.000650259,-0.006469203,-0.005439341,-0.11
07/05/2019,-0.020584855,-0.021158852,-0.016667822,-0.017049735,-0.11
08/05/2019,0.015008756,-0.00298079,-0.001035352,-0.0013403,-0.11
09/05/2019,-0.004147912,-0.000187163,-0.002185189,-0.001673218,-0.11
10/05/2019,0.002246249,0.000521944,0.004366348,0.002285373,-0.11
13/05/2019,-0.030899602,-0.028651887,-0.021719022,-0.026423732,-0.11
14/05/2019,0.015906966,0.011583686,0.009716283,0.010968577,-0.11
15/05/2019,0.004002433,0.002575141,0.00303239,0.004317495,-0.11
16/05/2019,0.0015269,0.004971801,0.005565766,0.008358164,-0.11
17/05/2019,-0.016673166,-0.012888008,-0.00702125,-0.006263583,-0.11
20/05/2019,-0.006931186,-0.00685598,-0.007791504,-0.005591087,-0.11
21/05/2019,0.015567375,0.010826483,0.01103206,0.010520746,-0.11
22/05/2019,-0.005734468,-0.008261609,-0.003899854,-0.002447482,-0.11
23/05/2019,-0.021457786,-0.01890416,-0.01059856,-0.013328425,-0.11
24/05/2019,0.006932405,0.009408897,0.003108158,0.00281035,-0.11
28/05/2019,-0.006608397,-0.007731669,-0.009159371,-0.010559277,-0.11
29/05/2019,-0.011066063,-0.017392179,-0.006654097,-0.008527867,-0.11
30/05/2019,-0.004388444,-0.004145262,0.004302004,-6.64E-05,-0.11
31/05/2019,-0.018711048,-0.020309869,-0.005477836,-0.015273343,-0.11
03/06/2019,0.00750935,0.003413814,0.004276497,0.002360809,-0.11
04/06/2019,0.029603699,0.026825446,0.016812003,0.027651732,-0.11
05/06/2019,0.00039237,-0.005300413,0.007345718,0.00682613,-0.11
06/06/2019,-0.009035988,-0.006719708,0.004381119,0.005744559,-0.11
07/06/2019,0.009621935,0.008251822,0.009323524,0.008886939,-0.11
10/06/2019,0.011042396,0.006892184,0.004046386,0.004078748,-0.11
11/06/2019,-0.005892728,-0.000783397,0.001851963,0.000384818,-0.11
12/06/2019,-0.001114851,-0.002069468,-0.003122622,-0.002895976,-0.11
13/06/2019,0.014775959,0.012528339,0.003893355,0.003723625,-0.11
14/06/2019,-0.007790611,-0.009367411,-0.005032878,-0.004002363,-0.11
17/06/2019,0.004065192,0.000584837,0.00060096,-0.000208889,-0.11
18/06/2019,0.032110991,0.009062823,0.012540351,0.010812086,-0.11
19/06/2019,-0.000696753,-0.002508082,0.005239705,0.005180511,-0.11
20/06/2019,0.004891347,0.005156514,0.010987367,0.007272926,-0.11
21/06/2019,-0.009730122,-0.008358196,-0.003964133,-0.002967003,-0.11
24/06/2019,-0.012982052,-0.012836245,-0.001395505,-0.004222352,-0.11
25/06/2019,-0.005576828,-0.006380227,-0.010264456,-0.007578849,-0.11
26/06/2019,0.00419253,0.000853635,-0.002242283,0.000256257,-0.11
27/06/2019,0.020543118,0.02192912,0.007011398,0.007201062,-0.11
28/06/2019,0.019180938,0.013995133,0.005214916,0.005775034,-0.11
01/07/2019,0.003868038,0.00020929,0.008327072,0.008813156,-0.11
02/07/2019,-0.006277386,-0.012186948,0.000938906,0.002564714,-0.11
03/07/2019,0.007250026,0.006981351,0.008218291,0.008451267,-0.11
05/07/2019,-0.000571801,0.006040642,-0.003916479,-0.001494034,-0.11
08/07/2019,-0.005843007,-0.01077532,-0.00443704,-0.003840006,-0.11
09/07/2019,0.002272192,-0.002526818,0.001836389,0.000847296,-0.11
10/07/2019,0.003142191,0.001216188,0.002565287,0.002770446,-0.11
11/07/2019,-0.003296819,-0.006018635,2.49E-05,0.001847718,-0.11
12/07/2019,0.012681234,0.011796332,0.004177383,0.005351812,-0.11
15/07/2019,-0.003369198,-0.004066253,-4.76E-05,-0.000167602,-0.11
16/07/2019,0.000385354,0.004275813,-0.002556734,-0.002668282,-0.11
17/07/2019,-0.006398837,-0.008916473,-0.003548642,-0.004358349,-0.11
18/07/2019,0.002415437,-0.001893167,0.005558977,0.004421305,-0.11
19/07/2019,-0.004502592,-0.002569636,-0.007935497,-0.005512342,-0.11
22/07/2019,-6.16E-05,-0.006800736,0.001891604,-0.000618373,-0.11
23/07/2019,0.006901059,0.007077895,0.006465811,0.009899029,-0.11
24/07/2019,0.023994701,0.018743124,0.006554564,0.007443286,-0.11
25/07/2019,-0.006302766,-0.012275048,-0.006656601,-0.006171096,-0.11
26/07/2019,0.011665262,0.013051786,0.000702656,0.00779172,-0.11
29/07/2019,-0.008974528,-0.003921847,-0.000855923,-0.001686209,-0.11
30/07/2019,0.013504182,0.011093376,-0.000841862,-0.007428775,-0.11
31/07/2019,0.001508986,-0.009872845,-0.011372815,-0.012176877,-0.11
01/08/2019,-0.014471078,-0.016736872,-0.007078187,-0.011697999,-0.11
02/08/2019,-0.012822999,-0.00411789,-0.009890416,-0.00700011,-0.11
05/08/2019,-0.028479143,-0.027704909,-0.025652732,-0.028293824,-0.11
06/08/2019,0.010897775,0.008374149,0.012727782,0.008522829,-0.11
07/08/2019,0.000704402,-0.002754491,0.006684891,0.001878378,-0.11
08/08/2019,0.023168402,0.022543441,0.016948337,0.016973907,-0.11
09/08/2019,-0.013336,-0.012141991,-0.007190053,-0.007588421,-0.11
12/08/2019,-0.014457294,-0.010063289,-0.009763869,-0.013863829,-0.11
13/08/2019,0.011343585,0.013380632,0.012554934,0.01361541,-0.11
14/08/2019,-0.029921935,-0.034320251,-0.025506888,-0.030919691,-0.11
15/08/2019,-0.006978907,-0.010836744,0.002681091,-0.003090592,-0.11
16/08/2019,0.022803575,0.026846616,0.014330372,0.017293276,-0.11
19/08/2019,0.009890063,0.009771199,0.009706522,0.009014398,-0.11
20/08/2019,-0.007435769,-0.005062659,-0.004980433,-0.007051505,-0.11
21/08/2019,0.011262021,0.006844542,0.006817111,0.009947315,-0.11
22/08/2019,-0.001367255,0.00034515,-0.001647498,0.000735988,-0.11
23/08/2019,-0.02950316,-0.033127587,-0.021919417,-0.02575144,-0.11
26/08/2019,0.00843559,0.012314992,0.008164751,0.012801936,-0.11
27/08/2019,-0.017100883,-0.016050038,-0.000838115,-0.006768362,-0.11
28/08/2019,0.0117807,0.01935852,0.004747359,0.007471441,-0.11
29/08/2019,0.016815617,0.014235733,0.013430247,0.012702263,-0.11
30/08/2019,0.000149979,0.001448668,0.003922023,-0.002140922,-0.11
03/09/2019,-0.017924229,-0.016390428,-0.006658406,-0.006361133,-0.11
04/09/2019,0.007974065,0.011827169,0.01278396,0.01238396,-0.11
05/09/2019,0.022095015,0.023213645,0.01266305,0.014015305,-0.11
06/09/2019,-0.002674672,0.002938403,0.003982266,0.001701343,-0.11
09/09/2019,0.013066118,0.016994407,-0.001807777,0.00745727,-0.11
10/09/2019,0.016387475,0.02238651,0.000506608,0.00315816,-0.11
11/09/2019,0.020764469,0.021284648,0.00792946,0.006746983,-0.11
12/09/2019,-0.00524708,-0.002644082,0.003880713,0.0019149,-0.11
13/09/2019,0.004381636,0.003827328,-0.002035149,-0.000570032,-0.11
16/09/2019,0.005830467,-0.0002851,9.94E-05,-0.004560006,-0.11
17/09/2019,-0.003170809,-0.003653978,0.004020865,0.002149514,-0.11
18/09/2019,-0.006778168,-0.007859233,-0.000451813,-0.001774799,-0.11
19/09/2019,-0.002261508,-0.007345402,-0.000605533,-0.001474827,-0.11
20/09/2019,-0.000342255,0.001861235,-0.001146252,-0.004379982,-0.11
23/09/2019,-0.000870021,-0.002117224,0.000518429,-0.000872948,-0.11
24/09/2019,-0.01644572,-0.011141882,-0.006951613,-0.011615273,-0.11
25/09/2019,0.012905468,0.013799684,0.004421471,0.004941918,-0.11
26/09/2019,-0.010651806,-0.011832862,0.001726836,-0.001584566,-0.11
27/09/2019,-0.006533776,-0.005679719,-0.006834477,-0.004980486,-0.11
30/09/2019,0.001864397,0.001145368,0.005086039,0.005483385,-0.11
01/10/2019,-0.022443305,-0.018942359,-0.01308839,-0.010895211,-0.11
02/10/2019,-0.010858236,-0.011033255,-0.014030902,-0.019850758,-0.11
03/10/2019,0.006532526,0.00533794,0.008923624,0.006647597,-0.11
04/10/2019,0.0117768,0.005419802,0.012167053,0.012515658,-0.11
07/10/2019,-0.003836908,-0.00368433,-0.004631766,-0.002094072,-0.11
08/10/2019,-0.017636249,-0.01639176,-0.015103348,-0.017748062,-0.11
09/10/2019,0.005125911,0.003062467,0.008080278,0.009881904,-0.11
10/10/2019,0.000759454,-0.001872019,0.005995119,0.0020957,-0.11
11/10/2019,0.017364674,0.017094172,0.012662029,0.014060059,-0.11
14/10/2019,-0.001205423,-0.006561299,-0.000929919,-0.001736496,-0.11
15/10/2019,0.013849994,0.013790698,0.008775749,0.009839312,-0.11
16/10/2019,0.001637848,0.003644668,-0.00176923,-0.001871126,-0.11
17/10/2019,0.013039105,0.012475783,0.005140367,0.002424971,-0.11
18/10/2019,-0.006778569,-0.005132247,0.000670242,-0.004229974,-0.11
21/10/2019,0.010954928,0.010540807,0.005816123,0.007649461,-0.11
22/10/2019,-0.001958593,0.004014185,-0.002380763,0.000953058,-0.11
23/10/2019,0.002909747,0.005936007,-0.000244296,0.001746527,-0.11
24/10/2019,0.002682789,-0.001781589,0.004575068,0.000487081,-0.11
25/10/2019,0.009625889,0.009387119,0.004196684,0.001342862,-0.11
28/10/2019,0.006433535,0.007700829,0.001725387,0.00159232,-0.11
29/10/2019,0.007255293,0.007201689,0.0021864,0.002660899,-0.11
30/10/2019,-0.00662082,-0.002506507,0.003288773,0.006013507,-0.11
31/10/2019,-0.007478552,-0.007540114,-0.004566736,-0.00539425,-0.11
01/11/2019,0.019198691,0.015117121,0.011110317,0.010206097,-0.11
04/11/2019,0.001776641,0.010441329,0.002432126,0.005153171,-0.11
05/11/2019,0.008654442,0.006088652,-0.005188008,0.003461943,-0.11
06/11/2019,-0.002571203,-0.005499506,0.00040386,-0.000721031,-0.11
07/11/2019,0.007774624,0.001954208,-0.001458109,0.003699762,-0.11
08/11/2019,0.006943248,0.005170975,-0.000969655,0.004763891,-0.11
11/11/2019,-0.002886275,-0.006247417,-0.00050623,-0.001320283,-0.11
12/11/2019,-2.41E-05,-0.00295167,0.000332254,0.002057203,-0.11
13/11/2019,-0.005861058,-0.005274684,0.00153692,-0.00085073,-0.11
14/11/2019,0.000800103,-0.00497224,0.001318472,0.00023161,-0.11
15/11/2019,0.003292568,0.003083404,0.00671041,0.009385838,-0.11
18/11/2019,-0.003263633,-0.006261782,-0.000244623,-0.000207519,-0.11
19/11/2019,0.001430141,0.001849411,-0.000270292,4.99E-05,-0.11
20/11/2019,-0.000155009,-0.003894685,-0.001576754,-0.003733426,-0.11
21/11/2019,-0.00527708,0.002716336,-0.005108916,-0.001496503,-0.11
22/11/2019,0.006507072,0.000487425,0.001905238,0.003909706,-0.11
25/11/2019,0.019164949,0.020911028,0.007349458,0.006869762,-0.11
26/11/2019,0.003178257,0.001016589,0.001280435,0.000882724,-0.11
27/11/2019,0.005639212,0.005262621,0.004880468,0.005128012,-0.11
29/11/2019,-0.004064799,-0.005770541,-0.004447973,-0.003513073,-0.11
02/12/2019,-0.011634986,-0.013597946,-0.008885687,-0.006957345,-0.11
03/12/2019,-0.003326468,-0.004912276,-0.004832788,-0.007140525,-0.11
04/12/2019,0.005008942,0.004749985,0.009011808,0.006593239,-0.11
05/12/2019,-0.000446963,0.004381772,0.002513896,0.00067808,-0.11
06/12/2019,0.009735918,0.01427359,0.005379492,0.008557078,-0.11
09/12/2019,-0.003535598,0.005424792,-0.002487801,-0.000143336,-0.11
10/12/2019,-0.002147082,0.000336249,-0.001363567,-0.000790659,-0.11
11/12/2019,0.002854144,-0.003536484,0.005346231,0.00118858,-0.11
12/12/2019,0.007937838,0.012632984,0.005076053,0.012041275,-0.11
13/12/2019,0.001339947,-0.007518516,3.42E-05,-0.000713838,-0.11
16/12/2019,0.007882836,0.003243251,0.006206242,0.007261227,-0.11
17/12/2019,0.004526153,6.01E-05,-0.000295079,0.001229547,-0.11
18/12/2019,0.00107118,0.006095249,0.001469473,0.002062597,-0.11
19/12/2019,0.005886082,0.006087343,0.002286026,0.00480351,-0.11
20/12/2019,0.002474135,-0.001372358,0.005098362,0.006684508,-0.11
23/12/2019,0.003136311,0.001996761,-0.00023242,0.000152043,-0.11
24/12/2019,0.001550714,0.001690755,0.00122515,0.000248073,-0.11
26/12/2019,-0.000801247,-6.79E-06,0.00210161,0.003104346,-0.11
27/12/2019,-0.007790432,-0.006461185,0.001019054,-0.000880105,-0.11
30/12/2019,-0.003283366,-0.001173753,-0.002689895,-0.006250949,-0.11
31/12/2019,0.002516279,0.006527467,0.003430617,0.002269639,-0.11
02/01/2020,0.002239288,-0.0024204,0.005296405,0.007291763,-0.11
03/01/2020,-0.003656843,-0.004026617,-0.004528317,-0.007367725,-0.11
06/01/2020,0.00247038,0.00171018,0.000441559,0.001131174,-0.11
07/01/2020,-0.003147306,-0.003024468,-0.001335339,-0.001477789,-0.11
08/01/2020,0.006359298,0.002610397,0.002674661,0.003893473,-0.11
09/01/2020,0.001307822,0.002444148,0.003484906,0.003031387,-0.11
10/01/2020,-0.003814869,-0.006090307,-0.000826934,-0.003250086,-0.11
13/01/2020,0.00928765,0.010804503,0.008552912,0.007664844,-0.11
14/01/2020,0.005418095,0.004975816,0.000546465,0.004031167,-0.11
15/01/2020,0.007920425,0.006685307,0.001774841,0.000893502,-0.11
16/01/2020,0.01728013,0.012292388,0.008839629,0.007646642,-0.11
17/01/2020,-0.005214468,-0.005343625,0.00152692,0.003416646,-0.11
21/01/2020,-0.007619785,-0.012322667,-0.001248244,-0.005450351,-0.11
22/01/2020,-0.002608528,0.000594477,-0.000225359,0.00095883,-0.11
23/01/2020,0.001718582,0.001863818,0.003682463,0.001824354,-0.11
24/01/2020,-0.013093969,-0.015477812,-0.008550743,-0.009772129,-0.11
27/01/2020,-0.011752074,-0.015166462,-0.015025275,-0.014942597,-0.11
28/01/2020,0.006931703,0.006914716,0.009329897,0.009792429,-0.11
29/01/2020,-0.007582833,-0.008273616,-0.003905721,-0.005460815,-0.11
30/01/2020,-0.002334523,-0.005584623,0.002024098,0.00268138,-0.11
31/01/2020,-0.023951186,-0.020592841,-0.018434621,-0.016841731,-0.11
03/02/2020,0.009373034,0.009490508,0.006109294,0.011093463,-0.11
04/02/2020,0.017812949,0.012907688,0.014776916,0.018080919,-0.11
05/02/2020,0.015140006,0.011629346,0.010288442,0.009491044,-0.11
06/02/2020,0.001809345,-0.001731852,0.001342208,0.004046375,-0.11
07/02/2020,-0.010676701,-0.018419078,-0.00794341,-0.00617244,-0.11
10/02/2020,0.008066115,0.003775753,0.007869447,0.006123709,-0.11
11/02/2020,0.009154081,0.008681629,0.007680135,0.003512235,-0.11
12/02/2020,0.008361112,0.005493552,0.00656896,0.008000618,-0.11
13/02/2020,0.001638632,0.001683391,0.001439263,-0.003438478,-0.11
14/02/2020,0.00031385,-0.001856381,0.002113949,-0.001576591,-0.11
18/02/2020,-0.000634623,-0.005028025,-0.002890788,-0.000552538,-0.11
19/02/2020,0.009112474,0.003674965,0.004595613,0.00650571,-0.11
20/02/2020,0.005890352,0.007432118,-0.001599085,-0.002223243,-0.11
21/02/2020,-0.011718176,-0.009385797,-0.007257394,-0.008719405,-0.11
24/02/2020,-0.030888502,-0.031897896,-0.026140452,-0.034335561,-0.11
25/02/2020,-0.038605793,-0.032864639,-0.028009881,-0.030061519,-0.11
26/02/2020,-0.011282413,-0.0176746,-0.006339604,-0.010721364,-0.11
27/02/2020,-0.035680112,-0.031194575,-0.038687285,-0.040750448,-0.11
28/02/2020,-0.004592781,-0.008100504,-0.012875779,-0.01221276,-0.11
02/03/2020,0.025182143,0.015866536,0.034217617,0.036173573,-0.11
03/03/2020,-0.008193806,-0.026457633,-0.018300738,-0.02895968,-0.11
04/03/2020,0.029870427,0.026058191,0.03701903,0.037717693,-0.11
05/03/2020,-0.032604303,-0.040345609,-0.031053465,-0.034625237,-0.11
06/03/2020,-0.014607096,-0.018174448,-0.019239916,-0.016718693,-0.11
09/03/2020,-0.098778314,-0.095032737,-0.085320744,-0.080336185,-0.11
10/03/2020,0.021033473,0.02064245,0.048985084,0.049678239,-0.11
11/03/2020,-0.056480491,-0.060857464,-0.052837193,-0.052142161,-0.11
12/03/2020,-0.119272368,-0.124496707,-0.103599566,-0.105154749,-0.11
13/03/2020,0.075783345,0.053526452,0.077910386,0.088118409,-0.11
16/03/2020,-0.148567522,-0.154775448,-0.129932858,-0.118056336,-0.11
17/03/2020,0.050949544,0.036406361,0.05378445,0.047171452,-0.11
18/03/2020,-0.118408599,-0.131392137,-0.08498507,-0.069648733,-0.11
19/03/2020,0.062891252,0.119621643,0.02238958,0.018536951,-0.11
20/03/2020,-0.01697332,-0.028996435,-0.033486133,-0.028770054,-0.11
23/03/2020,-0.013622932,-0.006311061,-0.036954764,-0.03274095,-0.11
24/03/2020,0.108581519,0.121822521,0.118945512,0.11055275,-0.11
25/03/2020,0.051314156,0.029227851,0.032606567,0.022697839,-0.11
26/03/2020,0.06292677,0.070755656,0.054797281,0.057136728,-0.11
27/03/2020,-0.043105136,-0.041046319,-0.036611343,-0.039558165,-0.11
30/03/2020,0.009670202,0.007806302,0.026158827,0.021152346,-0.11
31/03/2020,-0.001994469,-0.003478343,-0.010889457,-0.014933551,-0.11
01/04/2020,-0.073320178,-0.083369961,-0.05186621,-0.052810827,-0.11
02/04/2020,0.004622949,0.007171006,0.019610881,0.008917227,-0.11
03/04/2020,-0.037587675,-0.034811355,-0.01702698,-0.014408231,-0.11
06/04/2020,0.100651477,0.102513531,0.081476777,0.075695943,-0.11
07/04/2020,0.013822896,0.012097825,0.004100783,0.007462553,-0.11
08/04/2020,0.061946103,0.064256008,0.038710196,0.040232876,-0.11
09/04/2020,0.043767141,0.056197668,0.021669121,0.023544259,-0.11
13/04/2020,-0.025864907,-0.028309967,-0.018547638,-0.015905689,-0.11
14/04/2020,0.018467779,0.022430165,0.026492467,0.027143782,-0.11
15/04/2020,-0.051246956,-0.04387531,-0.035319664,-0.029500413,-0.11
16/04/2020,-0.012644028,-0.014176525,0.000759195,-0.00319549,-0.11
17/04/2020,0.055772034,0.051050857,0.03560045,0.035869846,-0.11
20/04/2020,-0.019162526,-0.017646522,-0.022877456,-0.019018758,-0.11
21/04/2020,-0.023015745,-0.021813649,-0.028970269,-0.032580179,-0.11
22/04/2020,0.012591508,0.003677081,0.025996179,0.016004267,-0.11
23/04/2020,0.016123176,0.011910562,-0.000284252,-0.000261893,-0.11
24/04/2020,0.016973004,0.016476633,0.011405956,0.01225781,-0.11
27/04/2020,0.048491917,0.057898,0.02418471,0.025104612,-0.11
28/04/2020,0.034811316,0.026212487,0.010373568,0.009769518,-0.11
29/04/2020,0.063432951,0.066772806,0.036777717,0.029204839,-0.11
30/04/2020,-0.038393485,-0.042856534,-0.022272464,-0.024689837,-0.11
01/05/2020,-0.038665063,-0.044124172,-0.02758553,-0.032585785,-0.11
04/05/2020,0.001063234,-0.011352016,0.001977065,-0.000357881,-0.11
05/05/2020,0.011130928,-0.005058148,0.010601924,0.002186058,-0.11
06/05/2020,-0.010226378,-0.015248089,-0.007569393,-0.008846153,-0.11
07/05/2020,0.016329366,0.021438288,0.013905734,0.014627405,-0.11
08/05/2020,0.04712024,0.042838339,0.023786571,0.026853707,-0.11
11/05/2020,-0.01067573,-0.022625498,-0.006713718,-0.007669479,-0.11
12/05/2020,-0.033907271,-0.041981735,-0.022382977,-0.02173384,-0.11
13/05/2020,-0.044820012,-0.0476015,-0.02408372,-0.027569679,-0.11
14/05/2020,0.006211055,0.008475348,0.012199231,0.013826315,-0.11
15/05/2020,0.013354582,0.032161041,-0.00014761,0.001973801,-0.11
18/05/2020,0.081765053,0.086514919,0.047926491,0.047177781,-0.11
19/05/2020,-0.016873906,-0.021554392,-0.010507278,-0.014084998,-0.11
20/05/2020,0.032865159,0.030453443,0.016358757,0.016691516,-0.11
21/05/2020,0.002724899,0.013468416,-0.007006909,-0.00618063,-0.11
22/05/2020,0.001615907,0.010290961,0.002331061,-0.00181996,-0.11
26/05/2020,0.043165337,0.038391616,0.024966827,0.031859871,-0.11
27/05/2020,0.035825817,0.048430053,0.019655231,0.028616689,-0.11
28/05/2020,-0.03155654,-0.027930333,-0.003909022,-0.012235366,-0.11
29/05/2020,-0.009544664,-0.014030099,0.001366108,-0.000415588,-0.11
01/06/2020,0.011535217,-0.000217898,0.012321128,0.011837012,-0.11
02/06/2020,0.015201682,0.00986226,0.014926015,0.010894809,-0.11
03/06/2020,0.030313675,0.04394258,0.025936102,0.026205966,-0.11
04/06/2020,0.010293222,0.017440614,-0.004538443,0.010238174,-0.11
05/06/2020,0.043427456,0.041167274,0.029988656,0.028014816,-0.11
08/06/2020,0.017902024,0.038808887,0.010013359,0.02255044,-0.11
09/06/2020,-0.015582774,-0.034363839,-0.015167728,-0.021315951,-0.11
10/06/2020,-0.027000577,-0.037868396,-0.00996333,-0.017771181,-0.11
11/06/2020,-0.082744814,-0.08584159,-0.059580129,-0.066160678,-0.11
12/06/2020,0.029605944,0.028777599,0.019689781,0.020057581,-0.11
15/06/2020,0.025526387,0.018165027,0.010653026,0.007503557,-0.11
16/06/2020,0.028291676,0.026167207,0.016823357,0.019773698,-0.11
17/06/2020,-0.021732778,-0.020925912,-0.004383472,-0.007737691,-0.11
18/06/2020,-0.00128194,-0.002055425,-0.001581899,0.000285617,-0.11
19/06/2020,-0.003772354,-0.00914432,-0.009576283,-0.007819761,-0.11
22/06/2020,0.008315596,0.006760345,0.005106753,0.000146975,-0.11
23/06/2020,0.014923331,0.006303201,0.00328311,0.001805963,-0.11
24/06/2020,-0.030219616,-0.040038307,-0.028494499,-0.02941492,-0.11
25/06/2020,0.021747998,0.008078982,0.011971637,0.009330435,-0.11
26/06/2020,-0.022714971,-0.029485457,-0.018392573,-0.025000821,-0.11
29/06/2020,0.044038159,0.039556592,0.015634365,0.020834166,-0.11
30/06/2020,0.014986539,0.014113944,0.013721753,0.009581107,-0.11
01/07/2020,-0.015653706,-0.013860372,0.000821364,-0.00159982,-0.11
02/07/2020,0.002816096,0.002561676,0.004864463,0.005356716,-0.11
06/07/2020,0.013207628,0.006492104,0.013960895,0.015580309,-0.11
07/07/2020,-0.020487518,-0.025860725,-0.014272076,-0.017447757,-0.11
08/07/2020,0.010712882,0.003521207,0.003993419,0.005242881,-0.11
09/07/2020,-0.018421511,-0.02516395,-0.007288209,-0.015825279,-0.11
10/07/2020,0.018355555,0.019374738,0.007450261,0.020016962,-0.11
13/07/2020,-0.012689369,-0.011129411,-0.007540988,-0.008130822,-0.11
14/07/2020,0.020304078,0.009788604,0.018534331,0.009762022,-0.11
15/07/2020,0.040310533,0.0469679,0.013601356,0.025819527,-0.11
16/07/2020,-0.00439288,-0.008893445,-0.002500682,-0.004008306,-0.11
17/07/2020,0.002533027,0.003343373,0.010674493,-0.001202616,-0.11
20/07/2020,-0.003560492,-0.011465423,0.002967672,-0.002537435,-0.11
21/07/2020,0.012164913,0.027486597,0.005395503,0.00796093,-0.11
22/07/2020,0.004537064,-0.004863305,0.009444687,0.003662225,-0.11
23/07/2020,0.002356331,0.001034603,-0.0073193,-0.002124176,-0.11
24/07/2020,-0.012385293,-0.012541221,-0.006068415,-0.008256895,-0.11
27/07/2020,0.015517086,0.005334487,0.013898416,0.003494191,-0.11
28/07/2020,-0.010620856,0.000526931,-0.004867522,-0.001690836,-0.11
29/07/2020,0.035891805,0.027137245,0.015846199,0.011276698,-0.11
30/07/2020,-0.004526765,-0.006915088,-0.005151881,-0.006812683,-0.11
31/07/2020,-0.01178208,-0.01903512,-0.000460634,-0.006337328,-0.11
03/08/2020,0.021350176,0.012007589,0.005778243,0.005654658,-0.11
04/08/2020,0.00437681,0.012328351,0.006596839,0.006712261,-0.11
05/08/2020,0.025827816,0.011717692,0.005071121,0.008044879,-0.11
06/08/2020,0.002783265,0.003390315,0.003077343,0.002890476,-0.11
07/08/2020,0.015791893,0.021282336,0.001314045,0.006185175,-0.11
10/08/2020,0.009754669,0.015297265,0.006517068,0.011425717,-0.11
11/08/2020,-0.007197442,0.018030548,-0.006300171,5.69E-05,-0.11
12/08/2020,0.00055331,4.20E-05,0.013409587,0.008518818,-0.11
13/08/2020,-0.00049938,-0.001291476,-0.00437579,-0.004389874,-0.11
14/08/2020,0.001422254,0.002698215,-0.002353805,0.000874277,-0.11
17/08/2020,0.004864587,-0.001509625,0.007604814,0.000543643,-0.11
18/08/2020,-0.011941265,-0.01512422,-0.002338441,-0.002427166,-0.11
19/08/2020,-0.003564878,-0.000672849,-0.006539935,-0.005972301,-0.11
20/08/2020,-0.009131285,-0.00670165,-0.00220372,-0.004262634,-0.11
21/08/2020,-0.00949277,-0.005657542,6.08E-05,0.000481324,-0.11
24/08/2020,0.01165364,0.018074868,0.009086078,0.018597869,-0.11
25/08/2020,0.000894071,0.000624778,0.003488737,0.0025605,-0.11
26/08/2020,-0.004409387,-0.004548008,0.00303888,0.003581771,-0.11
27/08/2020,-0.000292775,0.005222734,0.000442497,0.00791048,-0.11
28/08/2020,0.010751767,0.012710098,0.007646207,0.01170044,-0.11
31/08/2020,-0.011369608,-0.014913507,-0.008668874,-0.007125399,-0.11
01/09/2020,0.011844227,0.011566099,0.005990405,0.000227641,-0.11
02/09/2020,0.005141092,0.020057263,0.018812174,0.017503368,-0.11
03/09/2020,-0.034409533,-0.025474903,-0.02682215,-0.021474779,-0.11
04/09/2020,-0.005388022,-0.006197384,-0.006935618,-0.00098652,-0.11
08/09/2020,-0.017273161,-0.026340303,-0.023766708,-0.019449989,-0.11
09/09/2020,0.014126417,0.012172239,0.016896991,0.010550944,-0.11
10/09/2020,-0.009263977,-0.011596529,-0.014388532,-0.015005997,-0.11
11/09/2020,-0.003836576,-0.010354599,0.003785946,0.003339401,-0.11
14/09/2020,0.027066781,0.029452426,0.015382811,0.016780245,-0.11
15/09/2020,0.003968668,0.002897193,0.005919467,0.00214177,-0.11
16/09/2020,0.01592448,0.010942038,0.000466355,0.004858737,-0.11
17/09/2020,-0.009436848,-0.009986472,-0.00516288,-0.00663742,-0.11
18/09/2020,-0.003575874,0.000542577,-0.013410776,-0.010601331,-0.11
21/09/2020,-0.032846119,-0.039280473,-0.022595117,-0.022750127,-0.11
22/09/2020,0.006881802,0.005472606,0.008915059,0.005637721,-0.11
23/09/2020,-0.031889958,-0.037662713,-0.022397295,-0.017790838,-0.11
24/09/2020,0.003529668,0.000971988,0.004641266,-0.000500521,-0.11
25/09/2020,0.014474689,0.009886018,0.011144477,0.012741854,-0.11
28/09/2020,0.030524037,0.023906527,0.019628406,0.019055746,-0.11
29/09/2020,-0.001047114,-0.009097119,-0.004805754,-0.008045417,-0.11
30/09/2020,0.0011864,0.002650431,0.005083623,0.005530292,-0.11
01/10/2020,0.01429688,0.015717205,0.007678557,0.007516231,-0.11
02/10/2020,0.007911577,0.007042716,0.000440086,-0.001563824,-0.11
05/10/2020,0.028586085,0.019043746,0.017462771,0.016215986,-0.11
06/10/2020,-0.002804869,-0.008501857,-0.009228042,-0.011470247,-0.11
07/10/2020,0.022442137,0.018263129,0.012541324,0.019979196,-0.11
08/10/2020,0.01512234,0.016790995,0.014065318,0.012183547,-0.11
09/10/2020,0.009397123,0.004875423,0.007357233,0.002116393,-0.11
12/10/2020,0.012504607,0.008190806,0.006892624,0.007265651,-0.11
13/10/2020,-0.005254888,-0.011523891,-0.009034039,-0.007443081,-0.11
14/10/2020,-0.003291148,-0.005667804,-0.003908118,-0.007095058,-0.11
15/10/2020,0.011494263,0.008518903,-0.002406345,-0.001314959,-0.11
16/10/2020,-0.00219042,-0.003168162,-0.002599329,0.003085218,-0.11
19/10/2020,-0.009613699,-0.007292974,-0.012720378,-0.01212532,-0.11
20/10/2020,0.003664021,0.004002599,0.00587399,0.004836839,-0.11
21/10/2020,-0.012002653,-0.001787162,-0.003579239,-0.003617195,-0.11
22/10/2020,0.009500432,0.021875235,0.004704102,0.01275781,-0.11
23/10/2020,0.007565882,0.006080481,0.00506217,0.002242424,-0.11
26/10/2020,-0.025213206,-0.024431852,-0.020957911,-0.02296395,-0.11
27/10/2020,-0.015172897,-0.013155813,-0.009269977,-0.012526503,-0.11
28/10/2020,-0.024569234,-0.033391685,-0.033043095,-0.031728027,-0.11
29/10/2020,0.011482177,0.014174304,0.007962525,0.010807627,-0.11
30/10/2020,-0.014647683,-0.013802265,-0.003242173,-0.005487287,-0.11
02/11/2020,0.02350184,0.024249706,0.01830569,0.012568493,-0.11
03/11/2020,0.025015538,0.033420488,0.023461306,0.022045693,-0.11
04/11/2020,0.011994979,-0.007856677,0.01037818,0.011262274,-0.11
05/11/2020,0.026000304,0.035414038,0.018217047,0.01929923,-0.11
06/11/2020,-0.013372289,0.001297058,0.000636133,0.000940495,-0.11
09/11/2020,0.027214191,0.073071404,0.02874219,0.039754457,-0.11
10/11/2020,0.019581176,0.012777839,0.006354734,0.006518771,-0.11
11/11/2020,-0.002443554,-0.012438394,0.006704734,0.001658803,-0.11
12/11/2020,-0.012240528,-0.022378669,-0.011557579,-0.011373088,-0.11
13/11/2020,0.023883582,0.024155449,0.016313058,0.021853831,-0.11
16/11/2020,0.028897886,0.030734055,0.01865846,0.018684729,-0.11
17/11/2020,0.006242902,0.009989815,-0.002858338,-0.001461895,-0.11
18/11/2020,-0.006920386,-0.005500592,-0.010457445,-0.006402142,-0.11
19/11/2020,0.004834593,0.010653115,0.005307734,0.005573415,-0.11
20/11/2020,-0.00261633,-0.000120809,-0.00344273,-0.006801872,-0.11
23/11/2020,0.024345536,0.021133142,0.008980141,0.01310356,-0.11
24/11/2020,0.016528188,0.032532448,0.011776508,0.024260037,-0.11
25/11/2020,-0.00402161,-0.005341878,-0.003153578,-0.005536409,-0.11
27/11/2020,0.004589473,0.00577583,0.001438605,0.001553477,-0.11
30/11/2020,-0.025289766,-0.020221514,-0.007597347,-0.008859766,-0.11
01/12/2020,0.011968505,0.006334417,0.009957202,0.010074485,-0.11
02/12/2020,-0.002472273,0.005920934,-0.001890649,0.003963494,-0.11
03/12/2020,0.00878656,0.00543586,0.002859432,0.00632579,-0.11
04/12/2020,0.020430338,0.023800919,0.015350555,0.011698858,-0.11
07/12/2020,-0.002964929,-0.004005186,-0.000573923,-0.002011426,-0.11
08/12/2020,0.01032888,0.009343701,0.001680355,0.002942739,-0.11
09/12/2020,-0.005570197,-0.003169609,-0.006992798,-0.004359178,-0.11
10/12/2020,0.012695676,0.003127644,-0.000260045,0.001578114,-0.11
11/12/2020,-0.007486821,-0.008957257,-0.002694127,-0.0054889,-0.11
14/12/2020,0.000925577,-0.005295689,-0.004333891,-0.005762981,-0.11
15/12/2020,0.024266456,0.027967114,0.013890642,0.011421554,-0.11
16/12/2020,-0.003005232,-0.005315468,-0.000117279,-0.000927057,-0.11
17/12/2020,0.014956659,0.010530647,0.009579271,0.005959623,-0.11
18/12/2020,-0.000819326,-0.005331908,-0.005174897,-0.005404325,-0.11
21/12/2020,-0.006669105,-0.009266977,-0.010635635,-0.008265836,-0.11
22/12/2020,0.012434972,0.001607528,-0.000934641,-0.006937286,-0.11
23/12/2020,0.007422476,0.013770785,0.001990509,0.009173651,-0.11
24/12/2020,0.002125582,-8.79E-06,0.005783552,0.000955247,-0.11
28/12/2020,-0.002384168,0.004460481,0.002529379,0.003720703,-0.11
29/12/2020,-0.014797692,-0.01719549,-0.002762679,-0.001471178,-0.11
30/12/2020,0.010160966,0.009077343,0.005616867,0.004725657,-0.11
31/12/2020,-0.001126673,-0.000102146,0.004473854,0.005987822,-0.11
04/01/2021,-0.014351897,-0.007540256,-0.011142231,-0.011920835,-0.11
05/01/2021,0.017969585,0.023941903,0.009774511,0.009633293,-0.11
06/01/2021,0.039197409,0.051012613,0.011576484,0.016698319,-0.11
07/01/2021,0.020354364,0.009522303,0.010529584,0.008613385,-0.11
08/01/2021,-0.01432826,-0.010046099,0.001451739,0.00102598,-0.11
11/01/2021,0.003707576,0.002461419,-0.003493936,-0.001597156,-0.11
12/01/2021,0.014958602,0.015845983,0.004212735,0.001775466,-0.11
13/01/2021,-0.008154007,-0.005526977,-0.000551891,-0.002026726,-0.11
14/01/2021,0.017771222,0.024111331,0.002967851,0.003062255,-0.11
15/01/2021,-0.014610402,-0.014869392,-0.005099353,-0.009089368,-0.11
19/01/2021,0.015124348,0.007534618,0.004372054,0.004511319,-0.11
20/01/2021,0.007350446,0.004655632,0.010172081,0.0068349,-0.11
21/01/2021,-0.008442161,-0.003244804,-0.001716856,-0.003101713,-0.11
22/01/2021,0.011622401,0.013936796,-0.005732005,-0.006916446,-0.11
25/01/2021,-0.001448126,0.016765074,0.003698166,-0.000871542,-0.11
26/01/2021,-0.007232173,-0.011207551,-0.003967496,-0.000109436,-0.11
27/01/2021,-0.023430697,0.005676425,-0.020609377,-0.026802872,-0.11
28/01/2021,0.005781438,-0.007214493,0.00688751,0.015587294,-0.11
29/01/2021,-0.018966169,-0.019917903,-0.018017703,-0.021238346,-0.11
01/02/2021,0.034163089,0.01623079,0.017739038,0.007873258,-0.11
02/02/2021,0.011220226,0.017576463,0.012137216,0.018865946,-0.11
03/02/2021,7.60E-05,0.007068103,-0.000205001,0.002138381,-0.11
04/02/2021,0.017975829,0.017898034,0.008158972,0.013172374,-0.11
05/02/2021,0.00868099,0.015567309,0.003740873,0.004452177,-0.11
08/02/2021,0.027341804,0.023985755,0.012852423,0.010213205,-0.11
09/02/2021,0.004180014,0.003385706,0.000804387,-0.000524356,-0.11
10/02/2021,-0.004903978,0.003486659,0.003453978,0.002598627,-0.11
11/02/2021,0.00286267,-0.001592858,0.003931762,-0.001077033,-0.11
12/02/2021,0.002729495,-0.002209425,0.005139465,0.003158754,-0.11
16/02/2021,-0.008775655,-0.003141787,-0.00297279,0.002932733,-0.11
17/02/2021,-0.001093618,-0.008619812,-0.002596052,-0.000574535,-0.11
18/02/2021,-0.011379636,-0.016878397,-0.004925336,-0.002498483,-0.11
19/02/2021,0.021516289,0.015814999,0.003299206,0.003457217,-0.11
22/02/2021,-0.003760288,0.002059135,-0.005539409,-0.000735767,-0.11
23/02/2021,-0.010758256,-0.006901709,0.001622907,0.003020656,-0.11
24/02/2021,0.021115706,0.02835595,0.009251841,0.016177795,-0.11
25/02/2021,-0.030265347,-0.030557543,-0.024134593,-0.020570439,-0.11
26/02/2021,-0.001760704,-0.005221526,-0.007109478,-0.010535435,-0.11
01/03/2021,0.034001195,0.03292054,0.019466405,0.020564676,-0.11
02/03/2021,-0.018853234,-0.011352224,-0.002525504,-0.003660024,-0.11
03/03/2021,-0.002535359,-0.000818728,-0.011688551,-0.004274339,-0.11
04/03/2021,-0.0280959,-0.026386107,-0.016789212,-0.013489742,-0.11
05/03/2021,0.021025971,0.021013114,0.022933306,0.018445152,-0.11
08/03/2021,0.012064384,0.02648806,-0.004189237,0.006840651,-0.11
09/03/2021,0.018605898,0.014156276,0.014051541,0.005390582,-0.11
10/03/2021,0.017126333,0.016189539,0.00641146,0.009446209,-0.11
11/03/2021,0.020569173,0.016383817,0.012612642,0.005569181,-0.11
12/03/2021,0.005475928,0.009534494,0.003694794,0.004732433,-0.11
15/03/2021,0.003525329,0.002216405,0.009474947,0.010582163,-0.11
16/03/2021,-0.015108688,-0.017135162,-0.001674038,-0.004432834,-0.11
17/03/2021,0.009853137,0.0057796,0.003650132,0.006825872,-0.11
18/03/2021,-0.025005958,-0.019794787,-0.015540633,-0.010467585,-0.11
19/03/2021,0.007329723,0.008343448,0.001584957,-0.002027672,-0.11
22/03/2021,-0.00554503,-0.01315741,0.00612638,0.00168423,-0.11
23/03/2021,-0.033626839,-0.034654314,-0.00981419,-0.015716675,-0.11
24/03/2021,-0.018189289,-0.018562004,-0.001354269,-0.006070646,-0.11
25/03/2021,0.019784059,0.033422509,0.00713248,0.010481445,-0.11
26/03/2021,0.024100814,0.019402007,0.021033747,0.015675658,-0.11
29/03/2021,-0.02916807,-0.02542787,-0.006072359,-0.004012617,-0.11
30/03/2021,0.018406487,0.009755496,-0.002334916,0.002573283,-0.11
31/03/2021,0.011710585,0.008013394,0.000695967,-0.001404735,-0.11
01/04/2021,0.019331386,0.018764559,0.014075418,0.007978821,-0.11
05/04/2021,0.00268256,0.007276599,0.009096446,0.012824351,-0.11
06/04/2021,-0.002258914,-0.000420051,-0.000716107,0.000620195,-0.11
07/04/2021,-0.020098431,-0.015387962,-0.00270153,-0.002318907,-0.11
08/04/2021,0.005057077,0.005850741,0.003671864,0.002949039,-0.11
09/04/2021,0.006110722,0.000997341,0.004277915,0.00445623,-0.11
12/04/2021,-0.000973818,-0.00407433,-0.000441432,-0.000744165,-0.11
13/04/2021,-0.002510777,-0.00427757,0.001325107,-0.001900532,-0.11
14/04/2021,0.007185279,0.010496948,-0.001282946,0.000474527,-0.11
15/04/2021,0.003570779,0.003317483,0.011935152,0.006090661,-0.11
16/04/2021,0.00504906,-0.00051426,0.004131243,0.004779214,-0.11
19/04/2021,-0.011849164,-0.013130459,-0.005542552,-0.005487437,-0.11
20/04/2021,-0.018676561,-0.026805254,-0.006431553,-0.011390318,-0.11
21/04/2021,0.022357359,0.026356187,0.01433394,0.012844901,-0.11
22/04/2021,-0.003837102,-0.005150851,-0.006638489,-0.007473612,-0.11
23/04/2021,0.015071186,0.018858237,0.010587977,0.008486832,-0.11
26/04/2021,0.010215309,0.00484608,0.003022725,0.002128094,-0.11
27/04/2021,0.000564978,0.001219948,-0.000105369,0.000442677,-0.11
28/04/2021,-0.001860019,0.004794657,0.000789896,0.00016635,-0.11
29/04/2021,0.001379505,0.000529141,0.00746402,0.007909393,-0.11
30/04/2021,-0.014751035,-0.013310036,-0.009403037,-0.007229653,-0.11
03/05/2021,0.013095299,0.012106858,0.0055216,0.005894863,-0.11
04/05/2021,-0.015337842,-0.008132962,-0.004872762,-0.004890003,-0.11
05/05/2021,-0.002035632,0.002031764,0.001393426,0.002765336,-0.11
06/05/2021,0.004457494,-0.002077889,0.008022049,0.007851211,-0.11
07/05/2021,0.013247269,0.012369648,0.012339827,0.006586524,-0.11
10/05/2021,-0.024167676,-0.020834305,-0.00627917,-0.006882557,-0.11
11/05/2021,-0.007101859,-0.000191992,-0.00900234,-0.008266183,-0.11
12/05/2021,-0.031351827,-0.03409849,-0.023978288,-0.019107423,-0.11
13/05/2021,0.01990765,0.027595129,0.011613706,0.011341606,-0.11
14/05/2021,0.027156316,0.02079085,0.015384079,0.015817239,-0.11
17/05/2021,-0.001966148,0.004136,-0.001496981,0.00012775,-0.11
18/05/2021,-0.004138295,-0.004234272,-0.004940515,-0.005909091,-0.11
19/05/2021,-0.005415665,-0.007183591,-0.00304704,-0.00597608,-0.11
20/05/2021,0.008825629,0.002919318,0.014019925,0.008358533,-0.11
21/05/2021,0.001562092,0.003969301,-7.49E-05,-9.56E-05,-0.11
24/05/2021,0.007183314,0.002459515,0.006304129,0.006944586,-0.11
25/05/2021,-0.011017943,-0.011986154,-0.000809727,-0.003705668,-0.11
26/05/2021,0.019636474,0.025915776,0.002038091,0.004420468,-0.11
27/05/2021,0.008491629,0.007368326,0.003433019,0.003591782,-0.11
28/05/2021,-0.0018912,0.001136499,0.003868496,4.97E-05,-0.11
01/06/2021,0.011847288,0.010834704,0.005114582,0.001957759,-0.11
02/06/2021,-0.002723485,-0.000603314,0.004018841,0.001837383,-0.11
03/06/2021,-0.002879768,-0.009896391,-0.004614284,-0.003134502,-0.11
04/06/2021,0.001818367,0.000418959,0.008755435,0.005739683,-0.11
07/06/2021,0.010854626,0.014643981,-0.002601591,0.002910804,-0.11
08/06/2021,0.012073792,0.011661317,0.000400077,0.000569835,-0.11
09/06/2021,-0.003693259,-0.009639492,-0.003002802,-0.0050462,-0.11
10/06/2021,-0.006715883,-0.009676789,0.005587059,0.003729248,-0.11
11/06/2021,0.009265931,0.006796715,0.001156668,0.001757149,-0.11
14/06/2021,-0.005295754,-0.007099065,1.63E-06,-0.002205408,-0.11
15/06/2021,-0.001179869,-0.001405069,-0.003948913,-0.001603591,-0.11
16/06/2021,-0.00153554,-0.000517331,-0.009503132,-0.006078963,-0.11
17/06/2021,-0.010584905,-0.014612512,-0.003919456,-0.006602406,-0.11
18/06/2021,-0.017061431,-0.024542572,-0.015784065,-0.01498686,-0.11
21/06/2021,0.021455853,0.020013351,0.01607284,0.013713593,-0.11
22/06/2021,0.00290356,0.002813183,0.002104144,0.001633136,-0.11
23/06/2021,0.00281206,0.003598273,-0.002718133,0.000186774,-0.11
24/06/2021,0.014252801,0.014811092,0.005997248,0.007832881,-0.11
25/06/2021,0.000770864,0.001844753,0.005104987,0.009152132,-0.11
28/06/2021,-0.002154503,-0.001481767,-0.000152642,-0.006512841,-0.11
29/06/2021,-0.003476834,-0.002850255,0.001043696,-0.001254098,-0.11
30/06/2021,-0.001878089,0.000798332,-0.001107183,0.002668237,-0.11
,,,,,
