Date,sp500 100,Nasdaq 100 Balanced,Nasdaq 100 Screened
05/07/2016,-0.006847477,,
06/07/2016,0.005352963,0.005077933,0.005329296
07/07/2016,-0.000871578,0.000838836,0.000113883
08/07/2016,0.015253349,0.017912928,0.018577732
11/07/2016,0.003408616,0.004522357,0.004096983
12/07/2016,0.007009293,0.009971329,0.007960123
13/07/2016,0.000134768,-0.000109007,-0.000182999
14/07/2016,0.005259204,0.004396306,0.003365385
15/07/2016,-0.000928947,-0.000895932,-0.000316813
18/07/2016,0.002382295,0.002049015,0.001445508
19/07/2016,-0.001435174,-0.001969513,-0.001347867
20/07/2016,0.004270301,0.005165079,0.005422505
21/07/2016,-0.003612529,-0.00409219,-0.004208642
22/07/2016,0.004553965,0.006986282,0.00666091
25/07/2016,-0.003011475,-0.001179171,-0.002317291
26/07/2016,0.000322785,0.004344214,0.005295879
27/07/2016,-0.001198542,-0.004248384,-0.003466614
28/07/2016,0.001606209,0.002736971,0.002782789
29/07/2016,0.001631309,0.00114614,0.002999582
01/08/2016,-0.001269787,-0.001637924,-0.001801264
02/08/2016,-0.00636162,-0.008944373,-0.0076087
03/08/2016,0.003133943,0.005134721,0.005078003
04/08/2016,0.000212572,0.000671585,6.11E-05
05/08/2016,0.008603496,0.00959513,0.008552129
08/08/2016,-0.000907165,-0.000862431,-0.001011514
09/08/2016,0.000389794,0.000287811,0.001831368
10/08/2016,-0.002864686,-0.002335336,-0.001889808
11/08/2016,0.004734588,0.005703145,0.004780384
12/08/2016,-0.000796046,-0.001212789,-0.00092112
15/08/2016,0.002792909,0.005132658,0.004985386
16/08/2016,-0.005479077,-0.006398016,-0.007552152
17/08/2016,0.00186859,0.00117604,0.001126824
18/08/2016,0.002199617,0.004675681,0.006527051
19/08/2016,-0.001440272,0.000728987,0.000367792
22/08/2016,-0.000563323,4.84E-05,0.00019587
23/08/2016,0.001951769,0.003328095,0.003985853
24/08/2016,-0.005240277,-0.006242627,-0.006720797
25/08/2016,-0.001365227,0.000506699,0.000714658
26/08/2016,-0.001578817,-0.0020628,-0.00275097
29/08/2016,0.005228047,0.006046373,0.006725696
30/08/2016,-0.001953681,-0.001410198,-0.002086732
31/08/2016,-0.002375864,-0.002265188,-0.002995573
01/09/2016,-4.14E-05,0.000385895,0.000666726
02/09/2016,0.004201041,0.005425784,0.00690571
06/09/2016,0.002981679,0.000638027,0.000834752
07/09/2016,-0.000146385,0.001363854,0.000315677
08/09/2016,-0.002223014,-0.004273037,-0.005281461
09/09/2016,-0.024522069,-0.026296599,-0.0289459
12/09/2016,0.014677053,0.014783898,0.014592997
13/09/2016,-0.014830674,-0.015923054,-0.016937834
14/09/2016,-0.000587677,-0.001182882,-0.000937395
15/09/2016,0.010109273,0.010501892,0.010788572
16/09/2016,-0.003772295,-0.004548728,-0.005085639
19/09/2016,-1.86E-05,0.002554918,0.0045774
20/09/2016,0.000299138,-0.001310277,-0.002800588
21/09/2016,0.010917162,0.012785292,0.013691023
22/09/2016,0.006499785,0.008154409,0.009266612
23/09/2016,-0.005736775,-0.005338553,-0.006961619
26/09/2016,-0.008587762,-0.006736508,-0.005202905
27/09/2016,0.00644417,0.005767038,0.004338955
28/09/2016,0.005296554,0.005561104,0.007258666
29/09/2016,-0.009321411,-0.008713013,-0.008645364
30/09/2016,0.007967969,0.008367679,0.007317842
03/10/2016,-0.003260696,-0.00356767,-0.005098721
04/10/2016,-0.004955562,-0.005434656,-0.007191405
05/10/2016,0.004296691,0.003972912,0.00306135
06/10/2016,0.00048156,0.000802867,0.001970507
07/10/2016,-0.003253484,-0.005248171,-0.007003466
10/10/2016,0.004605905,0.004239297,0.004570577
11/10/2016,-0.012446472,-0.014509993,-0.015449318
12/10/2016,0.001146589,0.001885973,0.001962934
13/10/2016,-0.003099264,-0.003627853,-0.00363632
14/10/2016,0.000201604,0.000126441,0.00019761
17/10/2016,-0.003037994,-0.002284173,-0.000497865
18/10/2016,0.006160403,0.006742188,0.006267115
19/10/2016,0.002191971,0.003865283,0.003354918
20/10/2016,-0.001375724,-0.001332895,-0.002245536
21/10/2016,-8.41E-05,-0.00069141,-0.000680133
24/10/2016,0.00474984,0.004919448,0.004305135
25/10/2016,-0.003797728,-0.007339103,-0.007952406
26/10/2016,-0.001740411,-0.002161124,-0.003075118
27/10/2016,-0.002986727,-0.005244,-0.006508244
28/10/2016,-0.003108299,0.001069519,0.002145803
31/10/2016,-0.000122277,0.003454797,0.005257106
01/11/2016,-0.006786883,-0.007886727,-0.008781257
02/11/2016,-0.006525501,-0.007869444,-0.008372553
03/11/2016,-0.004423401,-0.002361212,-0.001881474
04/11/2016,-0.001666131,0.000867102,0.001489119
07/11/2016,0.022223544,0.021927602,0.020775246
08/11/2016,0.003771974,0.004395291,0.005061236
09/11/2016,0.011077021,0.011185391,0.010010664
10/11/2016,0.001950746,0.003551689,0.001405382
11/11/2016,-0.00139795,0.001380254,0.001104309
14/11/2016,-0.000115503,0.005916396,0.007528885
15/11/2016,0.007480798,0.00746091,0.007160054
16/11/2016,-0.001582264,-0.002112325,-0.001888372
17/11/2016,0.00467637,0.006794765,0.00561226
18/11/2016,-0.002386798,-0.001931617,-0.00166092
21/11/2016,0.007461401,0.006650534,0.007019745
22/11/2016,0.002165432,0.002992831,0.003490179
23/11/2016,0.000808025,0.002273684,0.002992158
25/11/2016,0.003914387,0.004184451,0.004228317
28/11/2016,-0.005254536,-0.005650364,-0.006025366
29/11/2016,0.001335293,0.001272298,0.001388588
30/11/2016,-0.002653404,-0.002996788,-0.00282691
01/12/2016,-0.003515529,-0.007020672,-0.010281882
02/12/2016,0.000397006,0.002160574,0.003237964
05/12/2016,0.005821305,0.007873805,0.008719565
06/12/2016,0.003410888,0.005509977,0.005132908
07/12/2016,0.013163242,0.014045908,0.013046531
08/12/2016,0.002159343,0.003854486,0.005397909
09/12/2016,0.005938985,0.001873748,-0.000735762
12/12/2016,-0.001137435,-0.002816448,-0.002095945
13/12/2016,0.006539775,0.004559169,0.003489003
14/12/2016,-0.008117172,-0.009471239,-0.010921801
15/12/2016,0.003883228,0.004006901,0.003922841
16/12/2016,-0.001750623,-0.002104929,-0.0010843
19/12/2016,0.001975121,0.001827445,0.002092138
20/12/2016,0.003637512,0.004028434,0.004187821
21/12/2016,-0.002457361,-0.002528974,-0.002985493
22/12/2016,-0.001862974,-0.003356779,-0.002895862
23/12/2016,0.001251715,0.002193479,0.002540924
27/12/2016,0.002248373,0.003067063,0.00360764
28/12/2016,-0.008356529,-0.009832934,-0.010939387
29/12/2016,-0.000293305,0.000860119,0.002261666
30/12/2016,-0.00463705,-0.00397646,-0.004186265
03/01/2017,0.008486575,0.007699553,0.007262484
04/01/2017,0.005722274,0.010435399,0.011187598
05/01/2017,-0.00077067,-0.002922476,-0.002695887
06/01/2017,0.003516959,0.003462896,0.003288657
09/01/2017,-0.003548594,-0.004228594,-0.004474093
10/01/2017,0,0.002320633,0.002156422
11/01/2017,0.002829638,0.003706477,0.004547536
12/01/2017,-0.002144809,-0.002360051,-0.001654545
13/01/2017,0.001849841,0.003540431,0.004728331
17/01/2017,-0.002967503,-0.003782161,-0.00368792
18/01/2017,0.001763754,0.00387002,0.004482926
19/01/2017,-0.003609309,-0.0048606,-0.005147306
20/01/2017,0.003366238,0.003986112,0.004772444
23/01/2017,-0.002690125,-0.002668653,-0.002145263
24/01/2017,0.006564594,0.010417026,0.012002862
25/01/2017,0.008026091,0.008313631,0.006854745
26/01/2017,-0.000735384,-0.002622837,-0.003975962
27/01/2017,-0.000866464,-0.001460072,-0.000571721
30/01/2017,-0.006009543,-0.005122889,-0.004750438
31/01/2017,-0.000889905,0.000827283,0.0020513
01/02/2017,0.000298364,-0.001681352,-0.002069517
02/02/2017,0.000570309,0.001769942,0.002399448
03/02/2017,0.007264758,0.008136803,0.008399643
06/02/2017,-0.002115357,-0.002213475,-0.002546125
07/02/2017,0.000226829,4.40E-05,0.000246301
08/02/2017,0.000693322,0.002229559,0.003168848
09/02/2017,0.005752546,0.007636167,0.008419085
10/02/2017,0.00356605,0.005009123,0.005681924
13/02/2017,0.005245845,0.004409518,0.003257883
14/02/2017,0.004007335,0.002291089,0.000925914
15/02/2017,0.004992309,0.005054034,0.003977027
16/02/2017,-0.000864118,-0.001698139,-0.001605155
17/02/2017,0.001678556,0.003006348,0.003025483
21/02/2017,0.006048066,0.006382648,0.007131474
22/02/2017,-0.0010822,-0.002304573,-0.003590029
23/02/2017,0.000418987,-0.001435433,-0.002169537
24/02/2017,0.001493364,0.003831873,0.004409034
27/02/2017,0.001017983,0.001598475,0.002049638
28/02/2017,-0.002578376,-0.004292172,-0.004132854
01/03/2017,0.013673855,0.012914598,0.011958475
02/03/2017,-0.00585988,-0.006784074,-0.007107318
03/03/2017,0.000503877,0.000188336,0.000432632
06/03/2017,-0.003277241,-0.004451666,-0.0045014
07/03/2017,-0.002913374,-0.003629486,-0.003822216
08/03/2017,-0.002284216,-0.002113016,-0.003540916
09/03/2017,0.000799895,-0.000986911,-0.00179848
10/03/2017,0.00326867,0.004473177,0.004564904
13/03/2017,0.000366633,0.002190651,0.002743525
14/03/2017,-0.003379027,-0.003857527,-0.004324041
15/03/2017,0.008374753,0.010855573,0.012743325
16/03/2017,-0.00162671,-0.001867736,-0.002616528
17/03/2017,-0.001314315,0.000396872,0.001909461
20/03/2017,-0.002009893,-0.002763643,-0.002379046
21/03/2017,-0.012407973,-0.014026158,-0.01422088
22/03/2017,0.001889886,0.003135506,0.003306353
23/03/2017,-0.00106027,0.000377793,7.10E-07
24/03/2017,-0.000843996,6.55E-05,-8.09E-05
27/03/2017,-0.001019587,-0.001055399,-0.001302041
28/03/2017,0.007251474,0.007561849,0.006650351
29/03/2017,0.001085325,0.00216907,0.003549882
30/03/2017,0.00293511,0.002572604,0.001688211
31/03/2017,-0.002255048,-0.000472052,9.18E-05
03/04/2017,-0.001642126,-0.003318849,-0.003723526
04/04/2017,0.000559522,-0.000704045,-0.000377093
05/04/2017,-0.003054861,-0.003598271,-0.003625752
06/04/2017,0.001929509,0.004743166,0.005221745
07/04/2017,-0.00082713,-0.000966018,-0.000595207
10/04/2017,0.000687686,0.001177684,0.001371894
11/04/2017,-0.001433879,0.000691333,0.001018605
12/04/2017,-0.003759951,-0.006254562,-0.007746463
13/04/2017,-0.006814694,-0.006646213,-0.006385127
17/04/2017,0.008613349,0.009013928,0.008993918
18/04/2017,-0.00290338,-0.00226013,-0.001545267
19/04/2017,-0.001716351,0.000767621,0.001026428
20/04/2017,0.007557263,0.007800351,0.006820971
21/04/2017,-0.003035073,-0.002428195,-0.001605255
24/04/2017,0.010840069,0.010814359,0.010173666
25/04/2017,0.006090687,0.005530337,0.005047378
26/04/2017,-0.000485703,0.000805767,0.000339688
27/04/2017,0.00055292,0.002153798,0.00204836
28/04/2017,-0.001913147,-0.005109814,-0.00602118
01/05/2017,0.001732291,0.001014457,0.000790231
02/05/2017,0.00118905,0.001277613,0.001280356
03/05/2017,-0.001271361,-0.003427461,-0.005914039
04/05/2017,0.000582103,0.002036553,0.001981252
05/05/2017,0.004088695,0.006349423,0.00793068
08/05/2017,3.74E-05,-0.002208099,-0.002472556
09/05/2017,-0.001025249,-5.14E-05,-0.001442799
10/05/2017,0.001130601,0.003330029,0.003694814
11/05/2017,-0.002162809,-0.003595834,-0.003570749
12/05/2017,-0.001478441,-0.003337083,-0.003925246
15/05/2017,0.004776514,0.007020573,0.007535099
16/05/2017,-0.000686897,-0.000657509,-0.000661654
17/05/2017,-0.018178215,-0.017297432,-0.015619799
18/05/2017,0.003686819,0.003184279,0.003121321
19/05/2017,0.0067675,0.008468606,0.00929163
22/05/2017,0.005160132,0.006200917,0.006265664
23/05/2017,0.001837872,0.001136672,0.00063091
24/05/2017,0.002489127,0.003107462,0.003657699
25/05/2017,0.004441948,0.005476936,0.005203516
26/05/2017,0.00031055,6.31E-05,-0.00055296
30/05/2017,-0.001204624,-0.001257884,-0.001777743
31/05/2017,-0.000459969,0.001270922,0.000798486
01/06/2017,0.007571113,0.010089966,0.009886085
02/06/2017,0.003707731,0.003024993,0.003035344
05/06/2017,-0.001217665,-0.00231212,-0.002690113
06/06/2017,-0.00277904,-0.003959429,-0.003868435
07/06/2017,0.001568257,0.001952221,0.001713573
08/06/2017,0.000267205,0.001584534,0.001424029
09/06/2017,-0.000829989,0.00032158,0.000196102
12/06/2017,-0.000978763,0.000269302,0.000266485
13/06/2017,0.004511505,0.006501906,0.007448242
14/06/2017,-0.000995831,-0.001786285,-0.002840102
15/06/2017,-0.002239598,-0.001785386,-0.001846022
16/06/2017,0.000283639,-0.000292652,0.000424178
19/06/2017,0.008347229,0.007863414,0.006914235
20/06/2017,-0.006696638,-0.008003408,-0.008579623
21/06/2017,-0.000582644,-0.001984255,-0.002679906
22/06/2017,-0.000455782,6.63E-05,-0.000221493
23/06/2017,0.001560916,0.002564085,0.00330947
26/06/2017,0.000315802,0.001794648,0.001509
27/06/2017,-0.008072825,-0.008264182,-0.008721774
28/06/2017,0.008808066,0.008436385,0.008220155
29/06/2017,-0.008600023,-0.008676903,-0.008792749
30/06/2017,0.001533232,0.002947048,0.003891338
03/07/2017,0.002310834,0.002351128,0.002568624
05/07/2017,0.001453279,7.00E-05,-0.001219592
06/07/2017,-0.009368824,-0.010122705,-0.010466137
07/07/2017,0.006403126,0.007918434,0.008141899
10/07/2017,0.000927766,0.000307962,0.000311267
11/07/2017,-0.000782681,-0.000710669,0.000231245
12/07/2017,0.007305608,0.008245801,0.007426625
13/07/2017,0.001874584,0.001401251,0.001182034
14/07/2017,0.004673503,0.004601885,0.004644443
17/07/2017,-5.29E-05,0.000827084,0.001258491
18/07/2017,0.000597857,-0.000780922,-0.001198017
19/07/2017,0.005372639,0.006011443,0.007401964
20/07/2017,-0.000153659,-0.000644638,-0.001953742
21/07/2017,-0.000367872,0.000807086,0.000902227
24/07/2017,-0.001063735,-0.000109456,0.000373638
25/07/2017,0.002923172,0.002985319,0.003702473
26/07/2017,0.000282664,-0.001997951,-0.001441961
27/07/2017,-0.000972688,-0.003078734,-0.003087474
28/07/2017,-0.001341115,-2.03E-05,0.00037587
31/07/2017,-0.000728146,-0.000969098,-0.001839781
01/08/2017,0.002449115,0.001976253,0.001191576
02/08/2017,0.000492648,-0.001671105,-0.002287996
03/08/2017,-0.002183654,-0.001084908,-0.001009946
04/08/2017,0.001889104,0.003043102,0.003653585
07/08/2017,0.0016472,0.001542536,0.00180498
08/08/2017,-0.002414433,-0.002973849,-0.003900604
09/08/2017,-0.000363609,-0.001105689,-0.001309155
10/08/2017,-0.014474442,-0.014431536,-0.014843641
11/08/2017,0.00127557,0.001501988,0.001142191
14/08/2017,0.010043755,0.010344244,0.010328149
15/08/2017,-0.000498808,-0.001694257,-0.002058165
16/08/2017,0.001420103,0.003413483,0.003840257
17/08/2017,-0.015436952,-0.015336166,-0.014681196
18/08/2017,-0.001835367,-0.001362623,-0.000657986
21/08/2017,0.001162651,0.000876904,0.000572721
22/08/2017,0.00994078,0.010031279,0.010148063
23/08/2017,-0.003453593,-0.003242759,-0.002343821
24/08/2017,-0.002074462,-0.001326146,-0.001192666
25/08/2017,0.001672869,0.002715724,0.002415442
28/08/2017,0.000487072,-0.000877735,-0.000993935
29/08/2017,0.000842822,-0.00099674,-0.002006507
30/08/2017,0.004615149,0.005637787,0.006505609
31/08/2017,0.005720976,0.006454999,0.006636759
01/09/2017,0.001982541,0.00317967,0.003515461
05/09/2017,-0.007550807,-0.006934635,-0.005260545
06/09/2017,0.003128727,0.003087001,0.002856761
07/09/2017,-0.000178436,0.000295483,0.001131879
08/09/2017,-0.001488851,0.001526663,0.00184726
11/09/2017,0.010839299,0.010771427,0.009418108
12/09/2017,0.003363948,0.003418498,0.001798112
13/09/2017,0.000757121,-0.000993192,-0.00186073
14/09/2017,-0.001100718,-0.0003633,0.000382117
15/09/2017,0.001847181,0.002616871,0.004004442
18/09/2017,0.001455921,0.002603638,0.00266116
19/09/2017,0.001110195,-5.28E-05,-0.001228201
20/09/2017,0.000634348,0.001060893,0.001220182
21/09/2017,-0.003045917,-0.002133984,-0.002038808
22/09/2017,0.000647794,0.002132276,0.001978376
25/09/2017,-0.00222205,-0.001336428,-0.000294028
26/09/2017,7.22E-05,0.00015474,0.000653648
27/09/2017,0.004085144,0.004756038,0.004968371
28/09/2017,0.001204616,0.000974642,0.00081837
29/09/2017,0.00370511,0.004371934,0.005034836
02/10/2017,0.003874004,0.004461416,0.004327717
03/10/2017,0.002158838,0.00197098,0.001083801
04/10/2017,0.00124672,0.002453825,0.003003901
05/10/2017,0.005646787,0.004156274,0.003216897
06/10/2017,-0.001073634,-0.000890543,-0.001195606
09/10/2017,-0.001804434,-0.003054162,-0.002657914
10/10/2017,0.002322413,0.002626282,0.001374356
11/10/2017,0.001803507,0.001175036,0.001640324
12/10/2017,-0.001686753,0.000970613,0.00260687
13/10/2017,0.000878107,0.00106024,0.000153479
16/10/2017,0.001750753,0.000501722,0.000180872
17/10/2017,0.000672579,-0.000711229,-0.000651464
18/10/2017,0.000742335,0.001649394,0.001302672
19/10/2017,0.000327998,0.001281172,0.001665864
20/10/2017,0.005116843,0.00668846,0.006795447
23/10/2017,-0.003972484,-0.003002321,-0.003181354
24/10/2017,0.001617909,0.001668192,0.000982888
25/10/2017,-0.00466305,-0.006545169,-0.006236327
26/10/2017,0.001270946,0.003921614,0.004813785
27/10/2017,0.008073022,0.003021381,0.005157453
30/10/2017,-0.00319247,-0.004608023,-0.003167534
31/10/2017,0.000944459,0.002841288,0.004064694
01/11/2017,0.00159211,-0.000432528,-0.000775871
02/11/2017,0.000189966,0.000600361,0.000652307
03/11/2017,0.003097075,0.002883106,0.002362788
06/11/2017,0.001271251,0.001625403,0.003175999
07/11/2017,-0.000189103,-0.000787339,-0.000542572
08/11/2017,0.001443655,0.003128729,0.004005794
09/11/2017,-0.003761888,-0.00440395,-0.005025187
10/11/2017,-0.000897644,0.000844306,0.000877085
13/11/2017,0.000983634,0.003021706,0.003676268
14/11/2017,-0.002309609,0.000337757,-6.98E-05
15/11/2017,-0.005525676,-0.005270897,-0.005727769
16/11/2017,0.008196058,0.00918487,0.009342886
17/11/2017,-0.002625963,0.000747026,0.000962214
20/11/2017,0.001275683,0.0019874,0.001775783
21/11/2017,0.006541139,0.004860902,0.005148927
22/11/2017,-0.000750261,-0.000736822,-0.000190866
24/11/2017,0.002056095,0.001642752,0.001905384
27/11/2017,-0.000384258,-0.001006364,-0.000795248
28/11/2017,0.009848513,0.010815026,0.009834838
29/11/2017,-0.000369226,0.002109019,0.001542085
30/11/2017,0.008190951,0.007596109,0.008368085
01/12/2017,-0.002024531,-0.002608201,-0.003151073
04/12/2017,-0.001052157,-5.95E-05,-0.001819544
05/12/2017,-0.003739382,-0.005415721,-0.005222153
06/12/2017,-0.000114105,-0.001161561,-0.001471438
07/12/2017,0.002932358,0.005382005,0.006543844
08/12/2017,0.005506306,0.005685103,0.005859569
11/12/2017,0.003201957,0.000951938,-0.000176678
12/12/2017,0.001548922,-0.001006999,-0.001977256
13/12/2017,-0.000472957,-0.000303163,0.00065941
14/12/2017,-0.004070859,-0.005259414,-0.005782641
15/12/2017,0.008974344,0.009905635,0.009459742
18/12/2017,0.005362807,0.006768255,0.00735194
19/12/2017,-0.003230269,-0.002717061,-0.003734221
20/12/2017,-0.000827893,-0.000384514,0.000215693
21/12/2017,0.001985656,0.001533102,0.001667489
22/12/2017,-0.000458166,0.000148351,0.001114254
26/12/2017,-0.001058415,5.19E-05,0.000619303
27/12/2017,0.000790941,0.000824843,0.000726244
28/12/2017,0.001833999,0.00259718,0.00321033
29/12/2017,-0.005183153,-0.004954954,-0.004593305
02/01/2018,0.008303362,0.0070714,0.006697942
03/01/2018,0.006398819,0.005527694,0.005724996
04/01/2018,0.004028636,0.003348594,0.002351993
05/01/2018,0.007033767,0.005929479,0.005583878
08/01/2018,0.001662344,0.003857803,0.005070575
09/01/2018,0.001302932,0.000393499,-0.001220639
10/01/2018,-0.001112227,-0.002916128,-0.005302143
11/01/2018,0.007033647,0.008484436,0.008748378
12/01/2018,0.006749603,0.005415003,0.00425784
16/01/2018,-0.003524487,-0.005558665,-0.005745164
17/01/2018,0.009415052,0.008981709,0.008874543
18/01/2018,-0.00161639,-0.002089307,-0.001840635
19/01/2018,0.004385235,0.006867475,0.007327513
22/01/2018,0.008066727,0.005704139,0.005313553
23/01/2018,0.002174365,0.003268352,0.004332996
24/01/2018,-0.000559976,-0.000467272,-0.000161665
25/01/2018,0.000602621,-0.00040574,-0.00122901
26/01/2018,0.011841196,0.009951769,0.009340375
29/01/2018,-0.006731974,-0.006872693,-0.008084616
30/01/2018,-0.010898815,-0.00924947,-0.008941526
31/01/2018,0.000488985,0.000654397,0.001051553
01/02/2018,-0.000648089,-0.001388941,-0.002834013
02/02/2018,-0.021208548,-0.019715844,-0.019691006
05/02/2018,-0.040979225,-0.035898996,-0.033987055
06/02/2018,0.017440921,0.012913877,0.011645494
07/02/2018,-0.005001589,-0.002236533,-0.003213891
08/02/2018,-0.03753642,-0.034964212,-0.034260479
09/02/2018,0.01493609,0.014004399,0.015144223
12/02/2018,0.013914585,0.01255561,0.012887871
13/02/2018,0.00261293,0.003571905,0.002887672
14/02/2018,0.013402458,0.0147854,0.014534619
15/02/2018,0.012069113,0.011033549,0.011086223
16/02/2018,0.00037347,0.000745202,0.00123705
20/02/2018,-0.005841389,-0.005358138,-0.004360721
21/02/2018,-0.005496503,-0.005244447,-0.006041225
22/02/2018,0.000973551,-6.92E-05,0.000949588
23/02/2018,0.016028376,0.015433726,0.014813328
26/02/2018,0.011757015,0.00774068,0.006319221
27/02/2018,-0.012706889,-0.012071613,-0.011191372
28/02/2018,-0.011095789,-0.009548783,-0.009944721
01/03/2018,-0.013324399,-0.009991856,-0.00870833
02/03/2018,0.005071603,0.006921549,0.007360956
05/03/2018,0.011032026,0.011404344,0.0121091
06/03/2018,0.002638859,0.005651403,0.007060971
07/03/2018,-0.000483875,2.28E-05,-0.001064533
08/03/2018,0.004463078,0.004297021,0.003471754
09/03/2018,0.017378831,0.016191618,0.016043758
12/03/2018,-0.001273985,-0.000875144,6.83E-05
13/03/2018,-0.006363577,-0.004255623,-0.003653299
14/03/2018,-0.005724522,-0.004942411,-0.004438456
15/03/2018,-0.00078193,-0.001905559,-0.002645125
16/03/2018,0.001703447,0.004126226,0.004919501
19/03/2018,-0.014204195,-0.011181767,-0.010641968
20/03/2018,0.001481805,0.001601336,0.002272685
21/03/2018,-0.00184399,-0.000353262,0.001611761
22/03/2018,-0.025162889,-0.022809022,-0.021108151
23/03/2018,-0.02096688,-0.019311596,-0.017733605
26/03/2018,0.027157256,0.023660547,0.022888782
27/03/2018,-0.017276309,-0.012940258,-0.012488217
28/03/2018,-0.002916657,-0.002268341,-0.003297963
29/03/2018,0.013769719,0.012998341,0.01305348
02/04/2018,-0.022337423,-0.021825022,-0.021444238
03/04/2018,0.012614866,0.011893066,0.010804251
04/04/2018,0.011566483,0.011391175,0.010975486
05/04/2018,0.006862864,0.006311525,0.005751477
06/04/2018,-0.021920249,-0.021552116,-0.021563566
09/04/2018,0.003336549,0.001672135,0.001294065
10/04/2018,0.016726954,0.015046816,0.015598873
11/04/2018,-0.005525365,-0.004793465,-0.003708192
12/04/2018,0.00825075,0.006157645,0.003971335
13/04/2018,-0.002886625,-0.002839055,-0.002117795
16/04/2018,0.008109038,0.010277799,0.010539237
17/04/2018,0.010661505,0.009578764,0.010418082
18/04/2018,0.000831366,0.002413824,0.003332855
19/04/2018,-0.005726125,-0.006651396,-0.008447199
20/04/2018,-0.008536532,-0.007106897,-0.006835184
23/04/2018,5.62E-05,0.000907313,0.000947477
24/04/2018,-0.013380561,-0.010627787,-0.010493987
25/04/2018,0.001837059,0.0013723,0.000695936
26/04/2018,0.010434205,0.007881828,0.007421618
27/04/2018,0.001113625,0.002336551,0.003274565
30/04/2018,-0.008187491,-0.008914847,-0.00867428
01/05/2018,0.002549045,0.001382985,0.003326696
02/05/2018,-0.007205864,-0.007986773,-0.004887374
03/05/2018,-0.002253674,-0.001575864,0.000518588
04/05/2018,0.012811179,0.012509388,0.012387226
07/05/2018,0.003457946,0.002387551,0.002846434
08/05/2018,-0.000265641,-0.000362149,-0.00053043
09/05/2018,0.00968222,0.007592856,0.007466984
10/05/2018,0.009370644,0.009270998,0.008844884
11/05/2018,0.001707596,0.001136489,0.001713385
14/05/2018,0.00088349,0.000235719,-0.000736301
15/05/2018,-0.00684214,-0.005336844,-0.00653877
16/05/2018,0.004060562,0.004854408,0.004008464
17/05/2018,-0.000855872,0.000734417,0.001495442
18/05/2018,-0.002632195,-0.000887199,0.000140855
21/05/2018,0.007386753,0.006490265,0.006486166
22/05/2018,-0.003135762,-0.003600964,-0.004456247
23/05/2018,0.00324841,0.002100313,0.002165492
24/05/2018,-0.002023213,-0.000110922,-0.000548892
25/05/2018,-0.002357221,-0.001556492,-0.001434287
29/05/2018,-0.011564187,-0.010191809,-0.007823058
30/05/2018,0.012695791,0.012674047,0.012763147
31/05/2018,-0.00687956,-0.008790937,-0.009391045
01/06/2018,0.01084923,0.008985052,0.008287361
04/06/2018,0.004479598,0.005155696,0.005020368
05/06/2018,0.000702593,0.001456952,0.002481917
06/06/2018,0.008567393,0.008022051,0.00621209
07/06/2018,-0.000714189,-0.000707195,-0.000493563
08/06/2018,0.003125904,0.004629427,0.005153634
11/06/2018,0.001068708,0.001749801,0.001002926
12/06/2018,0.001743385,0.003580114,0.005109649
13/06/2018,-0.004026128,-0.004034523,-0.00374186
14/06/2018,0.00247155,0.004406023,0.005993989
15/06/2018,-0.001017103,0.000719931,6.46E-05
18/06/2018,-0.002126128,-0.001491367,-0.000544316
19/06/2018,-0.004023402,-0.004593624,-0.004035586
20/06/2018,0.001712154,0.00202667,0.003847185
21/06/2018,-0.00634551,-0.005578399,-0.006345902
22/06/2018,0.001861934,0.002390556,0.002620988
25/06/2018,-0.013724669,-0.011952099,-0.011445977
26/06/2018,0.002204577,0.00121399,0.001771824
27/06/2018,-0.008604355,-0.009564624,-0.008980946
28/06/2018,0.00617869,0.004721783,0.005426909
29/06/2018,0.000758403,0.001040946,0.001475004
02/07/2018,0.003067958,0.001329018,0.000888673
03/07/2018,-0.004947351,-0.002509171,-0.001411177
05/07/2018,0.008620803,0.008295887,0.008661633
06/07/2018,0.008481282,0.007823452,0.007114006
09/07/2018,0.008822986,0.008196603,0.0065382
10/07/2018,0.003473267,0.002664249,0.002398771
11/07/2018,-0.007094203,-0.007744851,-0.007488157
12/07/2018,0.008749042,0.006676324,0.006472123
13/07/2018,0.001079238,0.00102766,0.000869118
16/07/2018,-0.001028136,-0.003191094,-0.005174781
17/07/2018,0.003973699,0.004188408,0.004476275
18/07/2018,0.002160512,0.002744837,0.001921821
19/07/2018,-0.003952993,-0.00058812,0.002225615
20/07/2018,-0.000948448,-0.003255325,-0.003519432
23/07/2018,0.001838049,0.000209559,-0.000381912
24/07/2018,0.004780911,-0.001994813,-0.004256737
25/07/2018,0.009101605,0.008260584,0.008265288
26/07/2018,-0.003032296,0.003348442,0.004385607
27/07/2018,-0.006562209,-0.006881464,-0.007790943
30/07/2018,-0.00575417,-0.005981548,-0.007242213
31/07/2018,0.004884729,0.007827524,0.008435719
01/08/2018,-0.001040352,-0.005391235,-0.004384656
02/08/2018,0.004926445,0.007288968,0.009927434
03/08/2018,0.004644183,0.004448345,0.003413873
06/08/2018,0.003538227,0.002784922,0.002022098
07/08/2018,0.002824182,0.002936899,0.002250736
08/08/2018,-0.00026238,-0.001990087,-0.002454558
09/08/2018,-0.001441674,-0.001494622,-0.00102115
10/08/2018,-0.007113888,-0.007124881,-0.006797299
13/08/2018,-0.004005992,-0.004561016,-0.005116838
14/08/2018,0.006389255,0.007661585,0.006926569
15/08/2018,-0.007602165,-0.006559762,-0.007114749
16/08/2018,0.007919408,0.007930907,0.006863631
17/08/2018,0.003323116,0.004199096,0.004740563
20/08/2018,0.002428018,0.004184228,0.00383296
21/08/2018,0.002068536,0.003985262,0.00424541
22/08/2018,-0.000398152,-0.001389448,-9.08E-05
23/08/2018,-0.001691262,-0.002256999,-0.002339577
24/08/2018,0.00619884,0.005825986,0.005620111
27/08/2018,0.007670409,0.00625557,0.005401343
28/08/2018,0.000269279,0.000512366,0.000465525
29/08/2018,0.005701434,0.004144829,0.004545557
30/08/2018,-0.004430329,-0.006766712,-0.006814846
31/08/2018,0.000134478,0.001220646,0.001740281
04/09/2018,-0.001654322,-0.001240788,-0.000715904
05/09/2018,-0.002803127,-0.000694651,0.000232114
06/09/2018,-0.003652305,-0.002218234,-0.000749257
07/09/2018,-0.002213345,-0.003187412,-0.003624039
10/09/2018,0.001897827,0.004600285,0.004742053
11/09/2018,0.003739842,0.000938694,0.001306445
12/09/2018,0.000356672,0.001629541,0.001186326
13/09/2018,0.005282254,0.004665212,0.004749857
14/09/2018,0.000275482,0.001441875,0.000505474
17/09/2018,-0.005569722,-0.004466995,-0.005126569
18/09/2018,0.005369015,0.004946113,0.005303533
19/09/2018,0.001253273,-0.000788466,-0.003533062
20/09/2018,0.007840592,0.007015686,0.006107975
21/09/2018,-0.000368533,0.000594263,0.000270465
24/09/2018,-0.003515688,-0.006668931,-0.006214453
25/09/2018,-0.001305096,-0.002448624,-0.001601906
26/09/2018,-0.003289278,-0.004421703,-0.006157209
27/09/2018,0.002763287,0.000618246,0.000263201
28/09/2018,-6.87E-06,0.001136956,0.003236832
01/10/2018,0.003641105,0.000303032,-0.000913353
02/10/2018,-0.00039669,-0.00164739,-0.001846861
03/10/2018,0.00071152,7.56E-05,-0.000827378
04/10/2018,-0.008169483,-0.007704316,-0.008774661
05/10/2018,-0.005527979,-0.005909787,-0.005889895
08/10/2018,-0.000395116,-0.000647564,-0.001300502
09/10/2018,-0.001417904,-0.004961897,-0.005567054
10/10/2018,-0.032864229,-0.029347514,-0.029302014
11/10/2018,-0.020573008,-0.020370424,-0.019612105
12/10/2018,0.014206198,0.010314203,0.009892523
15/10/2018,-0.005904979,-0.001195323,-0.000825683
16/10/2018,0.0214956,0.020918966,0.021265766
17/10/2018,-0.000252662,-0.001663446,-0.003439838
18/10/2018,-0.014391922,-0.013717592,-0.013864413
19/10/2018,-0.00036117,-0.003353384,-0.003732477
22/10/2018,-0.004299527,-0.005435812,-0.005235397
23/10/2018,-0.00551183,-0.006030945,-0.006125774
24/10/2018,-0.030864434,-0.028435666,-0.027216496
25/10/2018,0.01862504,0.014517162,0.013536405
26/10/2018,-0.017327264,-0.015308627,-0.015071865
29/10/2018,-0.006559599,-0.002554318,-0.002105636
30/10/2018,0.01566678,0.020955492,0.023288709
31/10/2018,0.010851332,0.008497796,0.007523128
01/11/2018,0.010557844,0.015788248,0.016480871
02/11/2018,-0.006316686,-0.003449692,-0.003591287
05/11/2018,0.005600317,0.005593843,0.004565835
06/11/2018,0.006259296,0.006478942,0.007189818
07/11/2018,0.021208856,0.018057078,0.017936438
08/11/2018,-0.002508917,-0.001633899,-0.000757039
09/11/2018,-0.009199014,-0.008256221,-0.008436945
12/11/2018,-0.019701489,-0.016716316,-0.016526344
13/11/2018,-0.00148192,0.00053751,-0.000924557
14/11/2018,-0.007567411,-0.00534264,-0.005246359
15/11/2018,0.010593753,0.010465894,0.010991818
16/11/2018,0.002223306,0.002993974,0.003820888
19/11/2018,-0.016643109,-0.015498774,-0.015785427
20/11/2018,-0.018151241,-0.01503477,-0.014300389
21/11/2018,0.003043291,0.006363326,0.007242842
23/11/2018,-0.006554842,-0.003075287,-0.003057101
26/11/2018,0.015532368,0.014604425,0.013674415
27/11/2018,0.003261692,0.000213092,-0.000373845
28/11/2018,0.02297398,0.019936237,0.019455613
29/11/2018,-0.002183108,-0.00284184,-0.00134228
30/11/2018,0.008170748,0.006385137,0.005774626
03/12/2018,0.010941426,0.011035281,0.010942714
04/12/2018,-0.032364903,-0.031786913,-0.030340069
06/12/2018,-0.001522228,-0.001056978,-0.001074404
07/12/2018,-0.023320119,-0.022335376,-0.020633848
10/12/2018,0.001762154,-0.000701708,-0.0010813
11/12/2018,-0.000356346,-0.001648611,-0.000673085
12/12/2018,0.005419504,0.005990805,0.00505367
13/12/2018,-0.00019993,-0.004460647,-0.004141153
14/12/2018,-0.01908671,-0.01433966,-0.014569859
17/12/2018,-0.020773481,-0.020957534,-0.02272066
18/12/2018,8.64E-05,-0.000259422,-4.76E-05
19/12/2018,-0.015395714,-0.015506503,-0.015198829
20/12/2018,-0.015772106,-0.0159201,-0.014642583
21/12/2018,-0.020588228,-0.018690147,-0.01675944
24/12/2018,-0.027112254,-0.026686365,-0.026668545
26/12/2018,0.049593743,0.045712835,0.044770354
27/12/2018,0.008562681,0.008863322,0.00868433
28/12/2018,-0.001241583,-0.001224527,-0.00173493
31/12/2018,0.008492484,0.008558542,0.008180333
02/01/2019,0.001268497,-0.000677,-0.003688352
03/01/2019,-0.02475673,-0.020606191,-0.018704491
04/01/2019,0.034335714,0.033544541,0.03135176
07/01/2019,0.007010435,0.010532667,0.01080239
08/01/2019,0.009695285,0.010575994,0.012161363
09/01/2019,0.004098046,0.007188073,0.008925013
10/01/2019,0.004518419,0.00719473,0.008681608
11/01/2019,-0.000146298,0.001148879,0.000604848
14/01/2019,-0.005257525,-0.005875768,-0.006331454
15/01/2019,0.010721689,0.00780799,0.00824818
16/01/2019,0.002221986,0.002695013,0.002244521
17/01/2019,0.0075914,0.009098518,0.009805916
18/01/2019,0.013183053,0.014791924,0.014943243
22/01/2019,-0.014157306,-0.012965293,-0.012675107
23/01/2019,0.002202913,7.03E-05,-0.001043995
24/01/2019,0.001375726,0.005509656,0.00726061
25/01/2019,0.008488694,0.009912876,0.010119999
28/01/2019,-0.007846827,-0.004042687,-0.003740144
29/01/2019,-0.001456247,0.001292783,0.001917597
30/01/2019,0.015549261,0.011248398,0.010394396
31/01/2019,0.008597396,0.007861432,0.007407716
01/02/2019,0.00089861,0.003120272,0.002446917
04/02/2019,0.006776237,0.005608906,0.005931118
05/02/2019,0.00470842,0.004686053,0.005663144
06/02/2019,-0.002224438,-0.000680359,-0.001307615
07/02/2019,-0.00935714,-0.005165767,-0.003672514
08/02/2019,0.000676201,0.001842364,0.001573766
11/02/2019,0.000709103,0.002490399,0.00284261
12/02/2019,0.012890225,0.011801262,0.012049991
13/02/2019,0.003023995,0.003921477,0.003908612
14/02/2019,-0.002651642,-0.001769588,-0.000296148
15/02/2019,0.010878753,0.010839417,0.010150722
19/02/2019,0.001498743,0.001609348,0.001376448
20/02/2019,0.001777111,0.002801629,0.003125674
21/02/2019,-0.003526437,-0.002725412,-0.002889875
22/02/2019,0.006411102,0.006205835,0.00522818
25/02/2019,0.001231862,0.000476828,0.000405871
26/02/2019,-0.000790457,-0.002685982,-0.003958928
27/02/2019,-0.000544049,0.000733359,0.001425321
28/02/2019,-0.002825508,-0.00103022,-0.000947613
01/03/2019,0.006895321,0.006249758,0.00714593
04/03/2019,-0.003880558,-0.005418952,-0.004799923
05/03/2019,-0.001131533,-0.003303725,-0.00349248
06/03/2019,-0.006524099,-0.008178139,-0.008203379
07/03/2019,-0.008125717,-0.007404449,-0.006862214
08/03/2019,-0.002131689,-0.002274952,-0.002549101
11/03/2019,0.014666042,0.013487989,0.01394884
12/03/2019,0.002953318,0.002274896,0.0035639
13/03/2019,0.006949584,0.006324294,0.005440483
14/03/2019,-0.000868023,-0.00122788,-0.001680995
15/03/2019,0.004984903,0.003706944,0.002765031
18/03/2019,0.003705947,0.004293698,0.004825223
19/03/2019,-0.000130562,-0.001979282,-0.002518171
20/03/2019,-0.002944354,-0.006433147,-0.004882859
21/03/2019,0.010852481,0.013262058,0.015398134
22/03/2019,-0.018974501,-0.020290868,-0.020620037
25/03/2019,-0.000839021,-0.000281886,0.00082467
26/03/2019,0.007182726,0.008083462,0.008344203
27/03/2019,-0.004644325,-0.003724002,-0.003003474
28/03/2019,0.003589481,0.005445994,0.005994861
29/03/2019,0.00673428,0.006630457,0.006205118
01/04/2019,0.0115686,0.012662625,0.011729147
02/04/2019,1.75E-05,-0.000497994,-0.000487156
03/04/2019,0.002148377,0.003611166,0.003414724
04/04/2019,0.002084635,0.002019931,0.000874615
05/04/2019,0.004636433,0.006537271,0.008388997
08/04/2019,0.00104746,0.000387407,0.000441744
09/04/2019,-0.006067495,-0.008016751,-0.007982899
10/04/2019,0.003477872,0.005472935,0.006089998
11/04/2019,3.81E-05,0.001795863,0.001710381
12/04/2019,0.006609324,0.007600167,0.007958625
15/04/2019,-0.000629369,-0.002118427,-0.00241948
16/04/2019,0.000509358,0.000125413,-0.002807317
17/04/2019,-0.002273812,-0.005467547,-0.0068072
18/04/2019,0.001579092,0.002241958,0.00283962
22/04/2019,0.001012018,-0.002215554,-0.002350842
23/04/2019,0.008841206,0.009489591,0.009717727
24/04/2019,-0.002191763,0.00061968,0.0013554
25/04/2019,-0.000368974,-0.004813063,-0.005387551
26/04/2019,0.004685292,0.006150897,0.005790882
29/04/2019,0.001071522,0.000560149,-0.001855337
30/04/2019,0.000951417,0.003965309,0.004342674
01/05/2019,-0.007502163,-0.009100263,-0.009164509
02/05/2019,-0.002123985,0.000891362,0.001558821
03/05/2019,0.009638279,0.009115642,0.009040323
06/05/2019,-0.004470988,-0.005029759,-0.004346058
07/05/2019,-0.016511651,-0.015830485,-0.015799354
08/05/2019,-0.001605425,-0.001799808,-0.002103399
09/05/2019,-0.003021425,-0.001203158,-0.001407655
10/05/2019,0.003720297,0.004051324,0.003969799
13/05/2019,-0.024130557,-0.024927999,-0.024449203
14/05/2019,0.008015945,0.009469175,0.009831059
15/05/2019,0.005838975,0.003660318,0.002932506
16/05/2019,0.008895287,0.007205345,0.006568724
17/05/2019,-0.005837333,-0.007102491,-0.007708225
20/05/2019,-0.006749378,-0.006620042,-0.008509518
21/05/2019,0.008495836,0.010988525,0.011618327
22/05/2019,-0.002824396,-0.00409929,-0.005006337
23/05/2019,-0.01191415,-0.012550085,-0.012212184
24/05/2019,0.001353559,0.002193664,0.002865404
28/05/2019,-0.008375677,-0.010095049,-0.010069712
29/05/2019,-0.006911912,-0.006903363,-0.008147749
30/05/2019,0.002098471,0.001260642,0.002501419
31/05/2019,-0.013195373,-0.011270449,-0.009471738
03/06/2019,-0.002765241,0.004201744,0.005327475
04/06/2019,0.021432371,0.023791914,0.022639227
05/06/2019,0.008161854,0.007525045,0.008687696
06/06/2019,0.006135587,0.004705557,0.004757178
07/06/2019,0.010497698,0.007731175,0.007500812
10/06/2019,0.004660044,0.004723281,0.005408975
11/06/2019,-0.00034988,-0.00078083,-0.000742306
12/06/2019,-0.002037579,-0.001286638,-0.000687395
13/06/2019,0.004097382,0.006228851,0.006639125
14/06/2019,-0.001611512,-0.003000706,-0.004137018
17/06/2019,0.000931749,-0.000860062,-0.000488631
18/06/2019,0.0097174,0.01057239,0.010982751
19/06/2019,0.002985164,0.003750967,0.004133439
20/06/2019,0.009472185,0.008504476,0.009926601
21/06/2019,-0.001259223,-0.003104746,-0.003718633
24/06/2019,-0.001731887,-0.003673315,-0.004622893
25/06/2019,-0.009496397,-0.007600282,-0.007459764
26/06/2019,-0.001233934,-0.001554703,-0.002422393
27/06/2019,0.003823176,0.007179794,0.007469577
28/06/2019,0.005757453,0.009150031,0.009649974
01/07/2019,0.007672301,0.007130504,0.006834525
02/07/2019,0.002928126,0.000367675,-0.000923655
03/07/2019,0.007672378,0.009091706,0.009857139
05/07/2019,-0.001805902,-0.001354164,-0.001752301
08/07/2019,-0.004835444,-0.005543651,-0.00608214
09/07/2019,0.001236557,3.20E-05,0.000471302
10/07/2019,0.004510689,0.000989278,0.000603932
11/07/2019,0.002285227,0.001302805,0.00045966
12/07/2019,0.004620175,0.007501979,0.007444838
15/07/2019,0.000175869,-0.000592551,-0.001120155
16/07/2019,-0.003403779,-0.001347592,-0.001250003
17/07/2019,-0.006531244,-0.007542283,-0.006944973
18/07/2019,0.003581998,0.004264894,0.00361654
19/07/2019,-0.006176735,-0.004638871,-0.004303972
22/07/2019,0.002828695,0.000780512,0.00102789
23/07/2019,0.006847483,0.008289269,0.006836535
24/07/2019,0.004688148,0.007347682,0.007154449
25/07/2019,-0.005262401,-0.006771876,-0.007341682
26/07/2019,0.007387691,0.005997297,0.004666155
29/07/2019,-0.001616114,-0.002573196,-0.002843975
30/07/2019,-0.002578655,0.000269295,0.002910738
31/07/2019,-0.010885526,-0.009473373,-0.008454965
01/08/2019,-0.008998794,-0.011378529,-0.011109855
02/08/2019,-0.00728274,-0.008325417,-0.009496063
05/08/2019,-0.02977782,-0.028794648,-0.02808646
06/08/2019,0.013017017,0.011711781,0.011950426
07/08/2019,0.000766876,0.002163303,0.004034301
08/08/2019,0.018762304,0.018978586,0.018324027
09/08/2019,-0.006616607,-0.007961059,-0.009356117
12/08/2019,-0.012317322,-0.013359566,-0.012633632
13/08/2019,0.015131688,0.013290884,0.013232907
14/08/2019,-0.029292753,-0.029880905,-0.029300036
15/08/2019,0.002464268,0.000635547,0.00190024
16/08/2019,0.014426125,0.016533906,0.016401811
19/08/2019,0.012105865,0.012410713,0.012439979
20/08/2019,-0.007914727,-0.007620145,-0.007214686
21/08/2019,0.008246799,0.00831795,0.008424111
22/08/2019,-0.000506075,9.33E-05,-0.000311432
23/08/2019,-0.025946337,-0.026572334,-0.026789294
26/08/2019,0.010982988,0.009022168,0.008011027
27/08/2019,-0.003203181,-0.005175054,-0.005428728
28/08/2019,0.00654548,0.007782426,0.007723264
29/08/2019,0.012687292,0.013460749,0.013817273
30/08/2019,0.000642787,0.001604448,0.002227967
03/09/2019,-0.0068991,-0.007726116,-0.007472222
04/09/2019,0.010842079,0.011649648,0.010844447
05/09/2019,0.013009814,0.014972841,0.014247302
06/09/2019,0.000910605,0.001931028,0.001748467
09/09/2019,-9.40E-05,0.003249218,0.001875375
10/09/2019,0.000322304,0.004258411,0.005093391
11/09/2019,0.007229681,0.008171007,0.008053817
12/09/2019,0.002879153,0.001506377,0.000729206
13/09/2019,-0.000724414,0.00082061,0.000933991
16/09/2019,-0.003135587,-0.000410339,0.002052611
17/09/2019,0.002581752,0.001531675,0.001423465
18/09/2019,0.000342692,-0.001007151,-0.001239921
19/09/2019,2.00E-05,-0.002089304,-0.001876634
20/09/2019,-0.004895577,-0.003683659,-0.002924734
23/09/2019,-9.69E-05,0.000277111,0.000652698
24/09/2019,-0.008416371,-0.008039601,-0.00796776
25/09/2019,0.006158572,0.006159356,0.006599673
26/09/2019,-0.002428916,-0.001982269,-0.001853337
27/09/2019,-0.005316352,-0.0046721,-0.004885957
30/09/2019,0.005047607,0.005276512,0.005400062
01/10/2019,-0.012258373,-0.015042871,-0.015614316
02/10/2019,-0.017903203,-0.01774161,-0.016287174
03/10/2019,0.007971913,0.007192267,0.008998279
04/10/2019,0.014216898,0.012254968,0.012023683
07/10/2019,-0.004478295,-0.004898767,-0.005331724
08/10/2019,-0.015560819,-0.017330981,-0.01727001
09/10/2019,0.009104492,0.009138416,0.008966501
10/10/2019,0.006415696,0.00716402,0.007203271
11/10/2019,0.010938978,0.014366526,0.014675979
14/10/2019,-0.001387119,-0.002013091,-0.002125867
15/10/2019,0.009955677,0.00854766,0.008017068
16/10/2019,-0.001999543,-0.002196004,-0.002854333
17/10/2019,0.002762832,0.004105602,0.004984158
18/10/2019,-0.003919345,-0.000905642,0.000145815
21/10/2019,0.006871616,0.006799083,0.006916404
22/10/2019,-0.003568667,-0.001788542,-0.001680043
23/10/2019,0.002847149,0.002637518,0.002499938
24/10/2019,0.001920446,0.002537284,0.004057999
25/10/2019,0.004072701,0.003737553,0.003084199
28/10/2019,0.005581338,0.00295593,0.002103657
29/10/2019,-0.000832405,0.001585772,0.001936709
30/10/2019,0.00325337,0.00056719,3.85E-05
31/10/2019,-0.003022861,-0.00572294,-0.004998447
01/11/2019,0.009662312,0.012125711,0.013676977
04/11/2019,0.003704089,0.005008114,0.005319272
05/11/2019,-0.001185699,-0.000259239,-0.002126622
06/11/2019,0.000702497,-0.000294679,-0.001496118
07/11/2019,0.002730095,0.003515279,0.003072757
08/11/2019,0.002560676,0.002212726,0.001750897
11/11/2019,-0.001962467,-0.001791675,-0.00179518
12/11/2019,0.001564646,0.001123254,0.00170268
13/11/2019,0.000711535,-0.000540857,-6.12E-05
14/11/2019,0.000837043,0.002117425,0.002632094
15/11/2019,0.007695488,0.007145296,0.006373902
18/11/2019,0.000503153,-0.000809898,-0.001517893
19/11/2019,-0.000592594,0.000734874,0.001176612
20/11/2019,-0.003756184,-0.003115554,-0.002252866
21/11/2019,-0.001582752,-0.002798304,-0.003077949
22/11/2019,0.002174936,0.003157072,0.002355329
25/11/2019,0.007507292,0.008538439,0.009356358
26/11/2019,0.00219557,0.002583563,0.003231633
27/11/2019,0.004174424,0.004263394,0.004180561
29/11/2019,-0.00401122,-0.004908461,-0.006071253
02/12/2019,-0.008631021,-0.008094723,-0.008252308
03/12/2019,-0.006638095,-0.007257289,-0.006299422
04/12/2019,0.006323568,0.006989649,0.007387848
05/12/2019,0.001500251,0.001926523,0.001894029
06/12/2019,0.009135724,0.00893864,0.008248693
09/12/2019,-0.003162821,-0.00267879,-0.003001409
10/12/2019,-0.001096934,-0.001254405,-0.002058135
11/12/2019,0.002908158,0.003010155,0.003031204
12/12/2019,0.008575226,0.010128722,0.007665997
13/12/2019,7.26E-05,-0.002020372,-0.002599394
16/12/2019,0.007147785,0.006555662,0.006219494
17/12/2019,0.000335292,0.000678229,-0.000114275
18/12/2019,-0.0004323,0.000557639,0.000820523
19/12/2019,0.004459292,0.003758585,0.004444908
20/12/2019,0.004944781,0.005905139,0.005967191
23/12/2019,0.000866144,1.31E-05,-0.000624275
24/12/2019,-0.000195448,0.00055215,0.001239676
26/12/2019,0.005128167,0.002446356,0.001651762
27/12/2019,3.40E-05,-0.000782655,-0.00055734
30/12/2019,-0.005780823,-0.004221376,-0.003354204
31/12/2019,0.002946022,0.003689502,0.004231694
02/01/2020,0.008378803,0.004134998,0.001847426
03/01/2020,-0.007059871,-0.005842395,-0.005097679
06/01/2020,0.003533373,0.00130749,0.001268165
07/01/2020,-0.002803238,-0.001107362,-0.001212611
08/01/2020,0.004902451,0.003441654,0.002443412
09/01/2020,0.006655262,0.005143538,0.00505684
10/01/2020,-0.002855179,-0.003065101,-0.001950007
13/01/2020,0.006976215,0.007253256,0.007416829
14/01/2020,-0.001514533,0.00158247,0.001551996
15/01/2020,0.001870197,0.001581327,0.001966072
16/01/2020,0.008366553,0.009599698,0.010681491
17/01/2020,0.003862162,0.002879817,0.001906962
21/01/2020,-0.002651978,-0.004312426,-0.003348796
22/01/2020,0.000289076,-0.000510379,-0.001567829
23/01/2020,0.001140977,0.002484212,0.00297419
24/01/2020,-0.009042161,-0.010094593,-0.009274422
27/01/2020,-0.015730712,-0.015664474,-0.015399405
28/01/2020,0.010053584,0.00959152,0.010254637
29/01/2020,-0.000866874,-0.002978934,-0.004172864
30/01/2020,0.003134359,0.003076506,0.002021405
31/01/2020,-0.01770582,-0.019282485,-0.019953486
03/02/2020,0.007254614,0.007466546,0.00639398
04/02/2020,0.014980414,0.015728383,0.015154522
05/02/2020,0.011250596,0.013018985,0.013524183
06/02/2020,0.003325673,0.000316046,-0.001296322
07/02/2020,-0.005400854,-0.008119245,-0.009750558
10/02/2020,0.007326398,0.005425262,0.005471545
11/02/2020,0.001688473,0.006111393,0.007048031
12/02/2020,0.006462646,0.006814875,0.00621968
13/02/2020,-0.001630446,-0.00071198,-0.00012051
14/02/2020,0.001843533,0.001060226,0.002018036
18/02/2020,-0.002919943,-0.003128808,-0.004354387
19/02/2020,0.004705786,0.004649478,0.005493514
20/02/2020,-0.00381552,0.000368837,0.00198107
21/02/2020,-0.010518103,-0.009229812,-0.009575924
24/02/2020,-0.033513627,-0.030973342,-0.028861034
25/02/2020,-0.030279996,-0.034311552,-0.033742779
26/02/2020,-0.00377854,-0.009884358,-0.010271788
27/02/2020,-0.044163243,-0.039542065,-0.037740512
28/02/2020,-0.00823834,-0.011713269,-0.011030058
02/03/2020,0.046039229,0.038947058,0.039089579
03/03/2020,-0.028107896,-0.0256406,-0.023260935
04/03/2020,0.042202591,0.038023441,0.037381701
05/03/2020,-0.033922077,-0.036821094,-0.033253704
06/03/2020,-0.017053852,-0.020513488,-0.022843816
09/03/2020,-0.075969697,-0.088194457,-0.089599894
10/03/2020,0.049396306,0.050383175,0.050176843
11/03/2020,-0.048868445,-0.055975889,-0.055291763
12/03/2020,-0.095112681,-0.103775471,-0.099733644
13/03/2020,0.09287125,0.083402443,0.076852222
16/03/2020,-0.119840552,-0.126571607,-0.12667973
17/03/2020,0.059954849,0.050491788,0.055704347
18/03/2020,-0.051830762,-0.076559151,-0.077653831
19/03/2020,0.004707808,0.021275376,0.025215697
20/03/2020,-0.043359512,-0.039167906,-0.043750384
23/03/2020,-0.029293868,-0.03259744,-0.034663893
24/03/2020,0.09382774,0.117097685,0.11396307
25/03/2020,0.011535012,0.030982573,0.032788492
26/03/2020,0.062414163,0.060688241,0.058495094
27/03/2020,-0.033687352,-0.036182156,-0.034218708
30/03/2020,0.033516009,0.022975063,0.025099745
31/03/2020,-0.016012722,-0.016839076,-0.016060196
01/04/2020,-0.04414243,-0.053999219,-0.051691774
02/04/2020,0.022829347,0.012664584,0.014012802
03/04/2020,-0.015137125,-0.015918073,-0.014887211
06/04/2020,0.070331319,0.083011682,0.083132398
07/04/2020,-0.001603053,0.010806655,0.008723997
08/04/2020,0.034056453,0.045947933,0.046130438
09/04/2020,0.01448741,0.025069019,0.024069268
13/04/2020,-0.010104661,-0.022409504,-0.022660929
14/04/2020,0.030572589,0.025289874,0.024560257
15/04/2020,-0.022030439,-0.034486104,-0.037200589
16/04/2020,0.00581669,-0.004718188,-0.004073705
17/04/2020,0.026793595,0.042727213,0.042985513
20/04/2020,-0.017881048,-0.021685384,-0.022611463
21/04/2020,-0.030674796,-0.029531645,-0.028777304
22/04/2020,0.022930248,0.019736472,0.021752556
23/04/2020,-0.000539422,0.002854477,0.0035565
24/04/2020,0.013918057,0.014532287,0.014574197
27/04/2020,0.01471407,0.028845173,0.029866697
28/04/2020,-0.00524238,0.012175603,0.014150466
29/04/2020,0.026583916,0.032583535,0.033811032
30/04/2020,-0.009212446,-0.023947142,-0.024497668
01/05/2020,-0.028059034,-0.034533449,-0.033298769
04/05/2020,0.004249827,0.001068245,0.002730838
05/05/2020,0.009040556,0.006233921,0.009285334
06/05/2020,-0.00697941,-0.012232192,-0.010843472
07/05/2020,0.011504631,0.018097488,0.016035265
08/05/2020,0.016871539,0.026294002,0.027301654
11/05/2020,0.000133078,-0.009283879,-0.008714515
12/05/2020,-0.020500317,-0.025624992,-0.025966845
13/05/2020,-0.017462725,-0.027742418,-0.027223393
14/05/2020,0.011524823,0.016121631,0.014791201
15/05/2020,0.003926363,0.002185523,0.00193183
18/05/2020,0.031501192,0.053259554,0.054495358
19/05/2020,-0.010484399,-0.012614538,-0.012429056
20/05/2020,0.0166511,0.0191199,0.018740294
21/05/2020,-0.007773596,-0.004715055,-0.007360649
22/05/2020,0.002353711,0.000905894,0.002734125
26/05/2020,0.012289184,0.030997793,0.03027886
27/05/2020,0.014827297,0.024387788,0.023413835
28/05/2020,-0.002107915,-0.007960453,-0.006913763
29/05/2020,0.004812336,3.75E-05,0.00094987
01/06/2020,0.003751235,0.009798105,0.009373506
02/06/2020,0.008210833,0.011803234,0.013365365
03/06/2020,0.013648979,0.026254081,0.025031062
04/06/2020,-0.003368702,0.004842127,-0.000847649
05/06/2020,0.026211651,0.0329385,0.03515415
08/06/2020,0.012041579,0.01977467,0.016681857
09/06/2020,-0.007799171,-0.021940588,-0.021997472
10/06/2020,-0.005313091,-0.019222634,-0.017483543
11/06/2020,-0.058944059,-0.066907252,-0.065964476
12/06/2020,0.013060844,0.019810886,0.01773363
15/06/2020,0.008312217,0.011493286,0.013888919
16/06/2020,0.018962398,0.019635883,0.019490735
17/06/2020,-0.0036003,-0.008748363,-0.008458106
18/06/2020,0.00059422,-0.000236124,0.000285805
19/06/2020,-0.005649495,-0.00877465,-0.007515252
22/06/2020,0.006495095,0.001478554,0.002488959
23/06/2020,0.00430742,0.002099933,0.001293966
24/06/2020,-0.025855146,-0.033331612,-0.032516238
25/06/2020,0.010959447,0.010408881,0.010201583
26/06/2020,-0.024226905,-0.020817141,-0.017687905
29/06/2020,0.014685678,0.020404388,0.019037591
30/06/2020,0.015409876,0.014683772,0.016130721
01/07/2020,0.005022133,-0.002171196,-0.002565033
02/07/2020,0.004541251,0.00571316,0.006534437
06/07/2020,0.015881726,0.011738488,0.010825444
07/07/2020,-0.010818532,-0.01630581,-0.015510486
08/07/2020,0.007827462,0.003799878,0.00187265
09/07/2020,-0.005643606,-0.015274607,-0.014002011
10/07/2020,0.010466201,0.016579829,0.014001534
13/07/2020,-0.009362541,-0.004422284,-0.005523431
14/07/2020,0.013406371,0.015822376,0.018624614
15/07/2020,0.009082051,0.024097198,0.021753127
16/07/2020,-0.003406101,-0.002083186,-0.000795449
17/07/2020,0.002848612,0.003149833,0.005843057
20/07/2020,0.008406939,-0.004039893,-0.003128217
21/07/2020,0.001679037,0.010031102,0.009203236
22/07/2020,0.005747082,0.007019857,0.008824738
23/07/2020,-0.01231986,-0.002559664,-0.001815019
24/07/2020,-0.0061904,-0.007389034,-0.006736589
27/07/2020,0.007395139,0.004940804,0.008265246
28/07/2020,-0.006473392,-0.006614929,-0.009238689
29/07/2020,0.012428382,0.016458724,0.018066844
30/07/2020,-0.003750252,-0.007789301,-0.007041836
31/07/2020,0.007670505,-0.001374327,0.000501848
03/08/2020,0.007181023,0.003834475,0.004699986
04/08/2020,0.003611931,0.005566862,0.006553794
05/08/2020,0.006429743,0.008223183,0.006520225
06/08/2020,0.006427695,0.000345195,-0.000427991
07/08/2020,0.000633029,0.009846481,0.008093445
10/08/2020,0.002742218,0.010491365,0.008719078
11/08/2020,-0.007969132,-0.001991392,-0.00427174
12/08/2020,0.01399655,0.007349437,0.00852901
13/08/2020,-0.002047174,-0.003386672,-0.003138651
14/08/2020,-0.000171883,0.002128048,0.001772913
17/08/2020,0.002709842,0.000332929,0.003247234
18/08/2020,0.002303389,-0.003886656,-0.004911982
19/08/2020,-0.004404395,-0.004381426,-0.005601203
20/08/2020,0.003158633,-0.00505101,-0.005825749
21/08/2020,0.003441107,-0.001318468,-0.002059074
24/08/2020,0.010043718,0.016109417,0.013349339
25/08/2020,0.003596351,0.000665499,0.000863811
26/08/2020,0.010195626,-0.00090067,-0.001871799
27/08/2020,0.001673044,0.005555865,0.003226321
28/08/2020,0.006732565,0.008564075,0.007280858
31/08/2020,-0.002194963,-0.007696007,-0.007074941
01/09/2020,0.007525003,0.003962556,0.005100103
02/09/2020,0.01536591,0.018671938,0.018510545
03/09/2020,-0.035125844,-0.024632524,-0.027504746
04/09/2020,-0.008133027,-0.002981434,-0.00552242
08/09/2020,-0.027756342,-0.021632884,-0.022546562
09/09/2020,0.020144986,0.013953751,0.01578349
10/09/2020,-0.017584797,-0.014198244,-0.015389178
11/09/2020,0.000533072,0.004007964,0.004156434
14/09/2020,0.012741829,0.017911665,0.018230136
15/09/2020,0.00521936,0.001731587,0.003937658
16/09/2020,-0.004618947,0.006017806,0.005669565
17/09/2020,-0.008412366,-0.004965992,-0.003093187
18/09/2020,-0.011182582,-0.011479823,-0.012201784
21/09/2020,-0.011571098,-0.024030655,-0.024216094
22/09/2020,0.010517945,0.005386143,0.005776913
23/09/2020,-0.023721455,-0.022176354,-0.024214914
24/09/2020,0.002987459,0.001887428,0.003804345
25/09/2020,0.015976724,0.014832644,0.014110379
28/09/2020,0.01611059,0.019269772,0.020076229
29/09/2020,-0.004812665,-0.007653806,-0.006407542
30/09/2020,0.008253718,0.006384371,0.005716028
01/10/2020,0.005292908,0.003301872,0.003019118
02/10/2020,-0.009577652,0.003602292,0.005597801
05/10/2020,0.017972709,0.018463807,0.020184016
06/10/2020,-0.013973516,-0.010396123,-0.009335155
07/10/2020,0.017396755,0.018148983,0.016942963
08/10/2020,0.008010124,0.01408964,0.015550763
09/10/2020,0.008793533,0.002827268,0.003093846
12/10/2020,0.016415813,0.007606172,0.006609847
13/10/2020,-0.006306919,-0.009346706,-0.009392116
14/10/2020,-0.006623142,-0.002905652,-0.001861959
15/10/2020,-0.001527755,0.003596474,0.004527694
16/10/2020,0.00013492,-0.000591842,-0.002415567
19/10/2020,-0.016329862,-0.01368847,-0.014288606
20/10/2020,0.004727334,0.005963733,0.006354117
21/10/2020,-0.0021957,-0.004142558,-0.005059121
22/10/2020,0.005218925,0.01229345,0.010855518
23/10/2020,0.003445762,0.005057373,0.006935561
26/10/2020,-0.018589516,-0.022909848,-0.02256262
27/10/2020,-0.003025619,-0.011697388,-0.010912826
28/10/2020,-0.035287879,-0.031372375,-0.030773095
29/10/2020,0.011947331,0.01099045,0.01146339
30/10/2020,-0.01212955,-0.003364266,-0.002463176
02/11/2020,0.012318203,0.022002868,0.025500421
03/11/2020,0.01779929,0.020510555,0.021787392
04/11/2020,0.022047048,0.002237929,-9.39E-05
05/11/2020,0.019460194,0.020626919,0.018692212
06/11/2020,-0.000287715,-0.003770701,-0.003920958
09/11/2020,0.011699889,0.042556472,0.037532678
10/11/2020,-0.001399795,0.006469273,0.008131815
11/11/2020,0.007651855,-0.000752374,0.001116417
12/11/2020,-0.009978532,-0.01564544,-0.015618142
13/11/2020,0.013610335,0.022263517,0.021751825
16/11/2020,0.011648051,0.019567617,0.01977726
17/11/2020,-0.004791926,-0.002651319,-0.003124367
18/11/2020,-0.01156383,-0.010452475,-0.011802692
19/11/2020,0.003946442,0.005194562,0.005621023
20/11/2020,-0.006792563,-0.005572964,-0.003485692
23/11/2020,0.005635931,0.014551462,0.013931765
24/11/2020,0.016161668,0.02011571,0.016210168
25/11/2020,-0.001584418,-0.005407987,-0.00518939
27/11/2020,0.002396979,0.00064435,0.001016455
30/11/2020,-0.004595549,-0.009787796,-0.00955316
01/12/2020,0.011271187,0.009481463,0.008817001
02/12/2020,0.001791167,0.002026034,-0.000426759
03/12/2020,-0.000624157,0.005046585,0.004082329
04/12/2020,0.008836275,0.014798477,0.016378509
07/12/2020,-0.001935638,-0.00432143,-0.003898235
08/12/2020,0.002787148,0.003749552,0.003868644
09/12/2020,-0.007949202,-0.003784093,-0.004982226
10/12/2020,-0.001285108,-0.000387591,-0.000870225
11/12/2020,-0.001264997,-0.004445783,-0.002338582
14/12/2020,-0.004359259,-0.006440176,-0.005536399
15/12/2020,0.012921249,0.015351599,0.01609719
16/12/2020,0.001772795,-0.001700971,-0.002107977
17/12/2020,0.005757655,0.007280604,0.008881477
18/12/2020,-0.003511118,-0.002584958,-0.002503185
21/12/2020,-0.003906279,-0.006555093,-0.00705523
22/12/2020,-0.002073093,-0.003690093,-0.001416698
23/12/2020,0.000745811,0.005760783,0.003844228
24/12/2020,0.003536589,0.002630228,0.003714953
28/12/2020,0.008722529,0.002730553,0.002090443
29/12/2020,-0.00222738,-0.005163544,-0.00660557
30/12/2020,0.001341547,0.006503057,0.007871828
31/12/2020,0.006438845,0.00764966,0.006882329
04/01/2021,-0.014754828,-0.016379478,-0.016482535
05/01/2021,0.007082595,0.010079699,0.010863386
06/01/2021,0.005709843,0.022617087,0.023312082
07/01/2021,0.014847404,0.010243811,0.011723245
08/01/2021,0.005491863,0.002225106,0.003122665
11/01/2021,-0.006554751,-0.001133319,-0.001781751
12/01/2021,0.000415788,0.007124646,0.008410209
13/01/2021,0.002275642,-0.002821333,-0.00449635
14/01/2021,-0.003753451,0.003356348,0.002238823
15/01/2021,-0.007190028,-0.007155262,-0.005244449
19/01/2021,0.008136379,0.00561244,0.004475674
20/01/2021,0.013935626,0.007274472,0.007606225
21/01/2021,0.000316723,-0.005123039,-0.005368522
22/01/2021,-0.003010611,-0.003782904,-0.001849848
25/01/2021,0.003615839,-0.000657526,0.000317424
26/01/2021,-0.001488834,-0.005647476,-0.006948626
27/01/2021,-0.025677884,-0.024146874,-0.023077882
28/01/2021,0.009760626,0.012500635,0.010451964
29/01/2021,-0.019311475,-0.018716713,-0.018559545
01/02/2021,0.016051768,0.0133179,0.015450234
02/02/2021,0.013898224,0.013565105,0.011118297
03/02/2021,0.001008769,0.002283851,0.001192227
04/02/2021,0.010853322,0.012912147,0.011594282
05/02/2021,0.003897495,0.006354175,0.006770822
08/02/2021,0.007399348,0.011362777,0.013297843
09/02/2021,-0.001113525,7.81E-05,0.001138888
10/02/2021,-0.000345185,0.002491166,0.003476935
11/02/2021,0.001662455,0.00106913,0.002110379
12/02/2021,0.004711033,0.005911682,0.007450358
16/02/2021,-0.000569272,0.000342845,-0.002374033
17/02/2021,-0.000320402,-0.00042946,-0.001590357
18/02/2021,-0.004415836,-0.004911048,-0.005645485
19/02/2021,-0.001854897,0.007605375,0.008199165
22/02/2021,-0.007732839,0.000856097,-0.001371589
23/02/2021,0.001256318,0.003112329,0.002813382
24/02/2021,0.011351614,0.014074876,0.012632513
25/02/2021,-0.024478808,-0.023355167,-0.02553365
26/02/2021,-0.004750214,-0.005869595,-0.005233599
01/03/2021,0.023790764,0.023121053,0.023974623
02/03/2021,-0.008080852,-0.004390545,-0.005644601
03/03/2021,-0.013066222,-0.006783344,-0.008883077
04/03/2021,-0.013417214,-0.01517545,-0.015877498
05/03/2021,0.019495968,0.022700818,0.024894902
08/03/2021,-0.005359231,0.005063077,0.002335144
09/03/2021,0.014154642,0.004536528,0.005678674
10/03/2021,0.006030314,0.009859569,0.010993069
11/03/2021,0.010395487,0.00773766,0.009078394
12/03/2021,0.001015398,0.006222136,0.005892325
15/03/2021,0.006491921,0.010214764,0.010874587
16/03/2021,-0.001569684,-0.0083993,-0.008249494
17/03/2021,0.002879382,0.004306511,0.003188456
18/03/2021,-0.014760539,-0.009989769,-0.011288056
19/03/2021,-0.000602704,-0.000426603,0.000337699
22/03/2021,0.007025118,0.001192544,0.002685093
23/03/2021,-0.007630854,-0.014427846,-0.013435955
24/03/2021,-0.005467336,-0.001659605,-0.001469061
25/03/2021,0.005240266,0.012308163,0.011731205
26/03/2021,0.016631202,0.018419731,0.019401959
29/03/2021,-0.000868013,-0.005425669,-0.006747595
30/03/2021,-0.003157833,0.002116807,0.001162914
31/03/2021,0.003622499,-0.000368495,0.000794865
01/04/2021,0.011825202,0.011184583,0.013177751
05/04/2021,0.014438226,0.010092672,0.007862132
06/04/2021,-0.000973531,0.001214255,0.001314816
07/04/2021,0.001475233,-0.003426543,-0.004772883
08/04/2021,0.004220633,0.001844278,0.001893913
09/04/2021,0.007719934,0.005959379,0.005850849
12/04/2021,-0.000196079,0.001512554,0.002687784
13/04/2021,0.003294487,-0.001646352,-0.000916206
14/04/2021,-0.004087727,0.001064979,0.001601706
15/04/2021,0.011094191,0.007806355,0.009202744
16/04/2021,0.00360882,0.004080144,0.004298526
19/04/2021,-0.00530656,-0.00511785,-0.004531374
20/04/2021,-0.00680232,-0.007578395,-0.005962037
21/04/2021,0.009306056,0.013724301,0.013691807
22/04/2021,-0.009210658,-0.006821778,-0.005599323
23/04/2021,0.010928697,0.011299364,0.01172757
26/04/2021,0.001782271,0.00175363,0.002623048
27/04/2021,-0.000214896,0.001823487,0.000582397
28/04/2021,-0.00084554,-0.000149708,-0.001235965
29/04/2021,0.006762807,0.007324102,0.006850644
30/04/2021,-0.007194707,-0.008071949,-0.009479303
03/05/2021,0.002748091,0.005654296,0.004817631
04/05/2021,-0.006678338,-0.001366521,-0.00014382
05/05/2021,0.000703464,0.00271208,0.002024938
06/05/2021,0.008165456,0.005190505,0.004912895
07/05/2021,0.007373342,0.010139226,0.011308292
10/05/2021,-0.010435647,-0.004716521,-0.004337805
11/05/2021,-0.008673913,-0.011056834,-0.010616699
12/05/2021,-0.021449401,-0.023118312,-0.024446575
13/05/2021,0.012173141,0.014197493,0.013928297
14/05/2021,0.014917957,0.015723309,0.014223414
17/05/2021,-0.002530052,-0.000963923,-0.001789432
18/05/2021,-0.008517293,-0.008555239,-0.00859813
19/05/2021,-0.002943411,-0.00503191,-0.003682061
20/05/2021,0.010554742,0.007710994,0.008867812
21/05/2021,-0.000783881,0.00123324,0.001273446
24/05/2021,0.009911292,0.006632426,0.006183505
25/05/2021,-0.002125284,-0.004501412,-0.004635618
26/05/2021,0.001876816,0.004226762,0.003934377
27/05/2021,0.001165315,0.005229331,0.005251277
28/05/2021,0.000768882,0.000810736,0.001735055
01/06/2021,-0.000492333,0.003454044,0.00504184
02/06/2021,0.001446935,0.000973083,0.000891952
03/06/2021,-0.003628703,-0.001794622,-0.002058494
04/06/2021,0.008834096,0.005363714,0.005531225
07/06/2021,-0.000796739,-0.001788169,-0.003447436
08/06/2021,0.000175025,0.001591254,0.002470159
09/06/2021,-0.001823867,-0.004616045,-0.004031661
10/06/2021,0.004652243,0.001284223,0.001866054
11/06/2021,0.001948435,0.003542687,0.003615152
14/06/2021,0.001815202,-0.003649427,-0.002936156
15/06/2021,-0.002011694,0.000378749,-2.61E-05
16/06/2021,-0.005390125,-0.006844273,-0.007260806
17/06/2021,-0.000435716,-0.009742546,-0.008940031
18/06/2021,-0.013124469,-0.01632228,-0.015577171
21/06/2021,0.01400229,0.019415219,0.020301159
22/06/2021,0.005124492,0.001410452,0.00169951
23/06/2021,-0.001083283,-0.001336787,-0.001704502
24/06/2021,0.00581125,0.006451189,0.005627871
25/06/2021,0.003330597,0.007020213,0.006769359
28/06/2021,0.002314964,-0.004152836,-0.002027802
29/06/2021,0.000277336,-0.000919878,-0.000255973
30/06/2021,0.00132816,0.002446097,0.000950663
01/07/2021,0.005221627,0.006729857,0.007395891
