Date,Stoxx 50,Stoxx 50 Balanced,Stoxx 50 Screened
2016-07-05,,-0.016775254849185902,
2016-07-06,-0.01831211005891331,-0.01419188856818252,-0.016286807109546483
2016-07-07,0.006782857859108038,0.006211078831953363,0.00794837401682976
2016-07-08,0.020830153576722132,0.020621526100740688,0.025155104307670505
2016-07-11,0.016670151913946274,0.019166987990065838,0.022023603221095978
2016-07-12,0.016677481827295226,0.014548333397635671,0.015359575707778919
2016-07-13,-0.00248856228415284,-0.0007276181940089955,-0.0008027772139552597
2016-07-14,0.012620782447327672,0.011283677600874165,0.011938720120513157
2016-07-15,-0.0014917521012195456,-0.001209803695357006,-0.0011080705370601247
2016-07-18,-0.003204157407603936,0.0001220521941138698,0.0020245946805103206
2016-07-19,-0.006127088122391378,-0.0026100624784824813,-0.002294228422083605
2016-07-20,0.012230852513178236,0.013511593529769715,0.012184589454963413
2016-07-21,0.0005190647046409147,-0.0008250861954862927,-0.0016954644765250011
2016-07-22,0.0012598964499119791,0.0007096670199775577,0.0011865536902215762
2016-07-25,0.0003330802147416545,0.004470024333853684,0.0034301577654498087
2016-07-26,0.0019103635302468724,0.002715979491274249,0.0021779688876322097
2016-07-27,0.00690861683072419,0.009063186849226638,0.010015343747802719
2016-07-28,-0.011128556357292374,-0.00557134983090978,-0.006354707768878921
2016-07-29,0.008313917664689807,0.008036300876548722,0.0063739296950737065
2016-08-01,,-0.0038395653551652835,-0.004304169144889717
2016-08-02,-0.028012956479246176,-0.01825777781957745,-0.017890129573695155
2016-08-03,0.0014035456136851643,0.00031468174809159294,0.0025207165191786377
2016-08-04,0.007310061822396685,0.0072961028667871825,0.007023929413667974
2016-08-05,0.01410814290242035,0.013993456578621404,0.014281028181690967
2016-08-08,0.0030971282071177164,0.001844212518485214,0.0026916864496724976
2016-08-09,0.015508297644471591,0.015863131294930412,0.017730560274437118
2016-08-10,-0.003538902026503976,-0.0018489203293378927,-0.00238924117459433
2016-08-11,0.010127703661794607,0.0106684670565531,0.010165936187126376
2016-08-12,-0.0013414390678668786,6.18438587406136e-05,-0.0008688894222120471
2016-08-15,0.000561574623188843,0.001488669513998902,0.00039365224340489924
2016-08-16,-0.00999785402976705,-0.010583545819084831,-0.011042471271823593
2016-08-17,-0.011819514916948659,-0.010198287805299223,-0.012011097927949558
2016-08-18,0.004952126059998285,0.005663430499787037,0.00818188100284115
2016-08-19,-0.009047540332077109,-0.0052830837772753795,-0.00748628335304762
2016-08-22,-0.0026379065188522066,-0.003220003780907243,-0.002701853602639001
2016-08-23,0.011268814939196181,0.010168273726629302,0.012138663689495784
2016-08-24,0.0049637435905292016,0.0012747394846566226,0.0015566643136637524
2016-08-25,-0.006946824389059136,-0.0073216051311962025,-0.007092787931315585
2016-08-26,0.007587857658486463,0.006191666927875927,0.005491525030551503
2016-08-29,-0.003939763542714303,-0.003004751161168381,-0.002945849581075597
2016-08-30,0.010755377688844492,0.00612092171073155,0.006657662288461849
2016-08-31,-0.0025142677555062276,-0.0034610304079469192,-0.0014381725214345424
2016-09-01,-0.0018655807782902434,0.00048122773452276236,0.0009269317255342941
2016-09-02,0.020629728750152454,0.016770846144156335,0.016949957088443008
2016-09-05,-0.000675407017070917,-0.0013462467122206058,-0.0020275655092585583
2016-09-06,-0.0024369164282112,-0.0024675862992919037,-0.0032346141393486375
2016-09-07,0.007002892558125584,0.005788029308009759,0.00518086535072286
2016-09-08,-0.0026263797542813716,-0.005029818221793672,-0.003854808683787206
2016-09-09,-0.00983936891243975,-0.011351387089821785,-0.011474376417481837
2016-09-12,-0.013205839331549396,-0.008095758558437827,-0.009535389460332395
2016-09-13,-0.012639014988570563,-0.006545630815248325,-0.004617515819705023
2016-09-14,-0.0033280041807609573,-0.00262150026747835,-0.0025536648963324334
2016-09-15,0.0029917090941304902,0.004062039775048127,0.0038254027369678634
2016-09-16,-0.012953261261272608,-0.008827143355312261,-0.008329771970979807
2016-09-19,0.011263115237202914,0.010915383521622187,0.012784981708770737
2016-09-20,-0.0011622613310019458,0.0005095600551813159,-0.00029573494022253825
2016-09-21,0.005841700577746689,0.004912585582436891,0.005654442095449437
2016-09-22,0.02330845575551277,0.021600647089578484,0.02328264360710575
2016-09-23,-0.006350540970636587,-0.005918200005582611,-0.007457327725158442
2016-09-26,-0.01860963255802739,-0.015266337173462029,-0.014072089938965335
2016-09-27,-0.0016935478574890972,-0.00144580373066041,-0.0016997720692173573
2016-09-28,0.006822992284867935,0.0051891799713209615,0.0035486096974699263
2016-09-29,0.000157122601037063,-0.003951995986784204,-0.0035063340079051816
2016-09-30,0.003563304916486265,0.005618799436106888,0.004950964267970744
2016-10-03,-0.0012457331900371793,-0.0005126347133207501,-0.0014821078023250908
2016-10-04,0.010338502584625653,0.008795392569840023,0.006144912251348676
2016-10-05,-0.0010628720911041167,-0.0031082769330267506,-0.0035181024177765733
2016-10-06,-0.0015530456385270952,-0.001961782900558905,-0.001434368189851593
2016-10-07,-0.0069533189449364485,-0.008463401713285159,-0.010503465079901233
2016-10-10,0.01172775212793331,0.008926433681202316,0.008317687975089744
2016-10-11,-0.004964183252417209,-0.00500934073097879,-0.007725633316620124
2016-10-12,-0.004191066361418416,-0.004624843954046122,-0.004028000889274988
2016-10-13,-0.010967307401172244,-0.007957601773143435,-0.008762177564114642
2016-10-14,0.016856883047818405,0.014724730295871994,0.015205566749369579
2016-10-17,-0.005444276333457565,-0.004906181371142734,-0.00415052351041763
2016-10-18,0.012719701191493904,0.011675815229867038,0.012978851697234936
2016-10-19,0.0029373089604407543,0.0034226176509443307,0.004970860049429684
2016-10-20,0.006770402036510248,0.005248518318122381,0.004859629158089518
2016-10-21,0.00033153776657912637,-0.0006744935396231008,-0.0011282505820515206
2016-10-24,0.005267072446890619,0.003547718413543095,0.004135211949527586
2016-10-25,-0.0020848373154965794,-0.002870408597512646,-0.0017686587770962597
2016-10-26,-0.0020826298364232665,-0.00022421539182801816,0.0021187477814275657
2016-10-27,0.0013599380804805161,-4.8151299969907766e-05,-0.001203703808224932
2016-10-28,-0.0019220763037116617,-0.00012851126628881174,-0.00043914614168681523
2016-10-31,-0.007790880242497744,-0.005165973291885784,-0.0041397967167608515
2016-11-01,-0.010506537271908978,-0.0100357301939939,-0.012118673075256494
2016-11-02,-0.014216952977279096,-0.012713918124185281,-0.013080449982937661
2016-11-03,-0.0022414601096024667,-0.0040181744206514375,-0.0027112290376526556
2016-11-04,-0.006376332546523922,-0.0033658723654070876,-0.004157407425572428
2016-11-07,0.018530865979565325,0.018121145062199806,0.019932151038719773
2016-11-08,0.004702089158748812,0.0036056395361338056,0.0021855922941349326
2016-11-09,0.010868486367819674,0.00717407956983165,0.005690252541954711
2016-11-10,-0.0031737665196114317,-0.009168049260065123,-0.009525733190609046
2016-11-11,-0.005438889880613251,-0.002616019332260083,-0.0036488956705386954
2016-11-14,0.0032277110169061096,0.00268792376476363,0.0012133480357226505
2016-11-15,0.0032633468781155806,0.0043891247512920905,0.00434446558726127
2016-11-16,-0.007659675059392579,-0.007017612646087348,-0.00620978578598954
2016-11-17,0.0050985115632176115,0.0059915614502229165,0.006387924646817037
2016-11-18,-0.006890666591468864,-0.0028300076786753853,-0.0027609527539165183
2016-11-21,0.004018727530691768,0.0035210260385584407,0.003024274980253559
2016-11-22,0.003745538897061529,0.0028670514520729652,0.002287239232899721
2016-11-23,-0.00400422578618953,-0.001629470768283456,-0.002056760584846076
2016-11-24,0.002790176343621553,0.002063872670805473,0.0024761249623918716
2016-11-25,0.002558634726453235,0.00154384260605645,0.0008042093405481252
2016-11-28,-0.010359546779622808,-0.007859401922482145,-0.006513184292723942
2016-11-29,0.007166491861854363,0.00712221788010328,0.008127765456049426
2016-11-30,0.004341133002879305,0.0003934977769787293,0.0025538612804229897
2016-12-01,-0.006760407220003928,-0.009231671921116144,-0.00938124837880064
2016-12-02,-0.005229363804640008,-0.004255158418470416,-0.004893616383939305
2016-12-05,0.012477113245472848,0.010964281677417925,0.009456578775555372
2016-12-06,0.015726806977315544,0.011495663518606087,0.016986115311709113
2016-12-07,0.013377359055917415,0.01069380286988405,0.009479670087763868
2016-12-08,0.013859555329508666,0.010679877780772189,0.011094605946024008
2016-12-09,0.0036882531039892363,0.0049973277118413725,0.003626225578310908
2016-12-12,0.0004910237184991839,-0.0003979211047307897,-0.0009975091139333048
2016-12-13,0.011753222847106004,0.01039205318722507,0.010157472385653964
2016-12-14,-0.007723892564125867,-0.007261809790270639,-0.007707901551209323
2016-12-15,0.011841053352202202,0.010988358740935324,0.013097978142318238
2016-12-16,0.00292331079693553,0.003308073388191499,0.0038750332622057952
2016-12-19,-0.00042644665758417855,0.0012174950283279373,0.0014696872933990346
2016-12-20,0.006617804181118014,0.004122323502591673,0.004340765700499349
2016-12-21,-0.002640692146569368,-0.0011887716283963362,-0.000838888991637769
2016-12-22,-0.00037911488190778275,3.2932769909928226e-05,-0.001806818430421762
2016-12-23,0.0013641068497600717,0.0007430057338785243,0.0021488626027910285
2016-12-27,0.0013928221823633624,0.002183904422140741,0.0020881208283462117
2016-12-28,5.793511065022017e-05,-0.00017434446176090013,-0.0004006783774046154
2016-12-29,-0.0021227677452054783,-0.0024040458834129062,-0.0021144045934008986
2016-12-30,0.005733919952154443,0.00427642606338327,0.003638962947003414
2017-01-02,,0.0060226670668632526,0.0053999748277046514
2017-01-03,0.007445631648215878,0.0008669311866905036,0.002272064684478709
2017-01-04,0.0007541432585376207,-0.001482057122882312,-0.002313442597049641
2017-01-05,-0.00031651625119655247,0.0008421924819442369,-3.687249915390611e-05
2017-01-06,0.0014171546979462324,0.0010333231370888705,0.000798137943796371
2017-01-09,-0.003673389584551323,-0.0007933217798016813,-0.002797556064702712
2017-01-10,-0.0008340994400640733,-0.0002744095172670405,-0.0008491027590836499
2017-01-11,0.0005232517052475849,0.0015985305157763421,0.0008715880536209551
2017-01-12,-0.006420911618358782,-0.005763106946163544,-0.004388230504623307
2017-01-13,0.011452258362844248,0.008263694791390991,0.0074614279901268855
2017-01-16,-0.008967210998539699,-0.005135166254021051,-0.002248742352436278
2017-01-17,-0.0028805292155374973,-0.0033162625209978884,-0.0028159490825843785
2017-01-18,0.00272750435112723,0.00360538909364301,0.0038134302110389103
2017-01-19,-0.0011141232544019664,-0.001483991372992734,-0.0038888404245488854
2017-01-20,0.0027686775442108402,0.0007385148330259653,0.0017882858897140357
2017-01-23,-0.008001328247241535,-0.0043561274096655615,-0.004644377900698645
2017-01-24,0.0025939157171428473,-0.0002716391294707946,0.0005825806001013517
2017-01-25,0.01359727706456404,0.010544615562379116,0.010956639251640355
2017-01-26,-0.002110554005933185,-0.0011358868079653546,-0.004198984227663854
2017-01-27,-0.004760224985748018,-0.004433096688091533,-0.004587860452983872
2017-01-30,-0.01229368729163971,-0.009418567818632996,-0.009848495367056525
2017-01-31,-0.009820039502249966,-0.006999766202662655,-0.005359701058587119
2017-02-01,0.008741190893063022,0.007050137283576624,0.004156206034790283
2017-02-02,-0.001629317420214882,0.0012915404262659044,0.003540805994891872
2017-02-03,0.005993342582151007,0.005289687164769541,0.006324583062229361
2017-02-06,-0.010632104286860122,-0.009423129098134577,-0.009609366372489192
2017-02-07,-0.0008029181741796565,7.220314225903096e-05,-0.0009618451160182523
2017-02-08,0.0007201133686529637,0.002346593629685346,0.0032514703922237884
2017-02-09,0.012275944559436702,0.008431456719317158,0.006949607481926624
2017-02-10,-0.002123369989288082,4.012388908155739e-05,0.0001384018780665686
2017-02-13,0.010517177957784396,0.00970851238309417,0.008437617236286735
2017-02-14,0.0011073096341696065,6.778287556212574e-06,0.0002829586583462107
2017-02-15,0.004478864053878651,0.0034627690453945064,0.006008906720397454
2017-02-16,-0.00381198183616116,-0.004383433336688991,-0.004894481196568031
2017-02-17,-0.000673498349078705,-0.00356174276785184,-0.005961002662935332
2017-02-20,0.0010819097911840547,0.002430900502932344,0.003483299370356978
2017-02-21,0.00813315638262635,0.006972854498666044,0.005188084990746118
2017-02-22,-1.7985044484136736e-05,0.0006626371480144155,-0.0015287438009659441
2017-02-23,-0.001590185569958713,-5.13487363574657e-05,-0.0008366528481098583
2017-02-24,-0.008959277660623433,-0.007887216050582424,-0.00845792914029505
2017-02-27,0.0015768217152800634,0.0021392194602920813,0.00277846427623225
2017-02-28,0.003115479964748369,0.0027005452821147954,0.0027157420097332864
2017-03-01,0.021264498457559178,0.017765302000900728,0.018032663249761677
2017-03-02,-0.0016193705620166643,0.0006643949939529297,0.0013082661476950651
2017-03-03,0.005518916602969659,0.001567640980594542,0.0015331622243347342
2017-03-06,-0.0046806074240169915,-0.003148137977666705,-0.0025951346057410726
2017-03-07,-0.0006907370203451668,-0.0031311479301380303,-0.0020227921640907213
2017-03-08,0.001329347215007548,0.003114336586685206,0.001540134268359048
2017-03-09,0.005979955068811549,0.00492187132385898,0.005751271162597634
2017-03-10,0.0018710654009965744,0.00036888722730890486,-0.00021459481198550637
2017-03-13,-0.00022832797039862296,0.0014557254730519099,0.0008908496918190129
2017-03-14,-0.004702124159936427,-0.002396103371258401,-0.002549791500107307
2017-03-15,0.002909351331792598,0.002131636141228582,0.0024342434993142137
2017-03-16,0.008987097834429525,0.007359020769921737,0.008065201200262358
2017-03-17,0.0024564096954033943,0.002791101713952957,0.0055447675020522235
2017-03-20,-0.0031695570651172345,-0.0016461040607930293,-0.0019887040517459036
2017-03-21,-0.0022865189166859645,-0.003333886694238212,-0.002152385095702556
2017-03-22,-0.002600919546682512,-0.002053394048563023,-0.0026432876061873623
2017-03-23,0.0092027893270199,0.00860937788660927,0.010499252944859837
2017-03-24,-0.002326075163569974,0.0017333771290321117,0.0052113457233854115
2017-03-27,-0.0020353379497011215,-0.0018140580268947131,-0.0011915339101903194
2017-03-28,0.008125993084215688,0.007152807507433596,0.0062849441813727595
2017-03-29,0.0029436495654726613,0.003821369059288146,0.00377661769192179
2017-03-30,0.0018157029421268511,0.002709871679051866,0.003502652827908929
2017-03-31,0.0055577793893843985,0.005430008569666596,0.006524409104511787
2017-04-03,-0.007995016051066894,-0.004451300466624095,-0.004428471362335202
2017-04-04,0.002510832651338335,0.002731329300289721,0.002676461331998382
2017-04-05,-0.0026079037670235783,-0.002807370514801185,-0.0018213884122826067
2017-04-06,0.00489261287526177,0.004893710210595166,0.007155625067746368
2017-04-07,0.001785314774771285,0.0013255288581870339,0.0012356922831054638
2017-04-10,-0.004393874874049075,-0.002751324785346224,-0.0038730545816609086
2017-04-11,-0.0029880998311413443,-0.002210341813766199,-0.0018421426406016583
2017-04-12,-0.00044092545988050347,0.0012110513077500105,-0.0003600968128225685
2017-04-13,-0.005838241764220875,-0.002675014249583329,-0.0024628899004573686
2017-04-18,-0.011159245790168804,-0.0075110250462712335,-0.007838146231609819
2017-04-19,0.0032875906670399857,0.0029968309269698744,0.0042044419024603215
2017-04-20,0.005565651772047486,0.005190031383865438,0.004349166437674109
2017-04-21,6.976421658455578e-05,-0.0005642461161063852,-0.0012183834786894663
2017-04-24,0.03985438997605173,0.0342896511189439,0.03723686343697351
2017-04-25,0.0016157157442147074,0.0033159584582770508,0.0024574948836572482
2017-04-26,-0.0012419068948322787,0.0014681304929096935,0.0038809081098996555
2017-04-27,-0.004308793438988601,-0.0014711156611934954,-0.001758990242132926
2017-04-28,-0.001038352466261161,-0.00023137115537849725,-0.0011960487626176612
2017-05-02,0.005230903710730761,0.007300956938638929,0.008360110368519783
2017-05-03,0.002246944446421706,0.0005951051905399335,0.0017428278531890923
2017-05-04,0.011608193238061837,0.011404988135883282,0.012523346603992309
2017-05-05,0.008520170732455368,0.008271365947979505,0.008380363997688605
2017-05-08,-0.004558865587312777,-0.002435166594902843,-0.0025169063463943027
2017-05-09,0.0019137178161099389,0.003257562281905242,0.002127959602405042
2017-05-10,-0.000915323294804371,-0.00040270180225358625,0.00019329921912575817
2017-05-11,-0.0060865396492523205,-0.003546235816956403,-0.006419268499188557
2017-05-12,0.003855327182207713,0.004931713600692814,0.006320448337583492
2017-05-15,0.0011985811695955917,0.0019698351358554424,0.003277560485933978
2017-05-16,2.7485804918736534e-06,0.001226619154341106,0.0013701339893835557
2017-05-17,-0.015667638692117958,-0.01398000616745167,-0.015386290708233788
2017-05-18,-0.00630716282446897,-0.0056584130014202365,-0.003862701829862495
2017-05-19,0.006959154460368877,0.005020063433311188,0.006359044807057666
2017-05-22,-0.0029216481054648025,6.64074977346407e-05,0.0006836034321529726
2017-05-23,0.005172611399874905,0.0032983741589270735,0.004892549614872494
2017-05-24,-0.0023393162038034543,-0.0007077027037771587,0.00021126847561438316
2017-05-25,,0.00060452077048217,0.002373255436810824
2017-05-26,-0.0021190136541020532,-0.0015286505275680993,-0.00220142647258852
2017-05-29,-1.957770551974658e-05,-0.0009866474985830258,-0.002609342299696105
2017-05-30,-0.004953961425206765,-0.001192041116834564,0.000637866347951367
2017-05-31,-0.0018616887061143617,0.0004062018498625299,0.0016814504769551957
2017-06-01,0.003496867906643386,0.006357161895495728,0.004575539236870919
2017-06-02,0.0069525956851790305,0.009173337296754411,0.009479127074319058
2017-06-05,,-0.0026168338700739346,-0.0027557577481871235
2017-06-06,-0.01047940467155939,-0.005702823694808376,-0.004097646329302157
2017-06-07,-0.0015024123995306393,-0.0004279597644567853,0.000943703109119156
2017-06-08,0.004237946660615943,0.0007840559510393723,0.00292306872818056
2017-06-09,0.006226412148694793,0.005893618107026046,0.005374152940313485
2017-06-12,-0.011745480763428406,-0.010882396274643763,-0.012747127509925198
2017-06-13,0.003927867546795527,0.006810558528367382,0.007157139063710197
2017-06-14,-0.003013099030450106,0.0010234840901884787,3.945520684440432e-06
2017-06-15,-0.006114751730049717,-0.006716402790883479,-0.006848244337989267
2017-06-16,0.005224828023511208,0.008058176672285014,0.009647266616838896
2017-06-19,0.010073759884259736,0.009631849334234858,0.009558227153835417
2017-06-20,-0.0052855825509486865,-0.0030568102822122476,-0.003003965930039351
2017-06-21,-0.0017720911729689481,-0.0034595254986924317,-0.0031345237910428126
2017-06-22,0.00039667223574668675,0.00020023244266999975,-0.0005539316362529769
2017-06-23,-0.003397326581666582,-0.0023066461270048423,-0.0004947714974632474
2017-06-26,0.005102062925247175,0.005301598662000734,0.005005619060293232
2017-06-27,-0.006580999824297495,-0.00903661375990752,-0.009279692708322003
2017-06-28,-0.0007404974534939157,-0.002330195365047845,-0.0006155759939624522
2017-06-29,-0.01820569445713116,-0.01843900395255103,-0.017870468401811317
2017-06-30,-0.008483835975911624,-0.003972773590598198,-0.0027609020756463425
2017-07-03,0.01450665848236432,0.010684142432872468,0.01188438929264741
2017-07-04,-0.0035340089499411587,-0.003578354583962608,-0.0040866731580983025
2017-07-05,-0.0003046610572401409,0.003390658223957909,0.0035735653105296887
2017-07-06,-0.004700381327570002,-0.005193446727354114,-0.00496308784025514
2017-07-07,0.0005141531254990728,0.0012414916090616416,0.0017254673252454025
2017-07-10,0.0041052619747843355,0.003706889975856418,0.004494831261479098
2017-07-11,-0.003904498131037215,-0.0039712991578690765,-0.004042192371900466
2017-07-12,0.014648663087382108,0.014426170905825155,0.01640369986059283
2017-07-13,0.0035844306266414883,0.002581971557602356,0.0029077142240197585
2017-07-14,-0.0005357789230800991,0.0013953887946909164,0.0013928164799934123
2017-07-17,-0.0027197976030414184,-0.0022348234848723588,-0.0015981079586808772
2017-07-18,-0.010712859911595762,-0.008913380635892984,-0.007509179033643257
2017-07-19,0.006209279790676536,0.005618358391496464,0.007173508683896345
2017-07-20,-0.00022570737011162745,-0.0016511930013858864,-0.00142139795124741
2017-07-21,-0.013653426395427437,-0.013736145624943933,-0.013095565729229694
2017-07-24,0.00042296746148884345,-0.0017913664844899089,-0.0028786998169571987
2017-07-25,0.005898961667140323,0.004720670306099268,0.004333565437555092
2017-07-26,0.005081243285475656,0.004667625181671844,0.005369332014554327
2017-07-27,0.0005585350648213971,0.0004254284576259902,0.0008289789527026495
2017-07-28,-0.007274232861649743,-0.008887144426514079,-0.013820090890804621
2017-07-31,-0.0052973769889660405,-0.005055296188386686,-0.004125755912723255
2017-08-01,,0.0075720431951133505,0.008174005743893552
2017-08-02,0.002887480776445406,-0.001886959775321328,-0.00197412715390696
2017-08-03,0.0020379869053506194,0.0016113255566298737,0.002173419037600725
2017-08-04,0.011839415184988322,0.014128570067807447,0.014869304785390438
2017-08-07,-0.0004589891231393528,-0.0019093328792024744,0.0003456458159249745
2017-08-08,0.002803877535115795,0.0009674470462413067,0.0023045151229784074
2017-08-09,-0.013420050906991388,-0.01068637605813246,-0.009730661935429498
2017-08-10,-0.010064989402523872,-0.008438042475094106,-0.008459305928204899
2017-08-11,-0.007921838886702282,-0.007006487410769622,-0.009380685568382764
2017-08-14,0.013010980364565272,0.01240200467360343,0.013168536838509786
2017-08-15,0.0032602459491521962,0.0029379747670219736,0.002403642744455647
2017-08-16,0.0065455648979928505,0.006606927824846065,0.006081577983206662
2017-08-17,-0.006485763396622324,-0.0043473356238980625,-0.0036959087899762215
2017-08-18,-0.004604298169401999,-0.0059875347673059446,-0.004509604414104025
2017-08-21,-0.006529252447207812,-0.00531302249176099,-0.004923808915324638
2017-08-22,0.009364620356306697,0.008214033023851043,0.007903056456790805
2017-08-23,-0.004908048862305003,-0.004690861140233763,-0.0042674491873407935
2017-08-24,0.0017739905740241646,0.0012153335981746167,0.000653427598724216
2017-08-25,-0.001794024796102911,-0.0013403693907338473,-0.001340576796978178
2017-08-28,-0.0050951766734049775,-0.004472685304210696,-0.004535222441051625
2017-08-29,-0.009590695703302732,-0.009991573413933608,-0.010037225796332877
2017-08-30,0.004571719112861583,0.006027286043822966,0.005996647535031062
2017-08-31,0.005217838829834509,0.005349160110545667,0.006869652089411912
2017-09-01,0.006549790642601971,0.006497083022514214,0.006448634163343026
2017-09-04,-0.003908371214234818,-0.003507864856526768,-0.004321805525076493
2017-09-05,-0.0027867769011866717,-0.00018286164324833758,-0.002530421161310374
2017-09-06,0.0037826574590178463,0.005149827399602716,0.003876884348639981
2017-09-07,0.004036304619436271,0.005519617268152988,0.006888068272925082
2017-09-08,8.70996582214012e-06,0.0021192136528249378,0.0011580603215984057
2017-09-11,0.01377734100596717,0.013100281828983614,0.015492064706965908
2017-09-12,0.004969720757158846,0.004980336630937213,0.0037294323648009546
2017-09-13,0.003012000883199528,0.0023456925542028103,0.0016951776161244613
2017-09-14,0.0009480426839241218,0.0003002660846297675,-0.00017479516407178185
2017-09-15,-0.0030993883594936378,-0.0018571005189081736,-0.0017067411009541557
2017-09-18,0.0031829844104147575,0.0028499210267060484,0.0036803709114944295
2017-09-19,0.0012589365852286871,0.0012153459702543162,0.003822327121572175
2017-09-20,-0.0015943347856564039,-0.0015430988876256788,-0.0021001172102434462
2017-09-21,0.003982368369435774,0.0026319777367583095,0.00034074527722195854
2017-09-22,0.0005169621211797981,0.0008372742080368222,0.00016643156388791337
2017-09-25,-0.0010193264508324695,0.00016143083441257815,-0.0025299073690051277
2017-09-26,-0.00040425460274851055,-0.00022268510938985706,-0.0004603941316728853
2017-09-27,0.005313354227108658,0.002685381441814476,0.004676482420428927
2017-09-28,0.0023824377416072906,0.001916596550922919,0.002776520712583169
2017-09-29,0.008757957015046669,0.00742728242014484,0.005907554421792723
2017-10-02,0.0021808539400185456,0.0046093582617469445,0.0038749235374555997
2017-10-03,0.0008438247669895205,0.0017436431098648403,0.0012293061168204729
2017-10-04,-0.003000798190662124,-0.00018909044229354345,-0.004739919090965702
2017-10-05,0.005182362689482689,0.002823864418451283,0.0031813134558425797
2017-10-06,-0.0028282434647737276,-0.0022672267686843126,-0.001158183289765413
2017-10-09,0.0019925879090683107,0.0027901161099009595,0.0034924867679413133
2017-10-10,-0.003243307298158138,-0.001062864926022081,-0.0014503278309696806
2017-10-11,0.0023896514958650084,0.002349093496528316,0.004564287757955295
2017-10-12,-0.0005127956929716904,0.00048356913747060195,-0.000170409440635672
2017-10-13,-0.0002745746793243464,-0.0009024589799264366,-0.0010057353099965863
2017-10-16,0.0004771666301255362,0.00019253201071798925,-0.0005681979349093244
2017-10-17,0.0004159422316358796,0.0013184312722718619,0.0010068038859360573
2017-10-18,0.0032928601141819502,0.0035954930053913353,0.001200867877312712
2017-10-19,-0.004854011983394302,-0.0020426234501368353,-0.0018835672674706165
2017-10-20,0.0008356310617256835,0.0009392358176641303,0.002498880118153761
2017-10-23,0.0010485255313263941,0.001729689660121912,0.0016980769239445098
2017-10-24,0.000504264199320037,-0.0013302880781625658,0.0015672526358093835
2017-10-25,-0.005325846393410827,-0.002093526031537986,0.0008348674969812006
2017-10-26,0.012735764980452036,0.014730949160683774,0.01680405951636016
2017-10-27,0.004132307599934881,0.005597837944173035,0.0026364423717446265
2017-10-30,0.0027243497957378793,0.0027951637344120835,0.0034117976276452433
2017-10-31,0.0032139379327469353,0.0025801454252509233,0.0023551468857840366
2017-11-01,0.006382762779230999,0.008016156421514082,0.004640927392030849
2017-11-02,-0.002325919085827799,-0.002872928686331589,-0.0014681810186798379
2017-11-03,0.00031444154863158325,0.00395785742716312,0.00453214335492026
2017-11-06,-0.0020596033779023415,-0.0008107240256816662,-0.001050046372315816
2017-11-07,-0.006406241191662887,-0.006410479819610138,-0.005299581897036448
2017-11-08,-0.0010194630926817494,-0.0016639840631325542,-0.0017668901651240214
2017-11-09,-0.011638734062031975,-0.011933013127153962,-0.01166441982486298
2017-11-10,-0.005187540484429043,-0.003538471713209162,-0.0027697884577864104
2017-11-13,-0.005353721435616854,-0.0037881425794222797,-0.00440187620592548
2017-11-14,-0.00507484554527704,-0.0025130868043346066,-0.0007357495810846024
2017-11-15,-0.0029974053252734834,-0.0020505704543397323,-0.001677718253107681
2017-11-16,0.00538115760862512,0.007749537040941642,0.0075234657738814615
2017-11-17,-0.004864252626136656,-0.004309832130398441,-0.00575687251635648
2017-11-20,0.003932377293433209,0.003724332666809659,0.003517915607131651
2017-11-21,0.005028951017307159,0.006546655401601653,0.005012982588256982
2017-11-22,-0.004657355498614235,-0.00657234839780199,-0.005241581988568657
2017-11-23,0.002644145863086811,0.0022642954089143845,0.0022487779617025366
2017-11-24,0.002564314760244324,0.0025558524851765404,0.001322688361152811
2017-11-27,-0.004805600337345339,-0.004431572907501167,-0.004241927438474559
2017-11-28,0.005462923858659874,0.003349242055454536,0.0030322387181557723
2017-11-29,0.0017915278172717652,-0.0007686248663787208,0.0006096065986778251
2017-11-30,-0.005565593702842597,-0.003252127236154581,-0.002867168893670522
2017-12-01,-0.011871348683938132,-0.011055160401257444,-0.011832678179300931
2017-12-04,0.013797089006234442,0.013589956702435072,0.01474400982160745
2017-12-05,-0.0015798533216121458,0.0020295326757954965,0.004239381969547237
2017-12-06,-0.0025206059056673835,-0.0015929502502776533,-0.0016703668298825153
2017-12-07,0.0032457075894314347,0.003383336360296698,0.006353484181702135
2017-12-08,0.005127176621024132,0.005091922471928181,0.0047046427624007755
2017-12-11,-0.002572774262781241,-0.003901678073985054,-0.0037002666608452707
2017-12-12,0.005063951358935892,0.004286302838185625,0.0031315652567520365
2017-12-13,-0.005166191479637594,-0.0038010635363117285,-0.0030037250421979292
2017-12-14,-0.00712780875270469,-0.00590661683950672,-0.007079671000786396
2017-12-15,0.0012119773341208173,0.0020766498336363733,0.0009163421990463091
2017-12-18,0.013731071666802208,0.012357244995893414,0.011784144312418142
2017-12-19,-0.007535823369902772,-0.005225094608819472,-0.004555427471988126
2017-12-20,-0.008254677054839066,-0.0075766993744451235,-0.005698913845088647
2017-12-21,0.005103268686788898,0.003798138407290813,0.005362749096250286
2017-12-22,-0.004870122454692427,-0.0031798795330682445,-0.0033032610585739504
2017-12-27,-0.0009061687844452715,0.0011028917743175122,-0.0002491539647882714
2017-12-28,-0.007284119793745325,-0.006643358342486199,-0.007018534653552834
2017-12-29,-0.0057742076205901105,-0.0044003695168497,-0.004132466390230234
2018-01-02,,-0.005354860239953481,-0.005487269892133853
2018-01-03,0.0016894947618950606,0.00704011311048431,0.007525756622368056
2018-01-04,0.01680969205976668,0.01470695727276367,0.01669478968817311
2018-01-05,0.0108577484449901,0.010849314134718202,0.009546082777911413
2018-01-08,0.002444837271573297,0.002931899955737042,0.003330983415979382
2018-01-09,0.0017752674824729198,0.0027372364098778063,0.003652703571658649
2018-01-10,-0.003599366960137851,-0.004976146771345458,-0.0027476509338236602
2018-01-11,-0.004041765868404434,-0.00588587197670583,-0.006561930481522882
2018-01-12,0.004831420725268432,0.004636351156258669,0.0038304351337070663
2018-01-15,-0.00022145982442156598,-0.0020379513557142975,-0.0017210889571048014
2018-01-16,0.002824055205943976,0.004528726440597351,0.006966011333718271
2018-01-17,-0.002548303559216314,-0.0019022531696717944,3.403710640111177e-05
2018-01-18,0.00225031220687133,0.004483487559099953,0.004350141705035509
2018-01-19,0.00777709379255076,0.00916829793139343,0.007196942221838738
2018-01-22,0.004442216975264701,0.0011647557572776654,0.002417750787105967
2018-01-23,0.0019125441834011436,0.002867134814978705,0.002188904216614899
2018-01-24,-0.007916059922084995,-0.008934993758166131,-0.008633410488078678
2018-01-25,-0.0035875047633789903,-0.0064696229386853425,-0.004610913046379546
2018-01-26,0.004754627347617335,0.006468148342336534,0.0046097739279148155
2018-01-29,-0.0011980756496885459,-0.001487172848147184,-0.0017615688057154048
2018-01-30,-0.009961471356752183,-0.007384310897467013,-0.007273876702014489
2018-01-31,0.0007042459277744051,0.0016324830907782073,0.0014141507632670592
2018-02-01,-0.008849369447973099,-0.009357268530764273,-0.009824486961858347
2018-02-02,-0.015114558966490055,-0.01509179655056719,-0.015882651694294456
2018-02-05,-0.012633117048216236,-0.010888943853333333,-0.008915853959348938
2018-02-06,-0.024103374904903996,-0.022181169386884955,-0.022463637502268055
2018-02-07,0.017555671229172676,0.01818743828994882,0.01740568155093522
2018-02-08,-0.022353314079216147,-0.0239630196034963,-0.02887194801911774
2018-02-09,-0.015192626730098469,-0.011229702182810709,-0.010572495320766232
2018-02-12,0.012705994343657157,0.01212698190702889,0.014218912804204854
2018-02-13,-0.008111057077117234,-0.008097223532790824,-0.009832251059147808
2018-02-14,0.008650329874682283,0.011252194044899242,0.013067528847619112
2018-02-15,0.005875609316108532,0.006989460767858575,0.0067343016701897004
2018-02-16,0.010965847978394505,0.012160075478621133,0.011029493486871326
2018-02-19,-0.0055474523544342125,-0.005870281394993834,-0.005484121919129171
2018-02-20,0.00800813391895705,0.006599086895564728,0.007600354286979815
2018-02-21,-0.001432329345540273,-5.887593535606019e-05,0.00021196202924953726
2018-02-22,0.0005335255635161573,3.4308644783815123e-05,-0.0012968313475740841
2018-02-23,0.0027593236074676675,0.002118101054129398,0.0009494036863475796
2018-02-26,0.006311266510765634,0.005292956632315951,0.004478287193395537
2018-02-27,-0.0014870445951752354,-0.0024626540540739527,-0.001762511826394142
2018-02-28,-0.005514720184634947,-0.0048121039806545435,-0.004927124982755917
2018-03-01,-0.01157328071607644,-0.011787937499136363,-0.01221793382080656
2018-03-02,-0.02189067708680359,-0.020664913952381073,-0.021701883070851788
2018-03-05,0.009194696744116104,0.008961402004832671,0.013322734611247809
2018-03-06,0.0007570183912481987,0.0016892609526043465,0.0018994372714793075
2018-03-07,0.0058072699215041546,0.004144914502914698,0.005197616763825887
2018-03-08,0.010635502541038289,0.012811283416656192,0.01292947058638294
2018-03-09,0.002126989270823776,0.0012124603192319768,0.0021344860670354693
2018-03-12,0.0026136051319585185,0.0014244476728646003,0.0016515204052645314
2018-03-13,-0.009368732923759393,-0.010191157857126399,-0.009066139265895341
2018-03-14,-0.0018750254805208755,0.0018594946306659226,-0.00030601004061453
2018-03-15,0.006826906421311341,0.00860032914410443,0.008770037057597083
2018-03-16,0.006815797815973301,0.004023779016214376,0.00440911868189393
2018-03-19,-0.01239595747216038,-0.010256211261459284,-0.010474625269667477
2018-03-20,0.005093109971859411,0.006766978433470447,0.008280613165455378
2018-03-21,-0.0032355744143235388,-0.001805102051445105,-0.0022582311162589064
2018-03-22,-0.015539393066227869,-0.014020767197737339,-0.015875533155409877
2018-03-23,-0.014969244243362989,-0.01400302787875283,-0.012360947772730415
2018-03-26,-0.005867096999468635,-0.007145314672346009,-0.006287012416909114
2018-03-27,0.011660032066825199,0.012944872895194505,0.013852702262643846
2018-03-28,0.004311204332669849,0.002562812638282693,0.001843966143841494
2018-03-29,0.009080675422138862,0.009364187858147612,0.0071060070491455775
2018-04-03,-0.004334394764242133,-0.004244626806582295,-0.003503855465604545
2018-04-04,-0.0019659312067128454,-0.0043854867743083,-0.007458014650362514
2018-04-05,0.026823491661441823,0.024282399226758136,0.026317535596505008
2018-04-06,-0.006370312486230101,-0.0035823731528670825,-0.003730960673593989
2018-04-09,0.0019805756303816757,0.002803332790318379,0.00464035272873492
2018-04-10,0.007007608039373503,0.007198092905882151,0.004176571035290773
2018-04-11,-0.0055455911221938825,-0.004968995550646171,-0.0043622067784395355
2018-04-12,0.007094171808917249,0.0058663479565150296,0.004912038746617284
2018-04-13,0.0011701696106338755,0.0027821708853504696,0.004054232352120244
2018-04-16,-0.0020185501740139777,-0.0018869223269348864,-0.001981871497247136
2018-04-17,0.0107147468736557,0.010373794346813804,0.010113946863873412
2018-04-18,0.003732121109639719,0.0024035199449452564,0.0013391352389147731
2018-04-19,-0.0012288542840042105,-0.002568196836026852,-0.0018040683673939053
2018-04-20,0.002179731769169413,0.0006148283643846453,0.0016083432770338424
2018-04-23,0.005397546867517811,0.003989736470111772,0.004197344343659744
2018-04-24,-0.0006205917244185288,-0.002022785067018928,-0.0008636568942214852
2018-04-25,-0.007134908010180907,-0.004682142909656622,-0.0033748045980573505
2018-04-26,0.005794875409299793,0.00936694733181148,0.011939656420429746
2018-04-27,0.0036365917845937457,0.005313003203309719,0.0041203568351998905
2018-04-30,0.0050415174730436,0.0045483017938274745,0.004327754044182594
2018-05-01,,8.716120257186895e-05,
2018-05-02,0.004883336981646558,0.007897644010903194,0.012102262021403113
2018-05-03,-0.006941862554981304,-0.006538483942586844,-0.005149535546138436
2018-05-04,0.006083661164316245,0.005905526020826086,0.005414146893937312
2018-05-07,0.0038303078257224676,0.005465746922168737,0.005987248518642579
2018-05-08,-0.001770404525138658,-0.0008029173521502859,-0.002760411092455244
2018-05-09,0.003333475943544162,1.927841958863944e-05,-0.0005910439427620634
2018-05-10,,0.0029934235328725367,0.0024968858901616253
2018-05-11,-0.001182150524077663,-0.0005070913008651705,0.0006329272271949298
2018-05-14,6.169366565478285e-05,0.0026206718757227484,-0.00034769123718298865
2018-05-15,-0.0004066339677223363,0.0007881645376434492,0.0016943999486867538
2018-05-16,-0.00040399097274479434,0.0039927262120517,-0.0002712913791465392
2018-05-17,0.008232126862834921,0.00853926705859757,0.008787513214222883
2018-05-18,-0.005127783782741813,-0.0019043442370068051,-0.004204477026673522
2018-05-21,,0.003119561968283425,0.0015669611324527137
2018-05-22,0.003774733043699907,0.0032593302725868172,0.004578654531563531
2018-05-23,-0.012664278207540569,-0.010187252085828,-0.01122068503828039
2018-05-24,-0.0056637710597555735,-0.0023386732693527618,-0.0021957344929220777
2018-05-25,-0.0018172456333843678,0.002220608567929922,-0.0006924466991033488
2018-05-28,-0.009307784410150566,-0.004675407414880578,-0.004888866927287083
2018-05-29,-0.015649048329556936,-0.012610815685608696,-0.014249935454449261
2018-05-30,0.003806743133979662,0.004435525967149824,0.004121953756095339
2018-05-31,-0.010037237000048438,-0.008626333663903722,-0.007593313459971328
2018-06-01,0.013764295818150085,0.010912265003450966,0.014346360203688811
2018-06-04,0.004641622456660999,0.006222329393223162,0.007448318947704581
2018-06-05,-0.003683461855366721,-0.0012405524825906294,-0.0013507762277617365
2018-06-06,0.0011658298463408379,0.0019999136537406236,0.0044132786091149205
2018-06-07,-0.00030341016850565783,-0.004756384201143501,-0.004707698193885541
2018-06-08,-0.0036042774311340064,-0.0001414231750146061,-0.0027899926598245477
2018-06-11,0.0095494797470701,0.007803493441793404,0.009986682593420834
2018-06-12,-0.0013332183134007192,-0.001176119276764872,-0.0013633037181603872
2018-06-13,0.0011451271185471956,0.002987183346716139,0.0032886710097087338
2018-06-14,0.01366553449106589,0.013525914518806146,0.013497991135742536
2018-06-15,-0.006262942275649164,-0.005784223399626619,-0.006398242928824082
2018-06-18,-0.0109471893972235,-0.0111181341442923,-0.010938827544786322
2018-06-19,-0.009043270559831562,-0.01043069231815308,-0.00917992997821837
2018-06-20,0.0012517244312475473,0.0013732530327973706,0.0011852515233780065
2018-06-21,-0.010492524413226123,-0.010254074358295184,-0.011083637534199586
2018-06-22,0.011191413537226413,0.007281904870009605,0.0055260116959334705
2018-06-25,-0.0210338606865067,-0.02092275465740225,-0.021657734053392767
2018-06-26,-0.00014543172009817695,-0.0009070000894468354,-9.709064378052475e-06
2018-06-27,0.008433444229431153,0.007458303509042791,0.006675502441772963
2018-06-28,-0.00930487325732876,-0.00970074577090122,-0.009112436306791
2018-06-29,0.008937720715147979,0.009605142464606696,0.00966919095414649
2018-07-02,-0.006888366216556752,-0.007360681393480627,-0.008335547895866673
2018-07-03,0.010120997030054202,0.00775160929523328,0.008577047454000045
2018-07-04,0.0016703972160749814,0.00027920042418556293,0.0004690486209817282
2018-07-05,0.008467068799059563,0.006607465847640638,0.007698205972064528
2018-07-06,0.002200012837148435,0.003502324467196732,0.0036370125879829963
2018-07-09,0.0034652706067443972,0.003323657531454057,0.005284898542238974
2018-07-10,0.0037192143829785085,0.005185425065149433,0.004674993597273867
2018-07-11,-0.014671872114599638,-0.012357108446294493,-0.012249664368772567
2018-07-12,0.006761404104601354,0.007630748783260852,0.006960109109107831
2018-07-13,0.002626636277065497,0.0034396035885058264,0.002169196776610801
2018-07-16,-0.0015805175040265462,-0.0007743469809104663,0.0004547125565635463
2018-07-17,0.0024412080350662,0.0044371535304470995,0.00744809456493508
2018-07-18,0.007976884454085287,0.0077368124806153835,0.009491930207384178
2018-07-19,-0.0038564924475746887,-0.0038255946184573794,-0.004590266699588332
2018-07-20,-0.0033442016907944128,-0.004339868375355546,-0.004388113611020922
2018-07-23,-0.0017283029193038146,-0.0022251064663506544,-0.0021507710474072406
2018-07-24,0.008471217725542601,0.008377984552764782,0.005792508980889556
2018-07-25,-0.004266088217328212,-0.0033896308152028924,-0.0035968499934682196
2018-07-26,0.011766079827167264,0.010894880244866928,0.010561768319739262
2018-07-27,0.005106467445824769,0.0019754737000746434,0.0027529404239678224
2018-07-30,-0.004215796553244777,-0.0054044073980751405,-0.004627661808193862
2018-07-31,0.0037524964421142837,0.001330410361136273,0.00033563624940115435
2018-08-01,,-0.005090473536709415,-0.007432840238339081
2018-08-02,-0.015963746645044408,-0.008307251147502727,-0.008781468816283129
2018-08-03,0.0038020013629265215,0.0058769505659701776,0.005499004047109038
2018-08-06,0.00025848467302203026,-0.00032650355627963245,-0.0002433722412931009
2018-08-07,0.006048881148222884,0.005373349419701486,0.006758807314478074
2018-08-08,-0.0030733109347538257,-0.002455278384705122,-0.001406865821468126
2018-08-09,0.00015164443128545813,0.0028759407924631077,0.001013009150487788
2018-08-10,-0.019418240383710317,-0.016675473469005508,-0.016843812805244246
2018-08-13,-0.004844932947539848,-0.002278115621883725,0.000525106846347732
2018-08-14,-7.0385198841727e-05,-0.0006260415417299206,-0.0016408001609022741
2018-08-15,-0.014770714214496161,-0.01460985221834748,-0.014381012934362095
2018-08-16,0.0055015005807790285,0.0055420751010580365,0.005460872418319632
2018-08-17,-0.0013678862608792475,-0.000505217842555493,-0.000782070500685577
2018-08-20,0.006145968016808112,0.006738608087446509,0.006208258483948495
2018-08-21,0.005301042945684342,0.005293641358163369,0.0067399878113874
2018-08-22,0.0024973239478038867,0.0017986017877089856,0.0025739151249699914
2018-08-23,-0.00026896889002625546,-0.0004007497414232422,-0.0002847394541779162
2018-08-24,0.002392310317459456,0.0015454152191069358,0.0015227722357144132
2018-08-27,0.008335687712055062,0.009770532076042048,0.01176098103897341
2018-08-28,-0.002442105773877601,-0.0002503350853536642,-0.0020118588953047826
2018-08-29,0.0024828545413626557,0.001763557155388599,0.0011603958730046137
2018-08-30,-0.007274001224218285,-0.004540640446521035,-0.0040478689486056684
2018-08-31,-0.011101777653393818,-0.010893796491107282,-0.010590305177726862
2018-09-03,0.0006160181733529946,-0.0008301937536389001,-0.0009737840583649874
2018-09-04,-0.010494841841934277,-0.009911594817481065,-0.008122371745426824
2018-09-05,-0.013020333815614848,-0.012368422703608328,-0.012744556550019322
2018-09-06,-0.0059325752968943934,-0.005801298943431684,-0.005340945899046117
2018-09-07,-0.0007857655724458068,5.303521870691003e-05,-0.0022993837295678245
2018-09-10,0.004833945114645299,0.004686724008671383,0.007353193725179893
2018-09-11,0.0007191543112534671,-0.0010899539000912531,-0.001439950605099605
2018-09-12,0.00451138897018466,0.004457025447643934,0.0017557957823451683
2018-09-13,0.0021282492008152243,0.001730814108080897,0.00037202318462574305
2018-09-14,0.0032846437640552395,0.004524290734506823,0.00530462035690637
2018-09-17,0.0004425673547689968,-0.0008580107572692254,0.0009619861775706961
2018-09-18,0.0036908092098237866,0.003500028476090798,0.0037636381067333476
2018-09-19,0.0030073599558391173,0.002231951444669324,0.0016882876135546573
2018-09-20,0.010259593830801217,0.008809908616540326,0.007702863121240982
2018-09-21,0.008136633750209787,0.007687700747489666,0.008225263877522265
2018-09-24,-0.005937407682061524,-0.007249074306025802,-0.00736392807843338
2018-09-25,0.002738675408915592,0.0011487695313531377,0.0012475813575866094
2018-09-26,0.003909571050366489,0.0028812341929945985,0.0008309181827285977
2018-09-27,0.004846900798099796,0.004969983093023703,0.005232957043234156
2018-09-28,-0.014664686090480217,-0.013401721227039302,-0.015617192012209593
2018-10-01,0.004401024127927311,0.0019023217338975096,0.000999437300079221
2018-10-02,-0.007372215317605124,-0.006637233538386654,-0.005049365490171486
2018-10-03,0.004865753527941052,0.004634228789330171,0.0034964692146813607
2018-10-04,-0.008926759863083888,-0.01026841689210623,-0.008579962805877507
2018-10-05,-0.00876129375203527,-0.009349871400197374,-0.010779652718637615
2018-10-08,-0.010697932121864984,-0.010584679108800522,-0.012791650563600005
2018-10-09,0.0036468547507821913,0.0006174247619520398,0.0023570316197162734
2018-10-10,-0.016524264434402358,-0.021290698814048093,-0.021371052396095446
2018-10-11,-0.017665053332264646,-0.016521566897477417,-0.018133236797769448
2018-10-12,-0.004605532633383036,-0.0031490433178799518,-0.0037939521633069276
2018-10-15,0.004996292097656285,0.0023533835398337173,0.001065099998651998
2018-10-16,0.014630702781363913,0.018800423992594437,0.02106256612379709
2018-10-17,-0.004377808154737539,-0.002403138620702701,-0.0024192436590540992
2018-10-18,-0.009709902081548316,-0.00786609634856457,-0.010145293342510717
2018-10-19,-0.00023976285232574224,-0.0013332186127858019,-0.0018724294063391426
2018-10-22,-0.006456288288030021,-0.006222683812189288,-0.002720505341373045
2018-10-23,-0.015407134483407026,-0.016204940149582535,-0.013687245811147513
2018-10-24,-0.003377926098332873,-0.0025218655240142915,-0.0016999532398197417
2018-10-25,0.010883780033116519,0.01129608371771167,0.015571055346545596
2018-10-26,-0.009325625683829886,-0.004872704373598602,-0.006066343288686034
2018-10-29,0.006392581457086655,0.02744707163672452,0.006149524040986631
2018-10-30,-0.0024723366819927595,-0.0005543767081487715,0.002138149418575526
2018-10-31,0.016008277024771367,0.015548831712454227,0.01359961538963506
2018-11-01,0.002095365136949079,0.007471703484560219,0.008733256721118302
2018-11-02,0.003183296701573468,0.005544919002644169,0.004391178279396442
2018-11-05,0.000920917083085504,-0.004120623987534575,-0.006170912918521365
2018-11-06,-0.0030926485415604388,-0.00032224841408916587,0.0019646109790795673
2018-11-07,0.012078240748671254,0.010126935136793818,0.012221739128035411
2018-11-08,-0.0026369045986789352,-0.0037018771219964755,-0.003063550795984103
2018-11-09,-0.0025049752145145376,-0.0015016809785507168,-0.0018656561391906775
2018-11-12,-0.010964552331682587,-0.011099041758702985,-0.011594328391406165
2018-11-13,0.009624051135013634,0.012571420426844428,0.012606228728488158
2018-11-14,-0.0060344331124398964,-0.004466655097155172,-0.002995457768502342
2018-11-15,-0.004695275256946352,-0.006963941125770621,-0.007933642147938838
2018-11-16,-0.0029997300647949254,-0.0018543717751671334,-0.0031627118470012924
2018-11-19,-0.006416718142371658,-0.006419614658944633,-0.007902998684178047
2018-11-20,-0.014004869398961506,-0.013754698623179157,-0.013356474586033824
2018-11-21,0.012143450941167977,0.014093433662560332,0.012944829761954465
2018-11-22,-0.008636895396522681,-0.007065204177937526,-0.006927333335532451
2018-11-23,0.0033710110958107276,0.005680944795150154,0.004976712105729263
2018-11-26,0.011315787097872176,0.009758135190509082,0.015484725625171746
2018-11-27,-0.001982544599827607,-0.0010560290909878318,0.0014216569628336243
2018-11-28,0.0005906092830600951,-0.00075675304870999,-0.0012949540353791036
2018-11-29,0.0018526943328247558,0.002806097641963019,0.0032002681233881235
2018-11-30,-0.00032450444481590957,-0.0018213332238146563,-0.0032880039233528324
2018-12-03,0.013192055964763805,0.014066663174388422,0.017566984689447125
2018-12-04,-0.008006242657072837,-0.008569272032863519,-0.009232546040403886
2018-12-05,-0.012222303049306271,-0.011388400288164817,-0.0106599209977725
2018-12-06,-0.03311782111934636,-0.030144982223972515,-0.02742751687401518
2018-12-07,0.004133399950055017,0.002438408753658028,0.0014534409392749435
2018-12-10,-0.013581700557500076,-0.013566013130639635,-0.012473722784225226
2018-12-11,0.012704741522858054,0.011657438323805622,0.009790600776052961
2018-12-12,0.01723220540834025,0.01714580935850788,0.014934651081553856
2018-12-13,0.0013513486421006249,0.0008955316093780824,0.002386078701891296
2018-12-14,-0.006288160508737262,-0.007299397723764784,-0.007158671286529751
2018-12-17,-0.009361118503075083,-0.010811638391700067,-0.009755896277936913
2018-12-18,-0.00767712361149564,-0.00347663078202653,-0.003510182636377883
2018-12-19,0.003700499792100409,0.0027956257447621195,0.004243435801192024
2018-12-20,-0.01681856273809601,-0.018562519355187084,-0.020247994991545372
2018-12-21,0.00018334566281419384,0.00014991482727068025,-0.0015545820665409406
2018-12-24,,-0.007417928718460195,-0.006561404781533648
2018-12-27,-0.021079046508723942,-0.014102530307295984,-0.011048910610148963
2018-12-28,0.016739494038481517,0.016320574951176066,0.01641821626713425
2018-12-31,,0.005581733853154539,0.006188118485724648
2019-01-02,,-0.0035745573873455856,-0.0037631878476786403
2019-01-03,-0.010671286305690142,-0.01477953664667877,-0.01453681910044922
2019-01-04,0.029509381315219185,0.030326412953386745,0.027658581827833612
2019-01-07,-0.002699082708052636,-0.0003035446498735857,0.004532403191627621
2019-01-08,0.007021284249705717,0.009366435352959227,0.0073596007948868005
2019-01-09,0.005008297804699691,0.005494594802733927,0.005427658832236948
2019-01-10,0.001788130575421265,-0.0008841711566314722,-0.0035998026724492183
2019-01-11,-0.0018499481544215213,0.0005202954349826437,0.00017612457864654447
2019-01-14,-0.004840362604795367,-0.006138352788895129,-0.006357428425733144
2019-01-15,0.004212556146103941,0.005801450189248326,0.005275486922967764
2019-01-16,0.0029888436803660046,0.004138956340075837,0.006930653026710219
2019-01-17,-0.0025574619540255084,-0.00204386730224602,-0.0015885364026379774
2019-01-18,0.02136277124031105,0.021255439517209845,0.02184888361569507
2019-01-21,-0.003141979458829769,-0.001169044445935236,-0.0014392122192037346
2019-01-22,-0.003926318045039179,-0.003404499250832397,-0.004581910103926909
2019-01-23,-0.0002152936229282698,0.0017164167891358078,0.0040409831179115015
2019-01-24,0.004556421657546883,0.004299005872655177,0.004515439593392279
2019-01-25,0.011812625844223712,0.010806396948356329,0.010235189695479678
2019-01-28,-0.008209927189242516,-0.007192994705354928,-0.00709620061226522
2019-01-29,0.0051477564561051015,0.0051738560538529136,0.005098418038793023
2019-01-30,0.002638426916109271,0.0029711609547488,-0.0012702897030859683
2019-01-31,-0.0007306287067584405,0.0021078123797113077,-0.00022436462887621565
2019-02-01,0.003700093134396676,0.004634233834176054,0.004522977315074183
2019-02-04,-0.001866900584516773,-0.0019999989608094825,-0.002584512682760644
2019-02-05,0.015746268410074205,0.015047865482121779,0.01320582849200995
2019-02-06,-0.0007122894185517259,0.0008133159969065545,0.0050559869876450735
2019-02-07,-0.01929499338572871,-0.017870442367975296,-0.01640274254691178
2019-02-08,-0.004805155883643275,-0.007845932736982995,-0.010600112993549226
2019-02-11,0.009564293148078384,0.009893327136131565,0.011310586464073303
2019-02-12,0.007941563284881159,0.006902887285053322,0.0062144129485600655
2019-02-13,0.00364181368016947,0.005263271484643976,0.006145638583654161
2019-02-14,-0.006154880379181438,-0.0059350029759626085,-0.004301259197529773
2019-02-15,0.018409157629154738,0.016221683177291897,0.014662853992899478
2019-02-18,0.0010921832626300532,0.0002801641076152138,0.0007959086274795851
2019-02-19,-0.0016580817049284269,-0.0015379149189403496,-0.0011917374230037642
2019-02-20,0.006198683879312661,0.007284212131243359,0.006638956046672659
2019-02-21,0.0012916011440182729,0.0005427779918272735,0.0011317799787655123
2019-02-22,0.0020988749281014574,0.0023062487882351463,0.0038263699110802226
2019-02-25,0.002892467890192485,0.00441749148885078,0.003568685693823419
2019-02-26,0.002838423654688782,0.0034993347735831834,0.002726228671630733
2019-02-27,-0.0019913075847260986,-0.003122123153501796,-0.0047788614096077806
2019-02-28,0.004718573005610738,0.002596283393647065,0.00016828470159746046
2019-03-01,0.004196178578413479,0.006996504986108211,0.004955558467404369
2019-03-04,0.0015156604122659179,0.001965497053399725,0.0019213898333091696
2019-03-05,0.0030357128005080725,0.001334951197642775,-0.0004094935306019495
2019-03-06,-0.0007574016045632792,-0.002885872415359335,-0.0027017750121242183
2019-03-07,-0.004758314169872047,-0.004146645005161235,-0.0010939661208493776
2019-03-08,-0.007631049836697712,-0.007475031453611957,-0.007928416893128497
2019-03-11,0.006346644651610722,0.0073110369771610005,0.007914433552362916
2019-03-12,-0.00014828231371988299,-0.0003776699753820435,0.0007559624770530981
2019-03-13,0.005902026449915887,0.0024690790653500152,0.001297976833524102
2019-03-14,0.005590599610025615,0.006663071637905841,0.00711479938112446
2019-03-15,0.013180626331230405,0.013020107184970486,0.015162028816078638
2019-03-18,0.0005492672816818089,-0.001023632016899978,-3.4376638857822734e-05
2019-03-19,0.00621618427916526,0.008012911992348798,0.006534356374340245
2019-03-20,-0.010742187444998663,-0.01097270604534816,-0.009361848544431648
2019-03-21,-0.0014766963310104408,-0.003235131392430944,-0.005372352843653855
2019-03-22,-0.018313810000223696,-0.015917797712221092,-0.01445475763649491
2019-03-25,-0.0015881514920343953,-0.001973833119191343,-0.0023466358845439994
2019-03-26,0.005771902606723334,0.006114937838089111,0.0049701211043332374
2019-03-27,0.000756134144915821,0.0006647838056810242,-0.0006001501929833075
2019-03-28,-0.0005267847405375781,-0.0009738045702994834,-0.002741439616913134
2019-03-29,0.009463005228742993,0.010111864082881845,0.010532589861673713
2019-04-01,0.010045595350366865,0.010947918124699235,0.011628752091455611
2019-04-02,0.00304842243903658,0.004323155040123292,0.004468050664822082
2019-04-03,0.01173840697799644,0.01295724081919672,0.013940594731487548
2019-04-04,0.0018541003186112182,0.0017537864879775158,0.002164492713796424
2019-04-05,0.0016095734397418848,0.001459888200160115,0.0019553839967004468
2019-04-08,-0.0027295123900006324,-0.0025316847354043873,-0.002683762748777534
2019-04-09,-0.0060615834634552,-0.0073014115601446414,-0.004392942287426795
2019-04-10,0.0021742618453168827,0.0033034151445005067,0.0017038985755296356
2019-04-11,0.0031215412687168875,0.0029911669607114496,0.0016603071661531535
2019-04-12,0.0036357361076502226,0.005512850005703819,0.005501772536160177
2019-04-15,0.0007627646782191189,0.002058695561057528,0.0009491157285696039
2019-04-16,0.003738674305979073,0.006665081240268003,0.008006481032799542
2019-04-17,0.0041491131606430365,0.0045522671605840795,0.004269083544198113
2019-04-18,0.006182193592844776,0.005924921144380459,0.005836893982307524
2019-04-23,0.0013203241931529774,0.0026188387249026605,0.0028176281920399265
2019-04-24,-0.0003482497726420286,-0.0005210476471834405,-0.0030506832767535283
2019-04-25,-0.0030576913227344793,-0.0011544682970375225,0.0015684641099680259
2019-04-26,0.0024313243687263952,0.001509940794160714,0.00042880221474480873
2019-04-29,0.00043709995070995156,0.0023491526232859066,2.7077764750809837e-05
2019-04-30,0.003620900476202893,0.0038467053340639594,0.0053717515096977945
2019-05-01,,0.0,
2019-05-02,-0.007309519704772227,-0.003779222224116919,-0.00779067202736363
2019-05-03,0.0038837260317898803,0.003866268053042293,-0.0007470222810422362
2019-05-06,-0.011286296916963368,-0.008855438081252944,-0.009540361555018074
2019-05-07,-0.017843179911438467,-0.01264653514944144,-0.010395335765684043
2019-05-08,0.004733708033896278,0.002680418548426938,-0.0010963363255576976
2019-05-09,-0.019474681120328352,-0.016609391675510073,-0.01664369666272034
2019-05-10,0.0030859394338369484,0.0045097075640512085,0.006825440257801157
2019-05-13,-0.011981380643820483,-0.012171825497142536,-0.012005022650791324
2019-05-14,0.013129401411489772,0.011717650162166169,0.013627698910184786
2019-05-15,0.0063607995363823555,0.00805479156365053,0.0075755756138571285
2019-05-16,0.015588735696922651,0.014594244268182496,0.015491923854634973
2019-05-17,-0.003757435024635769,-0.0036950343291212405,-0.0035988890463204866
2019-05-20,-0.0163064028166372,-0.014695484334415006,-0.013691182565587032
2019-05-21,0.004964710116394322,0.003844528635569034,0.0023332457147487743
2019-05-22,6.199922615901521e-05,0.0003868089000654194,-4.834277248395985e-05
2019-05-23,-0.017574532441318236,-0.014026042608643843,-0.01610270472674585
2019-05-24,0.007062996016496292,0.005464272316157238,0.006297584380834746
2019-05-27,0.003981283969046068,0.004019521887395706,0.0036513459706429526
2019-05-28,-0.004512411215091383,-0.0038786521612757946,-0.0069759484666516765
2019-05-29,-0.015244007324549669,-0.014544972385172855,-0.014075790280285504
2019-05-30,,0.005832140212016171,0.007014284939903359
2019-05-31,-0.005270202555349712,-0.010941145450485362,-0.011125952099037693
2019-06-03,0.006032757720855875,0.004382613298868864,0.0010427092941800442
2019-06-04,0.010081151951189193,0.010193931254804724,0.009658174044475836
2019-06-05,0.0019378972246442139,0.0027686027215428266,0.0033678875243049466
2019-06-06,-0.00046109643036384984,-0.003574461617472152,-0.003038556542339295
2019-06-07,0.011972757107006737,0.009847571047499651,0.00982824290308495
2019-06-10,,0.002595950128307952,0.0035512803460369573
2019-06-11,0.0067251806448198614,0.005913061874968209,0.005624526650060791
2019-06-12,-0.004254568987401841,-0.003485818862806083,-0.004097873665856779
2019-06-13,0.0011427634945959664,0.0002756870226390024,-0.0011350890455415989
2019-06-14,-0.003335808582805022,-0.004906380948289271,-0.004683760210943987
2019-06-17,0.0011896401416282565,0.0014664303035196301,-5.716507508157754e-05
2019-06-18,0.020595804813545726,0.01932021990770567,0.01933482400607322
2019-06-19,0.0005242153836613195,0.0011373548422975626,0.0022095138464664596
2019-06-20,0.0038730214460815926,0.0037284700957861084,0.002309196512738451
2019-06-21,-0.0003345239942293965,-0.0021194891093966883,8.778477303843593e-05
2019-06-24,-0.0032737571837114787,-0.003992408362926075,-0.0035355920106572296
2019-06-25,-0.003244026536694755,-0.0030707739028235695,-0.0023037017159308055
2019-06-26,-0.0004094101534664052,0.0003396083354474255,0.0005481461491548469
2019-06-27,-0.00016557545364093151,0.002548426482979022,0.003292462485483715
2019-06-28,0.009095468560754494,0.009136918594974666,0.007653894107607433
2019-07-01,0.006880333998123156,0.008115799573309402,0.008279063730895425
2019-07-02,0.0029705859573556648,0.0029306489386200264,0.00382884802572465
2019-07-03,0.0093073230708689,0.014643537528214772,0.011508564933903623
2019-07-04,0.0009941787524592183,0.001924289766395706,0.0032917626976587296
2019-07-05,-0.004562426095712113,-0.005976992769876265,-0.006432527467143309
2019-07-08,-0.0011961434089542422,-0.0014316804544415227,-0.0017115987017843385
2019-07-09,-0.003975869514450836,-0.003485633063935398,-0.003255476195582106
2019-07-10,-0.0023448906617279386,-0.0030096662274401204,-0.0009195857712969865
2019-07-11,-0.0013679887513540212,-0.0023498225500862874,-0.0006547337487064486
2019-07-12,0.0002573555879770151,0.0008314649796874194,0.002377304248517928
2019-07-15,0.0013123424014387375,0.003514643519702318,0.0024644073835405093
2019-07-16,0.005465143868314648,0.005080332217495947,0.005380744501070259
2019-07-17,-0.005617155984893429,-0.004151612328652854,-0.0036162621002532513
2019-07-18,-0.005354725461743426,-0.002638957283394353,0.00017727865093869954
2019-07-19,-0.0007609173978196937,0.0014721008021440869,0.0009183236750205184
2019-07-22,0.0027987029953369102,0.004734329408222696,0.0026289248160700166
2019-07-23,0.012306928514103754,0.01268850608564165,0.011668670229609367
2019-07-24,8.430822252991632e-06,0.0015482010498260351,0.0029172661922160204
2019-07-25,-0.006439469170106182,-0.005695053801443789,-0.006165932423685839
2019-07-26,0.004079617509166855,0.0025179852991924485,-0.0010868217091856455
2019-07-29,-0.0002524898799882713,-0.0006374890763126827,-0.0009568678081884583
2019-07-30,-0.017235305755977204,-0.016994132538493942,-0.015632241723453493
2019-07-31,0.0011551178615298863,0.0016334348550786132,0.0018270855797207523
2019-08-01,,0.010375820255620892,0.011625393707353654
2019-08-02,-0.02617072513528662,-0.031125462023463217,-0.02946686943892235
2019-08-05,-0.01930920190657437,-0.02019679548317276,-0.01694127814673603
2019-08-06,-0.005820123166532798,-0.0059328969883044825,-0.005164289508500029
2019-08-07,0.005568642718275951,0.009148413567344475,0.006058874237899016
2019-08-08,0.019755314426192383,0.018917773680527463,0.017741700152699918
2019-08-09,-0.012336357519258101,-0.010871296735845627,-0.010459562764532143
2019-08-12,-0.002156719186729439,-0.002874041890243793,-0.003673884118076524
2019-08-13,0.009201684192065906,0.0066614561051757185,0.007386587005970891
2019-08-14,-0.020392225212535364,-0.020526547126108127,-0.02243525064976657
2019-08-15,-0.0018000796935578878,-0.002360519661820725,-0.001583024414833353
2019-08-16,0.014103914545289697,0.014401263262214749,0.01525515165769967
2019-08-19,0.012048332290071073,0.010853906224588641,0.010586204655394053
2019-08-20,-0.005627453878237598,-0.006727856257383979,-0.007413792159004901
2019-08-21,0.0133304021713756,0.014581931367830788,0.011785219322792058
2019-08-22,-0.006250562365440415,-0.005610511883078698,-0.004571974348369504
2019-08-23,-0.011684581749666467,-0.01069987262754127,-0.009566772884287165
2019-08-26,0.004375823048661687,0.003223994112952898,0.003647904946269037
2019-08-27,0.006458917843675804,0.006304346784615156,0.0036813526175858676
2019-08-28,-0.0015102012608912974,-0.002180731246926077,-0.0017476515424461854
2019-08-29,0.013653791428454909,0.012167349215843956,0.01282206493304405
2019-08-30,0.004523142483194187,0.0093947049076979,0.01104509251759544
2019-09-02,0.0016867329439858025,0.0017616035875332398,0.0007787667981752242
2019-09-03,-0.0034377017794198217,-0.0032353021647618394,-0.003851908992734117
2019-09-04,0.008796368063040072,0.0087224833727868,0.008043464326060058
2019-09-05,0.009814992982682513,0.00982942558777397,0.013057950056507834
2019-09-06,0.003010299350734602,0.0038644945782877306,0.0049177819281874145
2019-09-09,-4.8615669782647863e-05,-0.001231456359433759,-0.001263697861812796
2019-09-10,0.0011358933503333724,0.001367732366782839,0.0019407904464161724
2019-09-11,0.0050957785106438,0.0052113984923085055,0.0027774132978979956
2019-09-12,0.006267036292400885,0.006376317476355351,0.007560712075056044
2019-09-13,0.003178989748068073,0.003140045335087805,0.0041115956534481975
2019-09-16,-0.00891807719923221,-0.009710911855481265,-0.009256845295616666
2019-09-17,0.0007986639114196947,0.002389062629798782,0.0012493346464695911
2019-09-18,0.0019254553713003997,0.0016568183172282135,0.001960376860457313
2019-09-19,0.006975505586091835,0.006743164143753234,0.00718224992602847
2019-09-20,0.005274933223633926,0.002550470040902639,0.0010924930745160018
2019-09-23,-0.009637682535716396,-0.009698035465472106,-0.009357467705347552
2019-09-24,-0.00139099908688467,0.00042504926835051926,0.0019508206577823228
2019-09-25,-0.005384980319116717,-0.005141432040048518,-0.00511523840868314
2019-09-26,0.0054511071189025095,0.007015539001943371,0.008995018096388075
2019-09-27,0.003878610734375121,0.0032026494559925095,0.0033546760905545695
2019-09-30,0.006647170456337781,0.007018807737217271,0.0070272392729267
2019-10-01,-0.01434393301568937,-0.014379445286391953,-0.012912262755058813
2019-10-02,-0.029827312158033026,-0.02479676278865137,-0.02620965195718902
2019-10-03,0.001189478227826113,0.002527015572018647,0.000980646554114622
2019-10-04,0.00858550376327294,0.009583814919311184,0.010774166104943125
2019-10-07,0.007116940293079743,0.007015134627102734,0.006358442700557969
2019-10-08,-0.011085370101420189,-0.011083686945843758,-0.012366654371721015
2019-10-09,0.008549999683782117,0.0087934628096128,0.009323312955761564
2019-10-10,0.009199549701092158,0.007446700199774135,0.011491545632902885
2019-10-11,0.021740363898806514,0.01982896354864887,0.01905155060528331
2019-10-14,-0.0038263917114272905,-0.0022667247543873884,-0.0023870733328535906
2019-10-15,0.011919795481995843,0.013132170335145032,0.014697133885650023
2019-10-16,0.00016675642708841032,-0.0007609806364028892,-0.002385691149375066
2019-10-17,-0.002953360561227969,-0.004041550456816458,-0.004671409859772919
2019-10-18,-0.0025665031961366047,-0.003568768106156906,-0.0009498915860761884
2019-10-21,0.005774741230587521,0.0053440195368778375,0.0049794260452231875
2019-10-22,0.001316634601815192,0.001081907464744051,0.0024339523377328092
2019-10-23,0.0005741826113248027,0.0008260505587893575,0.0005870428988244715
2019-10-24,0.004014601063398793,0.0072296210371376665,0.005413413167883508
2019-10-25,0.0009139676125513585,0.00349379759583618,0.008532075232395213
2019-10-28,0.00027864777551322994,0.0017764592943779558,0.002425705000155078
2019-10-29,-0.0009928739242954787,-0.0008920093248748022,-0.0012406749370271549
2019-10-30,-0.0004969641715880657,0.0013970210751839598,-0.0039902473857777255
2019-10-31,-0.004386423968502529,-0.0028640688666890985,-0.003416701969497046
2019-11-01,0.005362896693754449,0.005471362767900712,0.005786780885395557
2019-11-04,0.01144396979762341,0.010239840938453459,0.010490511254501284
2019-11-05,0.003085787477483226,0.001056814955767244,0.0007347057576555516
2019-11-06,0.003323787150219193,0.002907760051665782,0.0034433942696374025
2019-11-07,0.004863433597552147,0.0052388061266519055,0.001524905743504299
2019-11-08,-0.001896584039886795,-0.0026353801591320505,-0.004132236701111232
2019-11-11,-0.0007648923749434822,-0.001445101655374341,-0.0012641344033320673
2019-11-12,0.0041603006684391985,0.005863567823033531,0.00732323881261379
2019-11-13,-0.0034211387230309587,-0.0013410564733185558,-0.0018842507928418396
2019-11-14,-0.0028895637248276262,-0.000993715501633997,-7.767184711576796e-05
2019-11-15,0.006180867985970728,0.006108056440115957,0.007333683496396873
2019-11-18,-0.001802502096699854,-0.0008235067093744087,-0.0011509600303522404
2019-11-19,-0.002256422048519391,-0.0011271456969152596,-0.0017591353147861238
2019-11-20,-0.003430263758092744,-0.004291459230668754,-0.004318431746107375
2019-11-21,-0.0011455235062016733,-0.0021621851600566785,-0.0043477398800428994
2019-11-22,0.0020817565164159557,0.002167085351875893,0.002394821297891243
2019-11-25,0.005521588477412243,0.006718380234653556,0.006382944774738356
2019-11-26,-0.0005744516892133289,0.0012586460258849248,0.0014268326229524768
2019-11-27,0.0019700311434114326,0.0021679533673458814,0.002644005174274761
2019-11-28,-0.0022543646468541345,-0.0030289024056478855,-0.002913262425680993
2019-11-29,-0.00024292262472958015,-0.0006643862583160731,-0.00043283732370904854
2019-12-02,-0.020769138071813686,-0.019955440964114442,-0.020742764456957958
2019-12-03,-0.0043207585988833674,-0.0029535499877551713,-0.002203800316067771
2019-12-04,0.013578002192135674,0.011613783106578322,0.01333426114770315
2019-12-05,-0.003248653541518265,-0.002147457277835163,1.8156239270725758e-05
2019-12-06,0.01211859402430182,0.012323552182593569,0.013640083763050027
2019-12-09,-0.0054599943449197275,-0.004562121083276465,-0.0027101306897720653
2019-12-10,-0.0001089007094982053,-0.0003105340024794529,-0.0012320522669636161
2019-12-11,0.004267663606271954,0.00601265960375081,0.007398489506949854
2019-12-12,0.005125533160083906,0.004122602166184743,0.004458601400699601
2019-12-13,0.006669626275547902,0.005880134292904903,0.00627501987895516
2019-12-16,0.011168356862924611,0.010289201933129903,0.009070850741977802
2019-12-17,-0.0072785193447694185,-0.0051849353157829466,-0.002502637981240891
2019-12-18,-0.0016767849002939927,-0.0012566085318603472,-0.0027147714592907924
2019-12-19,4.544584113408412e-05,1.4200795187869246e-05,-0.0010517897758259539
2019-12-20,0.009999582201388968,0.009153109470410746,0.007589805367723005
2019-12-23,2.6440199133448417e-05,-0.0007778163492361135,-0.0018073303023788349
2019-12-24,,0.00038060483310034396,7.727821786775307e-05
2019-12-25,,0.0,0.0
2019-12-27,0.0014854681466485165,0.0025014068335704473,0.0023679350626024413
2019-12-30,-0.008936445262044068,-0.008711690864825832,-0.009318787484996795
2019-12-31,,-0.0010337347420040725,-0.0009582066369698574
2020-01-02,,0.012222950383871639,0.012426894384808547
2020-01-03,0.0066427492263883,-0.005074446389026427,-0.004910557149150862
2020-01-06,-0.005525590216041931,-0.0057954473401195285,-0.006398251769972754
2020-01-07,0.0017934561212546996,0.004243676811569048,0.006614565208482032
2020-01-08,0.0035406155483141966,0.004288422793320352,0.004953493529719859
2020-01-09,0.006181432140322407,0.006405855298017419,0.0053882677779245915
2020-01-10,-0.0016754647660169875,-0.002102593757488344,-0.004059707385408102
2020-01-13,-0.0025966581382516063,-0.00222593606706696,-0.0021889277577338425
2020-01-14,-0.0012699617656409812,0.0006604105871547301,0.0018668494925739554
2020-01-15,-0.0015682411582577105,0.0001808032397872471,0.0017497519972727502
2020-01-16,0.001374366417685513,0.0010438262648621657,0.0030089858936396268
2020-01-17,0.009040501403587031,0.00843350313266854,0.008772444253292069
2020-01-20,-0.002423674060007208,-0.00247102155328013,-0.002510615326006751
2020-01-21,-0.0026085374225399693,-0.0020102369166023824,-0.0020766313832039545
2020-01-22,-0.0051014687851344,-0.003559502051936035,-0.0025369153705913543
2020-01-23,-0.008737871515183349,-0.007984528198252457,-0.006119724596356538
2020-01-24,0.011322320374222317,0.009732407536770077,0.01074082979420006
2020-01-27,-0.026810144677465897,-0.025804700258674405,-0.02390519452716008
2020-01-28,0.011251137083151841,0.009625400635179289,0.01168740223754749
2020-01-29,0.004608529781418458,0.005105337663191549,0.008422067518932012
2020-01-30,-0.012199059163116144,-0.012665666910656825,-0.012137057710850609
2020-01-31,-0.01351208053802988,-0.013344838707282182,-0.014595213574181008
2020-02-03,0.005592038389331311,0.005012301867652597,0.006916750600281265
2020-02-04,0.01939491176889474,0.018290779395087317,0.01687253898965168
2020-02-05,0.01220703126399858,0.012369272100018747,0.015718032293145088
2020-02-06,0.007326919974173451,0.006567165432339023,0.0067507425930210625
2020-02-07,-0.0018473244032494174,-0.002873307988180373,-0.0026872428011873476
2020-02-10,-0.0013979391847759315,-0.0009230872783941672,-0.0009586739097380537
2020-02-11,0.008610231147874847,0.008514372399215426,0.010593243660837534
2020-02-12,0.007472827756098255,0.007212771309528171,0.006810729413389491
2020-02-13,-0.0019950919164872793,-0.001764704260306684,0.00036876009430218004
2020-02-14,-0.0014999763475045391,-0.0016132751221736561,-4.747857501434408e-05
2020-02-17,0.0032023288629872138,0.0018995639751877727,0.0008374591584475536
2020-02-18,-0.0043417619095379445,-0.004727054713754086,-0.0047123800948781665
2020-02-19,0.007465031697535762,0.00912433967449149,0.009500373986449985
2020-02-20,-0.010917978656213356,-0.009975681601953609,-0.009631378195903288
2020-02-21,-0.005911644088703816,-0.005798129704925504,-0.00445465631892736
2020-02-24,-0.040101228743400386,-0.03970162046008571,-0.039904405796017756
2020-02-25,-0.02068815355724618,-0.01923736828088655,-0.021103337715038636
2020-02-26,0.0014471399619675474,0.002156291260317419,0.0057192918742970745
2020-02-27,-0.03403323167926131,-0.034360909308807586,-0.03009009000480432
2020-02-28,-0.036583582621565136,-0.032294622775553665,-0.03105862485036681
2020-03-02,0.002805260874203741,0.00037697383912598816,-0.0014420829416088021
2020-03-03,0.009925600352759245,0.009938196223318853,0.012029472847826083
2020-03-04,0.014410000212899288,0.0129429057425623,0.013790187353389301
2020-03-05,-0.016658085230831565,-0.017109186112126033,-0.01967023246844722
2020-03-06,-0.03909822479332692,-0.03735704007448002,-0.03990635961812892
2020-03-09,-0.0844659906054982,-0.07556399327564145,-0.0729604176271302
2020-03-10,-0.016576169834718546,-0.017881557964285928,-0.0238799900785208
2020-03-11,-0.001532622102029424,-0.0023405377054701634,-0.0005549995542673446
2020-03-12,-0.12401398411431008,-0.12601258502819354,-0.1320836734531993
2020-03-13,0.01602607242587961,0.0145903627113697,0.020010163777244218
2020-03-16,-0.05245508617524142,-0.05983499196931217,-0.06559144566912742
2020-03-17,0.03270113459353774,0.025827172467781115,0.023541218353138604
2020-03-18,-0.05717444457617071,-0.06089068747459193,-0.06728266493703616
2020-03-19,0.028610711643993092,0.03943548602465685,0.043607598006256555
2020-03-20,0.0384746703444776,0.03909674753666306,0.038412197163048584
2020-03-23,-0.024704712968412812,-0.03207455515019766,-0.031602937199976394
2020-03-24,0.09236224900740786,0.09825256476803859,0.10593826742423862
2020-03-25,0.03131725147380915,0.035848496416199666,0.037342481861501874
2020-03-26,0.017013484261659384,0.021035478601736657,0.018249189860560813
2020-03-27,-0.04183262955244216,-0.04574408988326511,-0.04439151582694369
2020-03-30,0.013548903790443267,0.0065696616574263894,0.0026197743857923617
2020-03-31,0.007694399121988882,0.005659864552151172,0.002158506744730534
2020-04-01,-0.038250334331527136,-0.041885458124615686,-0.04303421285994077
2020-04-02,0.0030556060330095836,0.0010143921312164256,-0.0001163270728055262
2020-04-03,-0.009484878163894539,-0.007963394354128503,-0.006884969153411672
2020-04-06,0.04993634279488979,0.055459870528250986,0.05950586081321642
2020-04-07,0.022067458391884065,0.025318805934390922,0.025529406290939017
2020-04-08,-0.0022395525636917935,0.0010839995217418424,0.0006931037957266537
2020-04-09,0.014561938612885239,0.019936886349010176,0.014532616531456297
2020-04-14,0.008624874485749112,0.006401423227945638,0.009135007914826146
2020-04-15,-0.037542769189656267,-0.03669356837932852,-0.04105911067428761
2020-04-16,0.0014778673429296507,0.0014319724515097175,0.002738874327638257
2020-04-17,0.027005866394092193,0.032451332828349125,0.03174560397638769
2020-04-20,0.0073399406711016635,0.005277980445321546,0.002065792208480077
2020-04-21,-0.04061175872142986,-0.040143291691814305,-0.04310163513329567
2020-04-22,0.015605341028584796,0.013117111038279004,0.015015624191275738
2020-04-23,0.006194243044564507,0.006616553629340096,0.004455458998964833
2020-04-24,-0.01521139423278306,-0.014895631241794702,-0.016183029594234167
2020-04-27,0.02599437473341082,0.027893235620322678,0.0284780340876231
2020-04-28,0.017338101681157347,0.02000542491104214,0.018850771047171814
2020-04-29,0.021834484189193093,0.027976856413596676,0.0293470513376666
2020-04-30,-0.022746436752616006,-0.01785928928309259,-0.017621564081427066
2020-05-04,-0.03806441909075031,-0.03760115368032947,-0.041174847031316825
2020-05-05,0.021100782686905628,0.024692402264423208,0.025413801473459507
2020-05-06,-0.011179036542783072,-0.009245055687485525,-0.008985732908385256
2020-05-07,0.012954710619198728,0.017321499191937553,0.01711924695729405
2020-05-08,0.009550096529921115,0.011659675907113141,0.010154776709956272
2020-05-11,-0.008376610961656428,-0.0059781690024243925,-0.008848076911415027
2020-05-12,0.00015602982228002382,-0.0011737423922115423,0.003429393344095432
2020-05-13,-0.025535643593109558,-0.026233139447071167,-0.023742870661896193
2020-05-14,-0.01790399321225533,-0.014526682842581469,-0.01223070407899277
2020-05-15,0.0037931516851359426,0.005262585924816432,0.0013491113494377301
2020-05-18,0.05095460876196456,0.06230516913166928,0.06837640734570738
2020-05-19,-0.003193746093131611,-0.0019464384996931866,-0.002422399099059901
2020-05-20,0.013715320139394915,0.013241179935122282,0.013533072529785625
2020-05-21,,-0.010929658306949514,-0.009174536883960294
2020-05-22,-0.012547596798042737,0.000667540289050422,0.0023256107193185627
2020-05-25,0.022674516569629377,0.02630349397584476,0.022106883429260576
2020-05-26,0.00937953188981644,0.018601222290123166,0.02066364260964274
2020-05-27,0.017291198212016745,0.019327937909459275,0.019931304732855933
2020-05-28,0.014221158373674214,0.012160804999908865,0.010475154781417665
2020-05-29,-0.014306172111824944,-0.019610667284678703,-0.017400290859601635
2020-06-01,,0.009463439734980053,0.008241997722573332
2020-06-02,0.03567637228645415,0.028594256492868828,0.02826691527916177
2020-06-03,0.03500138248569873,0.036189076991258395,0.03670349586810818
2020-06-04,-0.0024223727705403597,0.0007847705613990687,-0.0006828979302126041
2020-06-05,0.0375942753044769,0.0366907782393308,0.03618976552780423
2020-06-08,-0.005318693076707626,-0.003761139612780034,-0.00489129702351113
2020-06-09,-0.013540151761118002,-0.01634718884721406,-0.014636617540440043
2020-06-10,-0.008130791402170323,-0.007544307286357778,-0.009213920294220352
2020-06-11,-0.04528021433760965,-0.046892680567702995,-0.0455669480982367
2020-06-12,0.0029161131098065507,0.002916342806194278,0.0027837314038389083
2020-06-15,-0.005498261763805079,-0.005319688300219195,-0.004736538148647592
2020-06-16,0.03387641988263268,0.03166692202585378,0.03068773327796605
2020-06-17,0.007589505109639072,0.007052022198447916,0.009002039073263999
2020-06-18,-0.005313353680719057,-0.0032760875724905355,-0.003991001048058733
2020-06-19,0.005907934576133922,0.002733812396871046,0.0017723028109308061
2020-06-22,-0.008384618451043768,-0.006368417159076651,-0.006285475403939421
2020-06-23,0.017626650925897325,0.015913693354454465,0.01511760838572143
2020-06-24,-0.031135268738143096,-0.031328770374715806,-0.03052331104726281
2020-06-25,0.007130456355123105,0.007475970601421948,0.008656575898659279
2020-06-26,-0.00457918686852643,-0.006339786360520357,-0.006714911275579762
2020-06-29,0.008691829296811004,0.010150223030427022,0.01363816147330419
2020-06-30,0.0006342931006968477,0.0015626209179015393,0.0007383658715421601
2020-07-01,-0.0017377845506839629,-0.0023447531098301565,-0.002867602990380721
2020-07-02,0.028385181245140556,0.02890883398665181,0.02805538715334389
2020-07-03,-0.007743827522309177,-0.006161508276260544,-0.005098420812010855
2020-07-06,0.01689244955846525,0.017273053709565396,0.01742507212637538
2020-07-07,-0.008498422328619748,-0.008126296354565748,-0.007762634017031755
2020-07-08,-0.010678708308733298,-0.009877232525351639,-0.009728135792824617
2020-07-09,-0.007583530984437203,-0.009001176786426673,-0.010980817894097817
2020-07-10,0.010747691729753317,0.01304466485587447,0.013737433804057751
2020-07-13,0.01631566748370994,0.016808488894818955,0.017870118521333522
2020-07-14,-0.008540330447761146,-0.010437145829931565,-0.013440826256296654
2020-07-15,0.017107316464035405,0.020914824019713476,0.01969378806691576
2020-07-16,-0.0038067092183321494,-0.005862165767772614,-0.0042581837391554855
2020-07-17,7.428647621199325e-05,-0.0015962251484230264,-0.002707194741075452
2020-07-20,0.006756592981297382,0.00799666828408698,0.008485353291438588
2020-07-21,0.005020160184109557,0.007403508863953071,0.005567384877113351
2020-07-22,-0.010157571763418694,-0.01008175574757371,-0.009857036047857365
2020-07-23,0.00029072968621113304,-0.00025662145619038344,-0.004413996294977231
2020-07-24,-0.018047090576518654,-0.014907805326380863,-0.014308030573660481
2020-07-27,-0.00243131159904153,-0.004144989844362385,-0.0035437874002308177
2020-07-28,0.00021798542491224815,0.0032839245324519967,0.003544458015274714
2020-07-29,-0.00102923722870929,0.00028781215105355955,0.00011025754699880649
2020-07-30,-0.02786530454649072,-0.024480198679674173,-0.024652623348009245
2020-07-31,-0.010560402567626692,-0.013553577794817544,-0.01391931905341713
2020-08-03,0.023299465528250574,0.02323413458754098,0.022538611753020063
2020-08-04,0.0018502130193036592,0.003383374292777186,0.005215153263612296
2020-08-05,0.004329621463097677,0.007304256197809021,0.008553628926368451
2020-08-06,-0.008563872928476046,-0.004605987423906774,-0.004072504155780577
2020-08-07,0.003783498098943072,0.004143389165488445,0.0057634617810615905
2020-08-10,0.0021705560735751916,0.003126244485552239,0.003512661969141068
2020-08-11,0.022213680623838883,0.024918417523292262,0.026581427299268722
2020-08-12,0.009321337139539754,0.008928157792701565,0.00859149649295436
2020-08-13,-0.00604482496061709,-0.005164874768307897,-0.005667234929572567
2020-08-14,-0.011307730796129789,-0.011957508647211325,-0.013051360832888726
2020-08-17,0.00024206864892772906,0.001501381903623919,0.0005822935130808468
2020-08-18,-0.004903490636132268,-0.005728459675638377,-0.007225596082051797
2020-08-19,0.008505558331639573,0.007525660530186556,0.00665783352651077
2020-08-20,-0.01315404882445148,-0.011980344432681296,-0.01197019334090474
2020-08-21,-0.004346385771118899,-0.0039734088534554264,-0.0014284549756473186
2020-08-24,0.022084512615998086,0.02086421277093729,0.021281637501633817
2020-08-25,-0.0006092999472027127,0.002079279152278309,0.003768476000352602
2020-08-26,0.008123845415014985,0.009460105188423475,0.011173839267685065
2020-08-27,-0.00766214174483093,-0.00620063584451066,-0.007666309044747763
2020-08-28,-0.004653201348085001,-0.0018129201612164909,0.0026545853069552105
2020-08-31,-0.012978286642250425,-0.011684736670961376,-0.013280377483769555
2020-09-01,0.0015492902953717635,0.0005073751130885307,0.0033765711091989026
2020-09-02,0.018364140789117966,0.017953608611189,0.017882428300036862
2020-09-03,-0.010051635912290857,-0.008594548393385843,-0.009677296053754851
2020-09-04,-0.013204291295048298,-0.012132916448241321,-0.01103909779439213
2020-09-07,0.01640193294975134,0.017307741226225064,0.01489654202643431
2020-09-08,-0.01409141932481306,-0.011599105373109972,-0.011937196712178348
2020-09-09,0.017585996976907436,0.01560274509744286,0.01583354952453646
2020-09-10,-0.003627270482121747,-0.002138378874740377,-0.002979319682782281
2020-09-11,0.0009176728181088389,-0.0006088629491855276,-0.0010660459332362815
2020-09-14,0.0002955476889696662,0.0018166424680500673,0.0015080912603176256
2020-09-15,0.00466413936911847,0.0037556350945725753,0.0032587420046182617
2020-09-16,0.001974659234349474,0.0037494902835068693,0.005175393745196892
2020-09-17,-0.006669987005379463,-0.00522445736535721,-0.0071316012015494815
2020-09-18,-0.009913894875083318,-0.01035492458690904,-0.010485849894576314
2020-09-21,-0.037378678317789404,-0.04078608779052231,-0.04013677769417044
2020-09-22,0.0010060051722722285,-0.0026612305134885122,-0.002027407468885376
2020-09-23,0.005050432375060643,0.003360118722848349,0.0004376278198886731
2020-09-24,-0.006436951335408558,-0.006745912196809504,-0.007351197544903487
2020-09-25,-0.007146331469616074,-0.004420552784302837,-0.0037814152104589734
2020-09-28,0.02745560505062694,0.027836288210185287,0.029504132967150116
2020-09-29,-0.00275810366833118,-0.002861418587714149,-0.0009581406583945723
2020-09-30,-0.006436842138131116,-0.005255886879464977,-0.005267784187295269
2020-10-01,0.00015029417615752827,0.0015270514355815482,0.005154604411865493
2020-10-02,-0.0009893759765488008,-0.0008804026039972248,0.0022740905818303234
2020-10-05,0.009179154548731194,0.01146252387619424,0.009717922678606503
2020-10-06,0.004061858543141117,0.008037626341054479,0.009684620078501334
2020-10-07,4.0170413519335924e-05,0.00048610243400457954,0.0003573819578062584
2020-10-08,0.0069060033678194355,0.007604664347715178,0.007876607566998524
2020-10-09,0.005332121208774465,0.0027701097962294545,0.0022646824842555324
2020-10-12,0.0076379720591843725,0.005926002653106155,0.004468133750631809
2020-10-13,-0.00573968664828961,-0.009866029434874128,-0.009683132057837503
2020-10-14,-0.0018022475386704206,-0.0019363520008838073,-0.001641063632775295
2020-10-15,-0.02462059074872991,-0.021737818080762437,-0.02110592553736744
2020-10-16,0.016531523879662613,0.015874236966166477,0.012141496810692556
2020-10-19,-0.0009120284662772482,-0.0014559582521770126,0.0012884231216752692
2020-10-20,-0.004514987757894273,0.0010250503079983605,0.0003103531199935108
2020-10-21,-0.014613402736241565,-0.017709424713080735,-0.01652716568576729
2020-10-22,-0.0029207530238993806,-0.00111469573685631,-0.003161585368416612
2020-10-23,0.008655517817527603,0.01071370379616903,0.009715843150195615
2020-10-26,-0.029263582610303818,-0.02326220982734481,-0.020092504395904622
2020-10-27,-0.011158490298687762,-0.016057013415107537,-0.01782018477029072
2020-10-28,-0.03486616803983433,-0.037237337790677,-0.03516406162348029
2020-10-29,-0.001184397697958639,0.0024564174954295453,0.0005325857441384731
2020-10-30,-0.0006148815999055257,0.0014568496191419075,0.0032511116495328
2020-11-02,0.02073215857175592,0.019967712145314384,0.021168215866932086
2020-11-03,0.02622251434898093,0.028133692465325086,0.02801316964570282
2020-11-04,0.02012124283043204,0.019815484077811002,0.01618185105051517
2020-11-05,0.017237830806602572,0.01691084868689069,0.017442742777355493
2020-11-06,-0.003579472872162537,-0.005006779724797131,-0.0020478983969731135
2020-11-09,0.06362567996202984,0.06977834732923953,0.07275454161014355
2020-11-10,0.010185188545559498,0.014482307709550645,0.011601040053139187
2020-11-11,0.007168938529734437,0.007333263851271836,0.00607776702305512
2020-11-12,-0.011276814076496722,-0.012528585251750953,-0.010949267489954265
2020-11-13,0.0011289064393316117,0.003206654307989128,0.005988736227923229
2020-11-16,0.009947318185113518,0.009438963205863033,0.00974542180476117
2020-11-17,0.0006548994508528416,0.00043789033734588297,0.003217590331129283
2020-11-18,0.003946957191317102,0.006194175967064082,0.005348011264115064
2020-11-19,-0.008672739032406174,-0.008515839832170935,-0.0075980052727952635
2020-11-20,0.0045278861436537365,0.0022814779068133628,0.004794821791363275
2020-11-23,-0.0013150475461775057,-0.002093612102785464,-0.002260749764336903
2020-11-24,0.012977020332972211,0.014492086347504457,0.014158306412215613
2020-11-25,0.0011174299803160537,0.002014113125258639,0.0029087241745471893
2020-11-26,-0.0002733452053840235,-0.00010709584055123604,-0.0016399296024464404
2020-11-27,0.004799312515497256,0.004899071609591666,0.0062992085191806435
2020-11-30,-0.009992091255519253,-0.006628750920849123,-0.007081555817278677
2020-12-01,0.00936279917620153,0.008957958164475662,0.011028105224611447
2020-12-02,-0.0011119589052431822,-0.000804520934809943,0.0028210797139425507
2020-12-03,-0.0011984056883522776,-0.00032798793495967903,-0.0024419640139065057
2020-12-04,0.006303466316641693,0.006405944827788199,0.0048680781456907
2020-12-07,-0.002596564248579236,-0.003598729192830142,-0.00395084070405901
2020-12-08,-0.001192596458713946,-0.0021489120678899343,-0.003307538230287707
2020-12-09,0.0008933689828256597,0.00016270033921483057,-0.0030604452170773532
2020-12-10,-0.0019013666575912191,-0.0035456566744491817,-0.006851919852998601
2020-12-11,-0.01035399223495792,-0.009683554494626713,-0.007916688266649536
2020-12-14,0.005198136616300086,0.008088717857099463,0.00813845324709327
2020-12-15,0.005005776091971725,0.006320849996290078,0.005660203881732698
2020-12-16,0.006105352832599831,0.005724408151820003,0.001124238838144049
2020-12-17,0.0050437812588202124,0.004195405472809246,0.00544292324541866
2020-12-18,-0.004248997155994916,-0.006690664876670452,-0.007960524616016514
2020-12-21,-0.02737370993748478,-0.028694756024431077,-0.030264446268920615
2020-12-22,0.01415325833722525,0.015249753420722137,0.015794319242827017
2020-12-23,0.011942856196709206,0.013635892326211874,0.012316295717877823
2020-12-24,,0.0006728171894594244,0.002452283524372989
2020-12-28,0.010213971818363143,0.01051003257426661,0.011460461003442599
2020-12-29,0.0016669990705113769,0.0014297435350823981,-0.0004264675882911237
2020-12-30,-0.0027308065574055407,-0.0035086004741990153,-0.003121909414334767
2020-12-31,,-0.006328615765114435,-0.006793910820458952
2021-01-04,-0.0020159634287797434,0.004166817209158458,0.005354665413207258
2021-01-05,-0.0046402878182553176,-0.00621071718681011,-0.007724460066511837
2021-01-06,0.017822055118857483,0.01605936601565301,0.017562409143174428
2021-01-07,0.0031402914792963976,0.0032750320925614036,0.0022030070853123127
2021-01-08,0.006247240101171281,0.005738729183792207,0.009879507255552453
2021-01-11,-0.006702221278608311,-0.008497792853338428,-0.00987794092940504
2021-01-12,-0.002344966808347615,-0.0017851478341637536,0.00030952444701669703
2021-01-13,0.0012126161411345482,0.0007018972264665957,0.00021928520031043333
2021-01-14,0.00687406005548441,0.0031727081630733697,0.004062776757556559
2021-01-15,-0.011484706760447105,-0.011085330282104884,-0.012705831291398373
2021-01-18,0.0008667397195565307,0.0028949906310441233,0.0024521420169555893
2021-01-19,-0.0020123964051569354,-0.004865667605494675,-0.005984883496704942
2021-01-20,0.00796015976461506,0.006430222645099911,0.006335641976486991
2021-01-21,-0.0015700546734495058,-0.003107182718847295,-0.003334267351025312
2021-01-22,-0.004405374153488073,-0.006419966790841629,-0.010583747952475821
2021-01-25,-0.013676960757818324,-0.016602402585501705,-0.017339598074427164
2021-01-26,0.011170453794457469,0.011635305757725182,0.009994443536463386
2021-01-27,-0.015711902253786603,-0.015308244655705301,-0.01567245872574994
2021-01-28,0.00584217665622333,0.008560161753661017,0.011386408214930054
2021-01-29,-0.021253653928858807,-0.01944497743848231,-0.019782476051417548
2021-02-01,0.014192448480328412,0.013602315360574574,0.012131705050884675
2021-02-02,0.01688258106277729,0.019117112696718837,0.018668127521500662
2021-02-03,0.0053725815660194964,0.003966390138634341,0.003090993204342332
2021-02-04,0.008967412424683241,0.010175267327112323,0.009045019949620038
2021-02-05,0.0037477904521290295,0.006860523189399152,0.007684458719660089
2021-02-08,0.0026642786462807155,0.001909563774528312,0.0030327571985526366
2021-02-09,-0.0011949570422807865,-0.0010938951924827104,-0.0022165841329513628
2021-02-10,-0.003485198943432133,-0.0060849728172464685,-0.005970773490523946
2021-02-11,0.0063891036963013015,0.0041471949142898945,0.00511698278169988
2021-02-12,0.006517500284117794,0.005769429894761231,0.009303497235955081
2021-02-15,0.010442076648428111,0.00979128864756386,0.010798232133682226
2021-02-16,-0.0020888139634597236,-0.0012881727039586348,0.00022177770783314934
2021-02-17,-0.007124786576381825,-0.00717122986937746,-0.01195040477781761
2021-02-18,-0.005084005703411609,-0.004504009283967612,-0.005959197908309214
2021-02-19,0.008807272307966407,0.00995476930691821,0.012617052240794227
2021-02-22,-0.003665008682720572,-0.0006887116552356147,-0.004058103231758929
2021-02-23,-0.00290552311992609,0.00021556304143193514,0.0019583521174594883
2021-02-24,0.004578323046630528,0.005347011113540602,0.004118806164321063
2021-02-25,-0.0055882398646198705,-0.0057477595004077845,-0.0011629318320553314
2021-02-26,-0.01325274812651156,-0.011856174197961927,-0.009985075617744357
2021-03-01,0.019299143431116716,0.01913681103011752,0.01800769350621707
2021-03-02,0.0002967269278433271,0.0006795363141071072,0.0004069611424306665
2021-03-03,0.0013647357512371894,0.002909469959115618,-0.0012167686438557513
2021-03-04,-0.0021358472460152322,0.0003744515331590942,-0.004114262962089938
2021-03-05,-0.009530765905768068,-0.009943123451695183,-0.009454037039676741
2021-03-08,0.02553452203931661,0.026644830462714656,0.02864501903807959
2021-03-09,0.006061282049673489,0.0055678026742317505,0.007840601928039988
2021-03-10,0.008945965468402983,0.011676638412138986,0.005302559235039065
2021-03-11,0.0067331178467566755,0.0035210187730772397,0.00730140860077831
2021-03-12,-0.0031931710564871985,0.0004616238342817928,0.0013025282998246194
2021-03-15,-0.0009182594125638488,0.0007559207842674,-0.0003704562278297593
2021-03-16,0.005514557400496889,0.008407688156419912,0.007995150415047761
2021-03-17,-0.0003167965941882622,0.002566350573042413,-0.0028100289278901736
2021-03-18,0.0046237016126380315,0.007475769100550672,0.0048623306285108464
2021-03-19,-0.007891325931273618,-0.014517350332851977,-0.014854661297790749
2021-03-22,-0.0008287504322169736,0.00010676183875507362,-0.0033779336969072386
2021-03-23,-0.0017789130071822479,-0.0007784488440526029,0.0008992543007608207
2021-03-24,0.001444996099079665,-0.0026284558318727777,0.002682694456869185
2021-03-25,5.223415152633137e-06,0.0004236695803571879,0.0016074347286730698
2021-03-26,0.008899997493796663,0.005965543174983875,0.006795437414851791
2021-03-29,0.004187102445695867,0.003742836232826034,0.0036013317262430606
2021-03-30,0.011159228275571698,0.013467230954225765,0.012184277257874897
2021-03-31,-0.0017803448849361692,-0.002606374800998221,-0.00026602176568099855
2021-04-01,0.006825355177749737,0.006484557382686744,0.007703906836210331
2021-04-06,0.006198735223304608,0.00726539670156441,0.003998003517452488
2021-04-07,-0.0034378988288784607,-0.0032675926199633417,-0.003375013275601045
2021-04-08,0.005322537800667826,0.005433012994639426,0.005293709092989273
2021-04-09,0.00025390979006023606,-0.0003143919114860493,-0.0007151896997820506
2021-04-12,-0.004257568946058221,-0.0021832191808450244,-0.001705791416925955
2021-04-13,0.0012847593644227384,-0.0008699085890329558,-0.0006998664831533696
2021-04-14,0.002341835755426347,0.0004439961600159681,0.0007830699492104324
2021-04-15,0.004313052117788763,0.004619024065245325,0.001417677337467318
2021-04-16,0.009906285742739218,0.009864639454706564,0.007458017040446583
2021-04-19,-0.003243270633558004,-0.0006316257356708634,0.0005985050009997875
2021-04-20,-0.019764112315758697,-0.01923091497974835,-0.01937655850807243
2021-04-21,0.009123287980542294,0.005781542711755558,0.004280024415687089
2021-04-22,0.009654471709304113,0.008651620275537248,0.010260463520234504
2021-04-23,-0.0003636447599335568,-0.0014504711674925706,0.0018135233208108061
2021-04-26,0.0018662734370293865,0.0031749116035293405,0.006098533635515338
2021-04-27,-0.002218488676954289,-0.0011689331241553197,0.0012796777611566576
2021-04-28,0.0007777136247919536,-0.00041752555690887646,-0.004991223416850476
2021-04-29,-0.004515564483714596,-0.003521147563344453,-0.003608666235990417
2021-04-30,-0.00554427494892018,-0.0036970904248586384,-0.0015481188331728918
2021-05-03,0.006418032390591577,0.007181467741134378,0.008022543306713118
2021-05-04,-0.018861308918192488,-0.017531130676339813,-0.016340165272897136
2021-05-05,0.019871073437198516,0.015919508528682368,0.015014560470014008
2021-05-06,-0.0008369407256837436,0.0028071927944733526,0.0019481132770965007
2021-05-07,0.008703733401056235,0.009822683089080022,0.010282027844502096
2021-05-10,-0.002701840986552684,0.0017727855535845977,0.0011419813992558652
2021-05-11,-0.019210368751757412,-0.018906918089423415,-0.017634234202042635
2021-05-12,0.0003471495566509386,0.001522375549547927,-0.0016182684668224682
2021-05-13,,0.0006060948294422808,-0.0007720995885642942
2021-05-14,0.017735592576947568,0.017325534712362155,0.02149573822846283
2021-05-17,-0.0026384596050391673,-0.0007852267815150976,-0.0012811544359737992
2021-05-18,-0.0003743598364437384,-0.0004762337870489371,0.002427736635980217
2021-05-19,-0.01712715936544973,-0.0148142813960714,-0.01631967200185049
2021-05-20,0.0160462520157445,0.015291863657831284,0.01425034894739595
2021-05-21,0.006467674914974575,0.007206812702471751,0.0071033250657319994
2021-05-24,,0.0028077882896235646,0.003015014195580241
2021-05-25,0.002548576903380617,-0.0033585611108786664,-0.0019774910150220726
2021-05-26,-0.0010827734506525521,-2.038174446126303e-05,-0.0008697351664110847
2021-05-27,0.001870202458503778,0.003739476492511797,0.005646662067244774
2021-05-28,0.007761443030368964,0.00800570007026448,0.006208562250100423
2021-05-31,-0.0076402503707661,-0.007744861765379119,-0.005946426152419355
2021-06-01,0.007993652446552924,0.00834881617412018,0.007952348524963293
2021-06-02,0.004113710321115072,0.005202983433473967,0.004336151028656222
2021-06-03,-0.0022648917695976545,-0.0010384130184304952,-0.0011206823318141003
2021-06-04,0.0024857309265591265,0.0016741502153878676,-0.00012146494594080087
2021-06-07,0.002022316154676629,0.0031499249702644106,0.0031559731744838053
2021-06-08,-0.0004002625991059716,-0.0007123031590044512,-0.00025775105281978665
2021-06-09,0.00020515869053250313,-0.0006557326913848979,-0.0004424633554322633
2021-06-10,-0.000190457053915849,-0.0020251484945192294,-0.002213863026303332
2021-06-11,0.007477990443553573,0.007399461045348239,0.007621540110358441
2021-06-14,0.001446610298279749,0.00012270921160679698,0.003722068019659055
2021-06-15,0.0026254451008149715,0.0019508076837493572,0.00119715182904643
2021-06-16,0.001988586023532468,0.0010254595916385464,0.0014798760295408964
2021-06-17,0.0015367871359637242,0.001338753557065557,0.0014259130641384684
2021-06-18,-0.017981601758603527,-0.016322495007098082,-0.0149737761501602
2021-06-21,0.007092171458921381,0.007006731367770841,0.00938913505103822
2021-06-22,0.002626200911686638,0.0027290393343095,0.005105387312197728
2021-06-23,-0.011445174743237696,-0.010521473768806624,-0.012492656478066412
2021-06-24,0.011406015709984674,0.011454437518018631,0.013786478704121974
2021-06-25,-0.00042936324556919203,1.2865469219363823e-05,-0.0013523315681091452
2021-06-28,-0.007462455731814144,-0.010563659294289597,-0.012338992329945146
2021-06-29,0.004303237572143237,0.0038911041729898146,0.0034128328724018094
2021-06-30,-0.010519686978633147,-0.009504682687823788,-0.011003563930736093
2021-07-01,0.0035897556342054937,0.0052801209354533425,0.00424427303697779
